sido,sigungu,cityGubun,marketType,userType,ageGroup,gender,dtYearMonth,userCount,useCount,useCost
제주도,제주시,읍면,유흥,제주도민,60대이상,여,2018-12-01,23,29,4240100
제주도,제주시,읍면,유흥,제주도민,60대이상,남,2018-12-01,114,190,27414000
제주도,제주시,읍면,유흥,제주도민,50대,여,2018-12-01,52,71,6848000
제주도,제주시,읍면,유흥,제주도민,50대,남,2018-12-01,259,458,91468500
제주도,제주시,읍면,유흥,제주도민,40대,여,2018-12-01,77,99,10021600
제주도,제주시,읍면,유흥,제주도민,40대,남,2018-12-01,238,375,63455500
제주도,제주시,읍면,유흥,제주도민,30대,여,2018-12-01,43,61,8359000
제주도,제주시,읍면,유흥,제주도민,30대,남,2018-12-01,129,188,25670700
제주도,제주시,읍면,유흥,제주도민,20대미만,남,2018-12-01,1,3,680000
제주도,제주시,읍면,유흥,제주도민,20대,여,2018-12-01,38,43,2391000
제주도,제주시,읍면,유흥,제주도민,20대,남,2018-12-01,67,103,11171600
제주도,제주시,읍면,유흥,내국인관광객,60대이상,여,2018-12-01,16,21,4474000
제주도,제주시,읍면,유흥,내국인관광객,60대이상,남,2018-12-01,45,59,8459100
제주도,제주시,읍면,유흥,내국인관광객,50대,여,2018-12-01,38,47,4403500
제주도,제주시,읍면,유흥,내국인관광객,50대,남,2018-12-01,136,174,23659532
제주도,제주시,읍면,유흥,내국인관광객,40대,여,2018-12-01,60,74,5511100
제주도,제주시,읍면,유흥,내국인관광객,40대,남,2018-12-01,126,187,25387500
제주도,제주시,읍면,유흥,내국인관광객,30대,여,2018-12-01,97,104,3084850
제주도,제주시,읍면,유흥,내국인관광객,30대,남,2018-12-01,147,180,14373060
제주도,제주시,읍면,유흥,내국인관광객,20대미만,여,2018-12-01,2,2,62000
제주도,제주시,읍면,유흥,내국인관광객,20대미만,남,2018-12-01,1,2,360000
제주도,제주시,읍면,유흥,내국인관광객,20대,여,2018-12-01,162,173,4591600
제주도,제주시,읍면,유흥,내국인관광객,20대,남,2018-12-01,91,108,3988600
제주도,제주시,읍면,식음료,제주도민,60대이상,여,2018-12-01,1165,2047,73671600
제주도,제주시,읍면,식음료,제주도민,60대이상,남,2018-12-01,2665,5781,213324525
제주도,제주시,읍면,식음료,제주도민,50대,여,2018-12-01,2604,4970,166440225
제주도,제주시,읍면,식음료,제주도민,50대,남,2018-12-01,4486,10258,358365895
제주도,제주시,읍면,식음료,제주도민,40대,여,2018-12-01,3500,7412,207099310
제주도,제주시,읍면,식음료,제주도민,40대,남,2018-12-01,4946,11545,361482317
제주도,제주시,읍면,식음료,제주도민,30대,여,2018-12-01,2867,5816,145715448
제주도,제주시,읍면,식음료,제주도민,30대,남,2018-12-01,3481,7079,195746704
제주도,제주시,읍면,식음료,제주도민,20대미만,여,2018-12-01,101,167,2601980
제주도,제주시,읍면,식음료,제주도민,20대미만,남,2018-12-01,115,235,4424340
제주도,제주시,읍면,식음료,제주도민,20대,여,2018-12-01,2098,3394,74200818
제주도,제주시,읍면,식음료,제주도민,20대,남,2018-12-01,1831,3433,79722220
제주도,제주시,읍면,식음료,내국인관광객,60대이상,여,2018-12-01,1439,2077,79170850
제주도,제주시,읍면,식음료,내국인관광객,60대이상,남,2018-12-01,2406,3860,151889500
제주도,제주시,읍면,식음료,내국인관광객,50대,여,2018-12-01,4060,5973,195317360
제주도,제주시,읍면,식음료,내국인관광객,50대,남,2018-12-01,5587,9062,325086394
제주도,제주시,읍면,식음료,내국인관광객,40대,여,2018-12-01,5423,8336,258896960
제주도,제주시,읍면,식음료,내국인관광객,40대,남,2018-12-01,6720,11155,377360139
제주도,제주시,읍면,식음료,내국인관광객,30대,여,2018-12-01,9107,14294,377362353
제주도,제주시,읍면,식음료,내국인관광객,30대,남,2018-12-01,9316,14616,415892612
제주도,제주시,읍면,식음료,내국인관광객,20대미만,여,2018-12-01,180,293,6309450
제주도,제주시,읍면,식음료,내국인관광객,20대미만,남,2018-12-01,148,231,5042150
제주도,제주시,읍면,식음료,내국인관광객,20대,여,2018-12-01,11321,17650,407825240
제주도,제주시,읍면,식음료,내국인관광객,20대,남,2018-12-01,7095,10669,258732290
제주도,제주시,읍면,숙박,제주도민,60대이상,여,2018-12-01,25,34,12606520
제주도,제주시,읍면,숙박,제주도민,60대이상,남,2018-12-01,54,85,6589600
제주도,제주시,읍면,숙박,제주도민,50대,여,2018-12-01,58,87,10094930
제주도,제주시,읍면,숙박,제주도민,50대,남,2018-12-01,126,173,15627350
제주도,제주시,읍면,숙박,제주도민,40대,여,2018-12-01,89,124,5899540
제주도,제주시,읍면,숙박,제주도민,40대,남,2018-12-01,155,225,10676990
제주도,제주시,읍면,숙박,제주도민,30대,여,2018-12-01,81,123,4549300
제주도,제주시,읍면,숙박,제주도민,30대,남,2018-12-01,144,228,12784232
제주도,제주시,읍면,숙박,제주도민,20대미만,여,2018-12-01,2,2,180000
제주도,제주시,읍면,숙박,제주도민,20대미만,남,2018-12-01,3,4,237500
제주도,제주시,읍면,숙박,제주도민,20대,여,2018-12-01,70,90,4288640
제주도,제주시,읍면,숙박,제주도민,20대,남,2018-12-01,95,115,4889050
제주도,제주시,읍면,숙박,내국인관광객,60대이상,여,2018-12-01,94,129,12809940
제주도,제주시,읍면,숙박,내국인관광객,60대이상,남,2018-12-01,191,279,26505163
제주도,제주시,읍면,숙박,내국인관광객,50대,여,2018-12-01,307,367,33190942
제주도,제주시,읍면,숙박,내국인관광객,50대,남,2018-12-01,493,665,72294220
제주도,제주시,읍면,숙박,내국인관광객,40대,여,2018-12-01,397,503,41856976
제주도,제주시,읍면,숙박,내국인관광객,40대,남,2018-12-01,563,744,67920126
제주도,제주시,읍면,숙박,내국인관광객,30대,여,2018-12-01,510,617,51997841
제주도,제주시,읍면,숙박,내국인관광객,30대,남,2018-12-01,479,673,50017075
제주도,제주시,읍면,숙박,내국인관광객,20대미만,여,2018-12-01,7,9,113220
제주도,제주시,읍면,숙박,내국인관광객,20대미만,남,2018-12-01,18,23,1438600
제주도,제주시,읍면,숙박,내국인관광객,20대,여,2018-12-01,374,417,22011699
제주도,제주시,읍면,숙박,내국인관광객,20대,남,2018-12-01,292,351,20634113
제주도,제주시,읍면,쇼핑,제주도민,60대이상,여,2018-12-01,1582,5203,206633645
제주도,제주시,읍면,쇼핑,제주도민,60대이상,남,2018-12-01,2788,9280,325061286
제주도,제주시,읍면,쇼핑,제주도민,50대,여,2018-12-01,2858,9611,334957857
제주도,제주시,읍면,쇼핑,제주도민,50대,남,2018-12-01,4703,16323,380996152
제주도,제주시,읍면,쇼핑,제주도민,40대,여,2018-12-01,3648,12876,306738635
제주도,제주시,읍면,쇼핑,제주도민,40대,남,2018-12-01,6228,22235,397200573
제주도,제주시,읍면,쇼핑,제주도민,30대,여,2018-12-01,2667,8946,175275932
제주도,제주시,읍면,쇼핑,제주도민,30대,남,2018-12-01,4522,15748,240466187
제주도,제주시,읍면,쇼핑,제주도민,20대미만,여,2018-12-01,139,455,2052150
제주도,제주시,읍면,쇼핑,제주도민,20대미만,남,2018-12-01,200,799,4063460
제주도,제주시,읍면,쇼핑,제주도민,20대,여,2018-12-01,1653,4746,52189720
제주도,제주시,읍면,쇼핑,제주도민,20대,남,2018-12-01,2574,9303,92025830
제주도,제주시,읍면,쇼핑,내국인관광객,60대이상,여,2018-12-01,861,2059,52438060
제주도,제주시,읍면,쇼핑,내국인관광객,60대이상,남,2018-12-01,1489,3762,77651290
제주도,제주시,읍면,쇼핑,내국인관광객,50대,여,2018-12-01,1850,3913,75992540
제주도,제주시,읍면,쇼핑,내국인관광객,50대,남,2018-12-01,3388,7895,145519930
제주도,제주시,읍면,쇼핑,내국인관광객,40대,여,2018-12-01,2593,5300,99499290
제주도,제주시,읍면,쇼핑,내국인관광객,40대,남,2018-12-01,4618,11726,193623523
제주도,제주시,읍면,쇼핑,내국인관광객,30대,여,2018-12-01,3689,6698,108961860
제주도,제주시,읍면,쇼핑,내국인관광객,30대,남,2018-12-01,5290,11327,158404000
제주도,제주시,읍면,쇼핑,내국인관광객,20대미만,여,2018-12-01,90,155,1398450
제주도,제주시,읍면,쇼핑,내국인관광객,20대미만,남,2018-12-01,110,256,3069910
제주도,제주시,읍면,쇼핑,내국인관광객,20대,여,2018-12-01,4314,7380,78250520
제주도,제주시,읍면,쇼핑,내국인관광객,20대,남,2018-12-01,4298,8487,88237800
제주도,제주시,읍면,소매,제주도민,60대이상,여,2018-12-01,352,499,45362418
제주도,제주시,읍면,소매,제주도민,60대이상,남,2018-12-01,455,674,54944468
제주도,제주시,읍면,소매,제주도민,50대,여,2018-12-01,551,814,91455900
제주도,제주시,읍면,소매,제주도민,50대,남,2018-12-01,793,1136,87242050
제주도,제주시,읍면,소매,제주도민,40대,여,2018-12-01,605,908,52214818
제주도,제주시,읍면,소매,제주도민,40대,남,2018-12-01,876,1421,85809709
제주도,제주시,읍면,소매,제주도민,30대,여,2018-12-01,415,559,19368472
제주도,제주시,읍면,소매,제주도민,30대,남,2018-12-01,549,800,30633549
제주도,제주시,읍면,소매,제주도민,20대미만,여,2018-12-01,21,22,460100
제주도,제주시,읍면,소매,제주도민,20대미만,남,2018-12-01,17,19,891350
제주도,제주시,읍면,소매,제주도민,20대,여,2018-12-01,253,316,7277936
제주도,제주시,읍면,소매,제주도민,20대,남,2018-12-01,309,455,11192127
제주도,제주시,읍면,소매,내국인관광객,60대이상,여,2018-12-01,364,431,25605260
제주도,제주시,읍면,소매,내국인관광객,60대이상,남,2018-12-01,449,543,29258380
제주도,제주시,읍면,소매,내국인관광객,50대,여,2018-12-01,821,1011,42650004
제주도,제주시,읍면,소매,내국인관광객,50대,남,2018-12-01,894,1095,46510728
제주도,제주시,읍면,소매,내국인관광객,40대,여,2018-12-01,878,1055,33348670
제주도,제주시,읍면,소매,내국인관광객,40대,남,2018-12-01,966,1233,39875744
제주도,제주시,읍면,소매,내국인관광객,30대,여,2018-12-01,1288,1496,41784812
제주도,제주시,읍면,소매,내국인관광객,30대,남,2018-12-01,1173,1435,45362981
제주도,제주시,읍면,소매,내국인관광객,20대미만,여,2018-12-01,59,69,1313330
제주도,제주시,읍면,소매,내국인관광객,20대미만,남,2018-12-01,39,52,911950
제주도,제주시,읍면,소매,내국인관광객,20대,여,2018-12-01,1982,2235,49819370
제주도,제주시,읍면,소매,내국인관광객,20대,남,2018-12-01,906,1033,25949630
제주도,제주시,읍면,문화/레져,제주도민,60대이상,여,2018-12-01,132,184,14549585
제주도,제주시,읍면,문화/레져,제주도민,60대이상,남,2018-12-01,456,657,59904433
제주도,제주시,읍면,문화/레져,제주도민,50대,여,2018-12-01,362,471,42665895
제주도,제주시,읍면,문화/레져,제주도민,50대,남,2018-12-01,1123,1475,134603945
제주도,제주시,읍면,문화/레져,제주도민,40대,여,2018-12-01,505,684,53684750
제주도,제주시,읍면,문화/레져,제주도민,40대,남,2018-12-01,1075,1452,104342197
제주도,제주시,읍면,문화/레져,제주도민,30대,여,2018-12-01,498,677,17751410
제주도,제주시,읍면,문화/레져,제주도민,30대,남,2018-12-01,529,756,30211280
제주도,제주시,읍면,문화/레져,제주도민,20대미만,여,2018-12-01,17,26,241900
제주도,제주시,읍면,문화/레져,제주도민,20대미만,남,2018-12-01,39,139,918590
제주도,제주시,읍면,문화/레져,제주도민,20대,여,2018-12-01,169,243,3532100
제주도,제주시,읍면,문화/레져,제주도민,20대,남,2018-12-01,224,698,7486110
제주도,제주시,읍면,문화/레져,내국인관광객,60대이상,여,2018-12-01,329,427,33559556
제주도,제주시,읍면,문화/레져,내국인관광객,60대이상,남,2018-12-01,798,1143,145922497
제주도,제주시,읍면,문화/레져,내국인관광객,50대,여,2018-12-01,825,1018,58400300
제주도,제주시,읍면,문화/레져,내국인관광객,50대,남,2018-12-01,1630,2052,205865840
제주도,제주시,읍면,문화/레져,내국인관광객,40대,여,2018-12-01,1083,1400,57508545
제주도,제주시,읍면,문화/레져,내국인관광객,40대,남,2018-12-01,1578,2006,122473935
제주도,제주시,읍면,문화/레져,내국인관광객,30대,여,2018-12-01,1159,1441,44757300
제주도,제주시,읍면,문화/레져,내국인관광객,30대,남,2018-12-01,1165,1445,48655890
제주도,제주시,읍면,문화/레져,내국인관광객,20대미만,여,2018-12-01,31,33,629900
제주도,제주시,읍면,문화/레져,내국인관광객,20대미만,남,2018-12-01,31,34,727700
제주도,제주시,읍면,문화/레져,내국인관광객,20대,여,2018-12-01,969,1114,18900235
제주도,제주시,읍면,문화/레져,내국인관광객,20대,남,2018-12-01,716,967,17121310
제주도,제주시,읍면,교통,제주도민,60대이상,여,2018-12-01,1281,2355,219347989
제주도,제주시,읍면,교통,제주도민,60대이상,남,2018-12-01,4168,9866,921060041
제주도,제주시,읍면,교통,제주도민,50대,여,2018-12-01,1378,2288,170954860
제주도,제주시,읍면,교통,제주도민,50대,남,2018-12-01,3031,6292,531541227
제주도,제주시,읍면,교통,제주도민,40대,여,2018-12-01,1346,2182,150404194
제주도,제주시,읍면,교통,제주도민,40대,남,2018-12-01,2543,4746,401682962
제주도,제주시,읍면,교통,제주도민,30대,여,2018-12-01,917,1395,79875110
제주도,제주시,읍면,교통,제주도민,30대,남,2018-12-01,1321,2189,127771280
제주도,제주시,읍면,교통,제주도민,20대미만,여,2018-12-01,4,7,256358
제주도,제주시,읍면,교통,제주도민,20대미만,남,2018-12-01,11,13,556617
제주도,제주시,읍면,교통,제주도민,20대,여,2018-12-01,300,409,19972931
제주도,제주시,읍면,교통,제주도민,20대,남,2018-12-01,469,738,33131050
제주도,제주시,읍면,교통,내국인관광객,60대이상,여,2018-12-01,451,559,28560555
제주도,제주시,읍면,교통,내국인관광객,60대이상,남,2018-12-01,1181,1467,85914244
제주도,제주시,읍면,교통,내국인관광객,50대,여,2018-12-01,1129,1420,70322221
제주도,제주시,읍면,교통,내국인관광객,50대,남,2018-12-01,2610,3239,187875865
제주도,제주시,읍면,교통,내국인관광객,40대,여,2018-12-01,1337,1680,73711183
제주도,제주시,읍면,교통,내국인관광객,40대,남,2018-12-01,2857,3627,197872983
제주도,제주시,읍면,교통,내국인관광객,30대,여,2018-12-01,1562,1890,63559241
제주도,제주시,읍면,교통,내국인관광객,30대,남,2018-12-01,2864,3384,142231817
제주도,제주시,읍면,교통,내국인관광객,20대미만,여,2018-12-01,14,17,392900
제주도,제주시,읍면,교통,내국인관광객,20대미만,남,2018-12-01,25,29,705703
제주도,제주시,읍면,교통,내국인관광객,20대,여,2018-12-01,1719,2009,50911641
제주도,제주시,읍면,교통,내국인관광객,20대,남,2018-12-01,1695,1942,68591961
제주도,제주시,도심,유흥,제주도민,60대이상,여,2018-12-01,294,378,43409110
제주도,제주시,도심,유흥,제주도민,60대이상,남,2018-12-01,1252,1843,236672289
제주도,제주시,도심,유흥,제주도민,50대,여,2018-12-01,948,1194,101733275
제주도,제주시,도심,유흥,제주도민,50대,남,2018-12-01,4030,6047,879301490
제주도,제주시,도심,유흥,제주도민,40대,여,2018-12-01,1390,1712,149290960
제주도,제주시,도심,유흥,제주도민,40대,남,2018-12-01,4601,6753,1087845622
제주도,제주시,도심,유흥,제주도민,30대,여,2018-12-01,1047,1304,83918573
제주도,제주시,도심,유흥,제주도민,30대,남,2018-12-01,2963,3965,486783855
제주도,제주시,도심,유흥,제주도민,20대미만,여,2018-12-01,42,63,2430900
제주도,제주시,도심,유흥,제주도민,20대미만,남,2018-12-01,69,93,4791510
제주도,제주시,도심,유흥,제주도민,20대,여,2018-12-01,1627,2274,101603580
제주도,제주시,도심,유흥,제주도민,20대,남,2018-12-01,2401,3556,232900740
제주도,제주시,도심,유흥,내국인관광객,60대이상,여,2018-12-01,76,98,15906200
제주도,제주시,도심,유흥,내국인관광객,60대이상,남,2018-12-01,234,294,43076000
제주도,제주시,도심,유흥,내국인관광객,50대,여,2018-12-01,207,237,32006400
제주도,제주시,도심,유흥,내국인관광객,50대,남,2018-12-01,782,1052,177804380
제주도,제주시,도심,유흥,내국인관광객,40대,여,2018-12-01,220,256,27837373
제주도,제주시,도심,유흥,내국인관광객,40대,남,2018-12-01,913,1276,216974300
제주도,제주시,도심,유흥,내국인관광객,30대,여,2018-12-01,252,322,20334000
제주도,제주시,도심,유흥,내국인관광객,30대,남,2018-12-01,754,997,114918200
제주도,제주시,도심,유흥,내국인관광객,20대미만,여,2018-12-01,7,13,559700
제주도,제주시,도심,유흥,내국인관광객,20대미만,남,2018-12-01,4,6,585500
제주도,제주시,도심,유흥,내국인관광객,20대,여,2018-12-01,378,468,22051700
제주도,제주시,도심,유흥,내국인관광객,20대,남,2018-12-01,538,734,39909955
제주도,제주시,도심,식음료,제주도민,60대이상,여,2018-12-01,9619,16917,553040525
제주도,제주시,도심,식음료,제주도민,60대이상,남,2018-12-01,17456,34829,1386168632
제주도,제주시,도심,식음료,제주도민,50대,여,2018-12-01,22271,47983,1426704390
제주도,제주시,도심,식음료,제주도민,50대,남,2018-12-01,31612,73241,2677623804
제주도,제주시,도심,식음료,제주도민,40대,여,2018-12-01,32684,80019,2001259416
제주도,제주시,도심,식음료,제주도민,40대,남,2018-12-01,37971,91126,3072843541
제주도,제주시,도심,식음료,제주도민,30대,여,2018-12-01,26450,61995,1392458502
제주도,제주시,도심,식음료,제주도민,30대,남,2018-12-01,29911,71942,2012042808
제주도,제주시,도심,식음료,제주도민,20대미만,여,2018-12-01,1922,4526,54922167
제주도,제주시,도심,식음료,제주도민,20대미만,남,2018-12-01,1703,4087,59242442
제주도,제주시,도심,식음료,제주도민,20대,여,2018-12-01,22609,58885,1079710520
제주도,제주시,도심,식음료,제주도민,20대,남,2018-12-01,20183,52283,1177177852
제주도,제주시,도심,식음료,내국인관광객,60대이상,여,2018-12-01,3432,4683,169156209
제주도,제주시,도심,식음료,내국인관광객,60대이상,남,2018-12-01,6503,9620,384008936
제주도,제주시,도심,식음료,내국인관광객,50대,여,2018-12-01,8738,12195,401238930
제주도,제주시,도심,식음료,내국인관광객,50대,남,2018-12-01,15710,24658,973177635
제주도,제주시,도심,식음료,내국인관광객,40대,여,2018-12-01,11686,17544,530041047
제주도,제주시,도심,식음료,내국인관광객,40대,남,2018-12-01,18443,29954,998648314
제주도,제주시,도심,식음료,내국인관광객,30대,여,2018-12-01,15619,22925,562195533
제주도,제주시,도심,식음료,내국인관광객,30대,남,2018-12-01,20014,31667,889153494
제주도,제주시,도심,식음료,내국인관광객,20대미만,여,2018-12-01,468,739,11830740
제주도,제주시,도심,식음료,내국인관광객,20대미만,남,2018-12-01,438,644,11875570
제주도,제주시,도심,식음료,내국인관광객,20대,여,2018-12-01,17865,26709,536235139
제주도,제주시,도심,식음료,내국인관광객,20대,남,2018-12-01,14313,22758,496482176
제주도,제주시,도심,숙박,제주도민,60대이상,여,2018-12-01,241,354,57047747
제주도,제주시,도심,숙박,제주도민,60대이상,남,2018-12-01,431,596,249038339
제주도,제주시,도심,숙박,제주도민,50대,여,2018-12-01,374,522,161486158
제주도,제주시,도심,숙박,제주도민,50대,남,2018-12-01,855,1177,225591647
제주도,제주시,도심,숙박,제주도민,40대,여,2018-12-01,545,694,107319419
제주도,제주시,도심,숙박,제주도민,40대,남,2018-12-01,1051,1415,139464868
제주도,제주시,도심,숙박,제주도민,30대,여,2018-12-01,293,383,36885391
제주도,제주시,도심,숙박,제주도민,30대,남,2018-12-01,654,883,111992634
제주도,제주시,도심,숙박,제주도민,20대미만,여,2018-12-01,15,20,932992
제주도,제주시,도심,숙박,제주도민,20대미만,남,2018-12-01,21,24,1007100
제주도,제주시,도심,숙박,제주도민,20대,여,2018-12-01,395,512,21686651
제주도,제주시,도심,숙박,제주도민,20대,남,2018-12-01,601,791,34128787
제주도,제주시,도심,숙박,내국인관광객,60대이상,여,2018-12-01,210,250,36923649
제주도,제주시,도심,숙박,내국인관광객,60대이상,남,2018-12-01,523,649,75543214
제주도,제주시,도심,숙박,내국인관광객,50대,여,2018-12-01,501,610,74534806
제주도,제주시,도심,숙박,내국인관광객,50대,남,2018-12-01,1284,1669,201011932
제주도,제주시,도심,숙박,내국인관광객,40대,여,2018-12-01,697,864,104890474
제주도,제주시,도심,숙박,내국인관광객,40대,남,2018-12-01,1445,1893,240588664
제주도,제주시,도심,숙박,내국인관광객,30대,여,2018-12-01,722,853,72914516
제주도,제주시,도심,숙박,내국인관광객,30대,남,2018-12-01,1162,1396,147070430
제주도,제주시,도심,숙박,내국인관광객,20대미만,여,2018-12-01,18,19,1574244
제주도,제주시,도심,숙박,내국인관광객,20대미만,남,2018-12-01,22,23,1007050
제주도,제주시,도심,숙박,내국인관광객,20대,여,2018-12-01,653,710,58217084
제주도,제주시,도심,숙박,내국인관광객,20대,남,2018-12-01,696,788,54550691
제주도,제주시,도심,쇼핑,제주도민,60대이상,여,2018-12-01,11643,35344,1140045324
제주도,제주시,도심,쇼핑,제주도민,60대이상,남,2018-12-01,14851,45375,1237465171
제주도,제주시,도심,쇼핑,제주도민,50대,여,2018-12-01,21410,70176,1952295014
제주도,제주시,도심,쇼핑,제주도민,50대,남,2018-12-01,27486,91999,2034383049
제주도,제주시,도심,쇼핑,제주도민,40대,여,2018-12-01,28678,96631,2375472748
제주도,제주시,도심,쇼핑,제주도민,40대,남,2018-12-01,36807,130319,2529177251
제주도,제주시,도심,쇼핑,제주도민,30대,여,2018-12-01,23153,72339,1536281893
제주도,제주시,도심,쇼핑,제주도민,30대,남,2018-12-01,29813,109220,1660109894
제주도,제주시,도심,쇼핑,제주도민,20대미만,여,2018-12-01,1668,4677,29354205
제주도,제주시,도심,쇼핑,제주도민,20대미만,남,2018-12-01,1948,7113,36349007
제주도,제주시,도심,쇼핑,제주도민,20대,여,2018-12-01,19385,64178,780068567
제주도,제주시,도심,쇼핑,제주도민,20대,남,2018-12-01,21418,80876,783036288
제주도,제주시,도심,쇼핑,내국인관광객,60대이상,여,2018-12-01,4303,8326,368451592
제주도,제주시,도심,쇼핑,내국인관광객,60대이상,남,2018-12-01,6989,13782,546073169
제주도,제주시,도심,쇼핑,내국인관광객,50대,여,2018-12-01,10031,18756,802192882
제주도,제주시,도심,쇼핑,내국인관광객,50대,남,2018-12-01,17162,36775,1237493484
제주도,제주시,도심,쇼핑,내국인관광객,40대,여,2018-12-01,12572,24933,974289790
제주도,제주시,도심,쇼핑,내국인관광객,40대,남,2018-12-01,21145,48451,1365055576
제주도,제주시,도심,쇼핑,내국인관광객,30대,여,2018-12-01,14893,28317,930574225
제주도,제주시,도심,쇼핑,내국인관광객,30대,남,2018-12-01,21125,46716,1149478799
제주도,제주시,도심,쇼핑,내국인관광객,20대미만,여,2018-12-01,476,910,15848600
제주도,제주시,도심,쇼핑,내국인관광객,20대미만,남,2018-12-01,489,939,13383230
제주도,제주시,도심,쇼핑,내국인관광객,20대,여,2018-12-01,16635,31254,739091401
제주도,제주시,도심,쇼핑,내국인관광객,20대,남,2018-12-01,15990,35968,609065038
제주도,제주시,도심,소매,제주도민,60대이상,여,2018-12-01,5756,8683,922378446
제주도,제주시,도심,소매,제주도민,60대이상,남,2018-12-01,5386,7670,833806915
제주도,제주시,도심,소매,제주도민,50대,여,2018-12-01,8675,13509,1468331810
제주도,제주시,도심,소매,제주도민,50대,남,2018-12-01,7600,10998,1149335538
제주도,제주시,도심,소매,제주도민,40대,여,2018-12-01,10234,16491,1491994178
제주도,제주시,도심,소매,제주도민,40대,남,2018-12-01,8451,13173,1225929587
제주도,제주시,도심,소매,제주도민,30대,여,2018-12-01,6865,10606,750155871
제주도,제주시,도심,소매,제주도민,30대,남,2018-12-01,5594,8102,642098196
제주도,제주시,도심,소매,제주도민,20대미만,여,2018-12-01,449,701,19917133
제주도,제주시,도심,소매,제주도민,20대미만,남,2018-12-01,294,391,14259627
제주도,제주시,도심,소매,제주도민,20대,여,2018-12-01,4898,7142,399693376
제주도,제주시,도심,소매,제주도민,20대,남,2018-12-01,3511,5122,342044113
제주도,제주시,도심,소매,내국인관광객,60대이상,여,2018-12-01,2140,2622,166497679
제주도,제주시,도심,소매,내국인관광객,60대이상,남,2018-12-01,2664,3215,217688440
제주도,제주시,도심,소매,내국인관광객,50대,여,2018-12-01,4187,5163,292748713
제주도,제주시,도심,소매,내국인관광객,50대,남,2018-12-01,5518,6746,347418012
제주도,제주시,도심,소매,내국인관광객,40대,여,2018-12-01,4970,6250,292460152
제주도,제주시,도심,소매,내국인관광객,40대,남,2018-12-01,5899,7438,357681000
제주도,제주시,도심,소매,내국인관광객,30대,여,2018-12-01,6053,7661,267752588
제주도,제주시,도심,소매,내국인관광객,30대,남,2018-12-01,6219,7743,321956855
제주도,제주시,도심,소매,내국인관광객,20대미만,여,2018-12-01,244,312,6654800
제주도,제주시,도심,소매,내국인관광객,20대미만,남,2018-12-01,224,273,12858450
제주도,제주시,도심,소매,내국인관광객,20대,여,2018-12-01,7623,9729,267383947
제주도,제주시,도심,소매,내국인관광객,20대,남,2018-12-01,4694,5929,183468149
제주도,제주시,도심,문화/레져,제주도민,60대이상,여,2018-12-01,723,954,43761315
제주도,제주시,도심,문화/레져,제주도민,60대이상,남,2018-12-01,1481,2173,114074243
제주도,제주시,도심,문화/레져,제주도민,50대,여,2018-12-01,2330,3511,121853843
제주도,제주시,도심,문화/레져,제주도민,50대,남,2018-12-01,3445,5216,258571557
제주도,제주시,도심,문화/레져,제주도민,40대,여,2018-12-01,5783,8951,255991374
제주도,제주시,도심,문화/레져,제주도민,40대,남,2018-12-01,5755,8993,293794492
제주도,제주시,도심,문화/레져,제주도민,30대,여,2018-12-01,4642,6932,167153521
제주도,제주시,도심,문화/레져,제주도민,30대,남,2018-12-01,4312,7467,177800262
제주도,제주시,도심,문화/레져,제주도민,20대미만,여,2018-12-01,652,1105,10999380
제주도,제주시,도심,문화/레져,제주도민,20대미만,남,2018-12-01,979,3725,29304293
제주도,제주시,도심,문화/레져,제주도민,20대,여,2018-12-01,4373,7516,115637375
제주도,제주시,도심,문화/레져,제주도민,20대,남,2018-12-01,5696,18259,174029455
제주도,제주시,도심,문화/레져,내국인관광객,60대이상,여,2018-12-01,191,259,8986910
제주도,제주시,도심,문화/레져,내국인관광객,60대이상,남,2018-12-01,365,469,27837378
제주도,제주시,도심,문화/레져,내국인관광객,50대,여,2018-12-01,450,593,22504611
제주도,제주시,도심,문화/레져,내국인관광객,50대,남,2018-12-01,980,1356,70782520
제주도,제주시,도심,문화/레져,내국인관광객,40대,여,2018-12-01,864,1213,29942292
제주도,제주시,도심,문화/레져,내국인관광객,40대,남,2018-12-01,1380,2254,68461524
제주도,제주시,도심,문화/레져,내국인관광객,30대,여,2018-12-01,956,1355,28549214
제주도,제주시,도심,문화/레져,내국인관광객,30대,남,2018-12-01,1498,2543,53817587
제주도,제주시,도심,문화/레져,내국인관광객,20대미만,여,2018-12-01,64,115,765270
제주도,제주시,도심,문화/레져,내국인관광객,20대미만,남,2018-12-01,130,364,3328500
제주도,제주시,도심,문화/레져,내국인관광객,20대,여,2018-12-01,1303,2066,27136730
제주도,제주시,도심,문화/레져,내국인관광객,20대,남,2018-12-01,2037,5512,48363960
제주도,제주시,도심,교통,제주도민,60대이상,여,2018-12-01,3330,4602,315929713
제주도,제주시,도심,교통,제주도민,60대이상,남,2018-12-01,6972,10797,774914683
제주도,제주시,도심,교통,제주도민,50대,여,2018-12-01,6271,8818,543604041
제주도,제주시,도심,교통,제주도민,50대,남,2018-12-01,9818,15033,955434106
제주도,제주시,도심,교통,제주도민,40대,여,2018-12-01,7137,10052,566107425
제주도,제주시,도심,교통,제주도민,40대,남,2018-12-01,10425,15979,910548389
제주도,제주시,도심,교통,제주도민,30대,여,2018-12-01,4859,6554,318070602
제주도,제주시,도심,교통,제주도민,30대,남,2018-12-01,7071,10173,506279724
제주도,제주시,도심,교통,제주도민,20대미만,여,2018-12-01,32,30,1088993
제주도,제주시,도심,교통,제주도민,20대미만,남,2018-12-01,49,65,1822502
제주도,제주시,도심,교통,제주도민,20대,여,2018-12-01,2365,2927,123136292
제주도,제주시,도심,교통,제주도민,20대,남,2018-12-01,3348,4566,184249307
제주도,제주시,도심,교통,내국인관광객,60대이상,여,2018-12-01,1213,1415,113520500
제주도,제주시,도심,교통,내국인관광객,60대이상,남,2018-12-01,2713,3201,307446543
제주도,제주시,도심,교통,내국인관광객,50대,여,2018-12-01,3605,4009,349862624
제주도,제주시,도심,교통,내국인관광객,50대,남,2018-12-01,7137,8333,713661875
제주도,제주시,도심,교통,내국인관광객,40대,여,2018-12-01,5080,5694,532932776
제주도,제주시,도심,교통,내국인관광객,40대,남,2018-12-01,8804,10291,839732240
제주도,제주시,도심,교통,내국인관광객,30대,여,2018-12-01,6585,7222,572301729
제주도,제주시,도심,교통,내국인관광객,30대,남,2018-12-01,9663,10985,834413947
제주도,제주시,도심,교통,내국인관광객,20대미만,여,2018-12-01,86,92,11689873
제주도,제주시,도심,교통,내국인관광객,20대미만,남,2018-12-01,92,98,21069287
제주도,제주시,도심,교통,내국인관광객,20대,여,2018-12-01,6422,6699,656213783
제주도,제주시,도심,교통,내국인관광객,20대,남,2018-12-01,6079,6704,578871199
제주도,서귀포시,읍면,유흥,제주도민,60대이상,여,2018-12-01,47,60,6570841
제주도,서귀포시,읍면,유흥,제주도민,60대이상,남,2018-12-01,210,366,49322800
제주도,서귀포시,읍면,유흥,제주도민,50대,여,2018-12-01,102,171,21728900
제주도,서귀포시,읍면,유흥,제주도민,50대,남,2018-12-01,432,891,142172627
제주도,서귀포시,읍면,유흥,제주도민,40대,여,2018-12-01,84,108,8758800
제주도,서귀포시,읍면,유흥,제주도민,40대,남,2018-12-01,373,688,119203440
제주도,서귀포시,읍면,유흥,제주도민,30대,여,2018-12-01,55,74,4412660
제주도,서귀포시,읍면,유흥,제주도민,30대,남,2018-12-01,159,254,37684060
제주도,서귀포시,읍면,유흥,제주도민,20대미만,여,2018-12-01,3,6,394900
제주도,서귀포시,읍면,유흥,제주도민,20대미만,남,2018-12-01,12,17,1855800
제주도,서귀포시,읍면,유흥,제주도민,20대,여,2018-12-01,35,41,2113900
제주도,서귀포시,읍면,유흥,제주도민,20대,남,2018-12-01,89,123,10981100
제주도,서귀포시,읍면,유흥,내국인관광객,60대이상,여,2018-12-01,28,34,3226000
제주도,서귀포시,읍면,유흥,내국인관광객,60대이상,남,2018-12-01,53,81,8580250
제주도,서귀포시,읍면,유흥,내국인관광객,50대,여,2018-12-01,49,71,7897650
제주도,서귀포시,읍면,유흥,내국인관광객,50대,남,2018-12-01,155,251,41592200
제주도,서귀포시,읍면,유흥,내국인관광객,40대,여,2018-12-01,40,51,4916950
제주도,서귀포시,읍면,유흥,내국인관광객,40대,남,2018-12-01,132,183,26718100
제주도,서귀포시,읍면,유흥,내국인관광객,30대,여,2018-12-01,38,43,2882900
제주도,서귀포시,읍면,유흥,내국인관광객,30대,남,2018-12-01,85,121,12365400
제주도,서귀포시,읍면,유흥,내국인관광객,20대미만,남,2018-12-01,1,1,200000
제주도,서귀포시,읍면,유흥,내국인관광객,20대,여,2018-12-01,48,55,3783800
제주도,서귀포시,읍면,유흥,내국인관광객,20대,남,2018-12-01,52,64,2699800
제주도,서귀포시,읍면,식음료,제주도민,60대이상,여,2018-12-01,986,1926,79000423
제주도,서귀포시,읍면,식음료,제주도민,60대이상,남,2018-12-01,2320,5211,242554215
제주도,서귀포시,읍면,식음료,제주도민,50대,여,2018-12-01,2032,4370,158871967
제주도,서귀포시,읍면,식음료,제주도민,50대,남,2018-12-01,3408,8330,357500718
제주도,서귀포시,읍면,식음료,제주도민,40대,여,2018-12-01,2496,6171,179087496
제주도,서귀포시,읍면,식음료,제주도민,40대,남,2018-12-01,3699,9136,334151540
제주도,서귀포시,읍면,식음료,제주도민,30대,여,2018-12-01,2075,4473,109337832
제주도,서귀포시,읍면,식음료,제주도민,30대,남,2018-12-01,2299,5152,146072809
제주도,서귀포시,읍면,식음료,제주도민,20대미만,여,2018-12-01,86,258,4359405
제주도,서귀포시,읍면,식음료,제주도민,20대미만,남,2018-12-01,104,219,4279200
제주도,서귀포시,읍면,식음료,제주도민,20대,여,2018-12-01,1245,2532,57768319
제주도,서귀포시,읍면,식음료,제주도민,20대,남,2018-12-01,1311,2844,73010380
제주도,서귀포시,읍면,식음료,내국인관광객,60대이상,여,2018-12-01,1409,2127,87291053
제주도,서귀포시,읍면,식음료,내국인관광객,60대이상,남,2018-12-01,2345,3479,176581010
제주도,서귀포시,읍면,식음료,내국인관광객,50대,여,2018-12-01,3384,4869,201531403
제주도,서귀포시,읍면,식음료,내국인관광객,50대,남,2018-12-01,5041,7928,346584389
제주도,서귀포시,읍면,식음료,내국인관광객,40대,여,2018-12-01,4718,7379,258070980
제주도,서귀포시,읍면,식음료,내국인관광객,40대,남,2018-12-01,6278,10226,381165486
제주도,서귀포시,읍면,식음료,내국인관광객,30대,여,2018-12-01,6356,9457,292058067
제주도,서귀포시,읍면,식음료,내국인관광객,30대,남,2018-12-01,7074,10940,353643467
제주도,서귀포시,읍면,식음료,내국인관광객,20대미만,여,2018-12-01,194,284,5451330
제주도,서귀포시,읍면,식음료,내국인관광객,20대미만,남,2018-12-01,150,237,4780450
제주도,서귀포시,읍면,식음료,내국인관광객,20대,여,2018-12-01,6503,9245,244571477
제주도,서귀포시,읍면,식음료,내국인관광객,20대,남,2018-12-01,4750,7130,188086043
제주도,서귀포시,읍면,숙박,제주도민,60대이상,여,2018-12-01,29,34,2439941
제주도,서귀포시,읍면,숙박,제주도민,60대이상,남,2018-12-01,63,80,4701850
제주도,서귀포시,읍면,숙박,제주도민,50대,여,2018-12-01,77,102,4185050
제주도,서귀포시,읍면,숙박,제주도민,50대,남,2018-12-01,128,182,10182200
제주도,서귀포시,읍면,숙박,제주도민,40대,여,2018-12-01,212,352,24023687
제주도,서귀포시,읍면,숙박,제주도민,40대,남,2018-12-01,277,447,26425062
제주도,서귀포시,읍면,숙박,제주도민,30대,여,2018-12-01,234,355,14575555
제주도,서귀포시,읍면,숙박,제주도민,30대,남,2018-12-01,187,247,12595342
제주도,서귀포시,읍면,숙박,제주도민,20대미만,여,2018-12-01,6,7,86900
제주도,서귀포시,읍면,숙박,제주도민,20대미만,남,2018-12-01,3,7,74100
제주도,서귀포시,읍면,숙박,제주도민,20대,여,2018-12-01,122,160,4456230
제주도,서귀포시,읍면,숙박,제주도민,20대,남,2018-12-01,114,161,5657570
제주도,서귀포시,읍면,숙박,내국인관광객,60대이상,여,2018-12-01,209,264,16299300
제주도,서귀포시,읍면,숙박,내국인관광객,60대이상,남,2018-12-01,321,412,29124803
제주도,서귀포시,읍면,숙박,내국인관광객,50대,여,2018-12-01,600,744,36573517
제주도,서귀포시,읍면,숙박,내국인관광객,50대,남,2018-12-01,736,996,74464508
제주도,서귀포시,읍면,숙박,내국인관광객,40대,여,2018-12-01,903,1250,76175753
제주도,서귀포시,읍면,숙박,내국인관광객,40대,남,2018-12-01,969,1412,98305015
제주도,서귀포시,읍면,숙박,내국인관광객,30대,여,2018-12-01,1193,1544,75026835
제주도,서귀포시,읍면,숙박,내국인관광객,30대,남,2018-12-01,1116,1475,83224178
제주도,서귀포시,읍면,숙박,내국인관광객,20대미만,여,2018-12-01,33,39,761662
제주도,서귀포시,읍면,숙박,내국인관광객,20대미만,남,2018-12-01,19,26,472200
제주도,서귀포시,읍면,숙박,내국인관광객,20대,여,2018-12-01,1162,1384,40486021
제주도,서귀포시,읍면,숙박,내국인관광객,20대,남,2018-12-01,639,737,24850941
제주도,서귀포시,읍면,쇼핑,제주도민,60대이상,여,2018-12-01,1018,3802,143623875
제주도,서귀포시,읍면,쇼핑,제주도민,60대이상,남,2018-12-01,1865,6828,172979114
제주도,서귀포시,읍면,쇼핑,제주도민,50대,여,2018-12-01,1930,7797,221978244
제주도,서귀포시,읍면,쇼핑,제주도민,50대,남,2018-12-01,3208,12455,262278029
제주도,서귀포시,읍면,쇼핑,제주도민,40대,여,2018-12-01,2327,9527,195082056
제주도,서귀포시,읍면,쇼핑,제주도민,40대,남,2018-12-01,4231,16111,273983074
제주도,서귀포시,읍면,쇼핑,제주도민,30대,여,2018-12-01,1877,6734,109519543
제주도,서귀포시,읍면,쇼핑,제주도민,30대,남,2018-12-01,3088,11043,144087712
제주도,서귀포시,읍면,쇼핑,제주도민,20대미만,여,2018-12-01,93,427,2633890
제주도,서귀포시,읍면,쇼핑,제주도민,20대미만,남,2018-12-01,141,614,3328294
제주도,서귀포시,읍면,쇼핑,제주도민,20대,여,2018-12-01,1091,4428,40826737
제주도,서귀포시,읍면,쇼핑,제주도민,20대,남,2018-12-01,1882,8289,78588174
제주도,서귀포시,읍면,쇼핑,내국인관광객,60대이상,여,2018-12-01,821,1950,40171624
제주도,서귀포시,읍면,쇼핑,내국인관광객,60대이상,남,2018-12-01,1344,3070,56524830
제주도,서귀포시,읍면,쇼핑,내국인관광객,50대,여,2018-12-01,1866,4365,89458586
제주도,서귀포시,읍면,쇼핑,내국인관광객,50대,남,2018-12-01,3148,7599,122020390
제주도,서귀포시,읍면,쇼핑,내국인관광객,40대,여,2018-12-01,2812,6109,98634412
제주도,서귀포시,읍면,쇼핑,내국인관광객,40대,남,2018-12-01,4814,11382,158515566
제주도,서귀포시,읍면,쇼핑,내국인관광객,30대,여,2018-12-01,3291,6373,88898794
제주도,서귀포시,읍면,쇼핑,내국인관광객,30대,남,2018-12-01,5103,10699,128436479
제주도,서귀포시,읍면,쇼핑,내국인관광객,20대미만,여,2018-12-01,124,285,1970892
제주도,서귀포시,읍면,쇼핑,내국인관광객,20대미만,남,2018-12-01,168,392,3123890
제주도,서귀포시,읍면,쇼핑,내국인관광객,20대,여,2018-12-01,3343,6515,63852358
제주도,서귀포시,읍면,쇼핑,내국인관광객,20대,남,2018-12-01,3688,8309,78835458
제주도,서귀포시,읍면,소매,제주도민,60대이상,여,2018-12-01,419,800,49575503
제주도,서귀포시,읍면,소매,제주도민,60대이상,남,2018-12-01,597,986,65086069
제주도,서귀포시,읍면,소매,제주도민,50대,여,2018-12-01,759,1419,84919818
제주도,서귀포시,읍면,소매,제주도민,50대,남,2018-12-01,847,1574,109107105
제주도,서귀포시,읍면,소매,제주도민,40대,여,2018-12-01,715,1240,52322736
제주도,서귀포시,읍면,소매,제주도민,40대,남,2018-12-01,871,1627,82806987
제주도,서귀포시,읍면,소매,제주도민,30대,여,2018-12-01,546,1068,41578945
제주도,서귀포시,읍면,소매,제주도민,30대,남,2018-12-01,545,948,27689648
제주도,서귀포시,읍면,소매,제주도민,20대미만,여,2018-12-01,21,40,328860
제주도,서귀포시,읍면,소매,제주도민,20대미만,남,2018-12-01,22,40,616270
제주도,서귀포시,읍면,소매,제주도민,20대,여,2018-12-01,222,314,9639160
제주도,서귀포시,읍면,소매,제주도민,20대,남,2018-12-01,278,492,11681404
제주도,서귀포시,읍면,소매,내국인관광객,60대이상,여,2018-12-01,655,857,80525096
제주도,서귀포시,읍면,소매,내국인관광객,60대이상,남,2018-12-01,775,1014,72834494
제주도,서귀포시,읍면,소매,내국인관광객,50대,여,2018-12-01,1143,1443,91702166
제주도,서귀포시,읍면,소매,내국인관광객,50대,남,2018-12-01,1354,1831,113404037
제주도,서귀포시,읍면,소매,내국인관광객,40대,여,2018-12-01,1422,1958,78849640
제주도,서귀포시,읍면,소매,내국인관광객,40대,남,2018-12-01,1727,2367,95811462
제주도,서귀포시,읍면,소매,내국인관광객,30대,여,2018-12-01,1636,2032,62275128
제주도,서귀포시,읍면,소매,내국인관광객,30대,남,2018-12-01,1763,2208,76275815
제주도,서귀포시,읍면,소매,내국인관광객,20대미만,여,2018-12-01,32,39,429760
제주도,서귀포시,읍면,소매,내국인관광객,20대미만,남,2018-12-01,33,44,697800
제주도,서귀포시,읍면,소매,내국인관광객,20대,여,2018-12-01,1299,1554,36839580
제주도,서귀포시,읍면,소매,내국인관광객,20대,남,2018-12-01,987,1202,30324255
제주도,서귀포시,읍면,문화/레져,제주도민,60대이상,여,2018-12-01,170,234,14858065
제주도,서귀포시,읍면,문화/레져,제주도민,60대이상,남,2018-12-01,549,988,69615300
제주도,서귀포시,읍면,문화/레져,제주도민,50대,여,2018-12-01,376,494,38310885
제주도,서귀포시,읍면,문화/레져,제주도민,50대,남,2018-12-01,831,1167,97247460
제주도,서귀포시,읍면,문화/레져,제주도민,40대,여,2018-12-01,541,713,39592357
제주도,서귀포시,읍면,문화/레져,제주도민,40대,남,2018-12-01,916,1208,81278375
제주도,서귀포시,읍면,문화/레져,제주도민,30대,여,2018-12-01,583,748,26400205
제주도,서귀포시,읍면,문화/레져,제주도민,30대,남,2018-12-01,527,645,24751762
제주도,서귀포시,읍면,문화/레져,제주도민,20대미만,여,2018-12-01,26,28,380700
제주도,서귀포시,읍면,문화/레져,제주도민,20대미만,남,2018-12-01,15,28,462000
제주도,서귀포시,읍면,문화/레져,제주도민,20대,여,2018-12-01,281,315,8420941
제주도,서귀포시,읍면,문화/레져,제주도민,20대,남,2018-12-01,234,270,7409177
제주도,서귀포시,읍면,문화/레져,내국인관광객,60대이상,여,2018-12-01,429,514,30019440
제주도,서귀포시,읍면,문화/레져,내국인관광객,60대이상,남,2018-12-01,911,1227,117586532
제주도,서귀포시,읍면,문화/레져,내국인관광객,50대,여,2018-12-01,1135,1321,61537045
제주도,서귀포시,읍면,문화/레져,내국인관광객,50대,남,2018-12-01,1771,2131,147464717
제주도,서귀포시,읍면,문화/레져,내국인관광객,40대,여,2018-12-01,1841,2326,89523796
제주도,서귀포시,읍면,문화/레져,내국인관광객,40대,남,2018-12-01,2414,3064,147046634
제주도,서귀포시,읍면,문화/레져,내국인관광객,30대,여,2018-12-01,2203,2707,87016542
제주도,서귀포시,읍면,문화/레져,내국인관광객,30대,남,2018-12-01,2286,2811,92941956
제주도,서귀포시,읍면,문화/레져,내국인관광객,20대미만,여,2018-12-01,72,83,1337000
제주도,서귀포시,읍면,문화/레져,내국인관광객,20대미만,남,2018-12-01,43,53,882320
제주도,서귀포시,읍면,문화/레져,내국인관광객,20대,여,2018-12-01,1942,2186,50458442
제주도,서귀포시,읍면,문화/레져,내국인관광객,20대,남,2018-12-01,1430,1645,38609638
제주도,서귀포시,읍면,교통,제주도민,60대이상,여,2018-12-01,856,1537,106580711
제주도,서귀포시,읍면,교통,제주도민,60대이상,남,2018-12-01,3746,8795,626198749
제주도,서귀포시,읍면,교통,제주도민,50대,여,2018-12-01,1093,2011,138913880
제주도,서귀포시,읍면,교통,제주도민,50대,남,2018-12-01,2587,5703,416576985
제주도,서귀포시,읍면,교통,제주도민,40대,여,2018-12-01,996,1784,107392284
제주도,서귀포시,읍면,교통,제주도민,40대,남,2018-12-01,1954,3956,274579826
제주도,서귀포시,읍면,교통,제주도민,30대,여,2018-12-01,660,1061,50762382
제주도,서귀포시,읍면,교통,제주도민,30대,남,2018-12-01,963,1647,95922352
제주도,서귀포시,읍면,교통,제주도민,20대미만,여,2018-12-01,5,8,214789
제주도,서귀포시,읍면,교통,제주도민,20대미만,남,2018-12-01,6,8,293835
제주도,서귀포시,읍면,교통,제주도민,20대,여,2018-12-01,258,363,14346852
제주도,서귀포시,읍면,교통,제주도민,20대,남,2018-12-01,374,580,25939383
제주도,서귀포시,읍면,교통,내국인관광객,60대이상,여,2018-12-01,212,280,15888142
제주도,서귀포시,읍면,교통,내국인관광객,60대이상,남,2018-12-01,479,686,34738940
제주도,서귀포시,읍면,교통,내국인관광객,50대,여,2018-12-01,474,596,31169157
제주도,서귀포시,읍면,교통,내국인관광객,50대,남,2018-12-01,953,1233,58716858
제주도,서귀포시,읍면,교통,내국인관광객,40대,여,2018-12-01,553,681,31686545
제주도,서귀포시,읍면,교통,내국인관광객,40대,남,2018-12-01,1103,1450,65271544
제주도,서귀포시,읍면,교통,내국인관광객,30대,여,2018-12-01,655,774,28163252
제주도,서귀포시,읍면,교통,내국인관광객,30대,남,2018-12-01,998,1203,44505574
제주도,서귀포시,읍면,교통,내국인관광객,20대미만,여,2018-12-01,2,4,566271
제주도,서귀포시,읍면,교통,내국인관광객,20대미만,남,2018-12-01,1,1,50000
제주도,서귀포시,읍면,교통,내국인관광객,20대,여,2018-12-01,549,615,19252430
제주도,서귀포시,읍면,교통,내국인관광객,20대,남,2018-12-01,624,734,23277579
제주도,서귀포시,도심,유흥,제주도민,60대이상,여,2018-12-01,76,94,12915600
제주도,서귀포시,도심,유흥,제주도민,60대이상,남,2018-12-01,368,548,70990600
제주도,서귀포시,도심,유흥,제주도민,50대,여,2018-12-01,153,190,16190600
제주도,서귀포시,도심,유흥,제주도민,50대,남,2018-12-01,833,1233,195575056
제주도,서귀포시,도심,유흥,제주도민,40대,여,2018-12-01,258,314,23495100
제주도,서귀포시,도심,유흥,제주도민,40대,남,2018-12-01,1020,1391,260360800
제주도,서귀포시,도심,유흥,제주도민,30대,여,2018-12-01,184,226,14175100
제주도,서귀포시,도심,유흥,제주도민,30대,남,2018-12-01,523,722,96118600
제주도,서귀포시,도심,유흥,제주도민,20대미만,여,2018-12-01,3,3,195000
제주도,서귀포시,도심,유흥,제주도민,20대미만,남,2018-12-01,7,9,372700
제주도,서귀포시,도심,유흥,제주도민,20대,여,2018-12-01,220,312,15155800
제주도,서귀포시,도심,유흥,제주도민,20대,남,2018-12-01,439,708,45845250
제주도,서귀포시,도심,유흥,내국인관광객,60대이상,여,2018-12-01,24,33,3187500
제주도,서귀포시,도심,유흥,내국인관광객,60대이상,남,2018-12-01,152,216,40716600
제주도,서귀포시,도심,유흥,내국인관광객,50대,여,2018-12-01,52,62,6704200
제주도,서귀포시,도심,유흥,내국인관광객,50대,남,2018-12-01,335,499,91647400
제주도,서귀포시,도심,유흥,내국인관광객,40대,여,2018-12-01,79,93,10092400
제주도,서귀포시,도심,유흥,내국인관광객,40대,남,2018-12-01,240,328,51471400
제주도,서귀포시,도심,유흥,내국인관광객,30대,여,2018-12-01,129,162,7797400
제주도,서귀포시,도심,유흥,내국인관광객,30대,남,2018-12-01,279,366,25944600
제주도,서귀포시,도심,유흥,내국인관광객,20대미만,여,2018-12-01,1,1,33000
제주도,서귀포시,도심,유흥,내국인관광객,20대미만,남,2018-12-01,1,2,410000
제주도,서귀포시,도심,유흥,내국인관광객,20대,여,2018-12-01,173,232,7949300
제주도,서귀포시,도심,유흥,내국인관광객,20대,남,2018-12-01,254,372,17184500
제주도,서귀포시,도심,식음료,제주도민,60대이상,여,2018-12-01,2527,4079,141202200
제주도,서귀포시,도심,식음료,제주도민,60대이상,남,2018-12-01,4792,8666,356855059
제주도,서귀포시,도심,식음료,제주도민,50대,여,2018-12-01,5288,9464,300901450
제주도,서귀포시,도심,식음료,제주도민,50대,남,2018-12-01,7851,15266,604436240
제주도,서귀포시,도심,식음료,제주도민,40대,여,2018-12-01,7904,15625,392291041
제주도,서귀포시,도심,식음료,제주도민,40대,남,2018-12-01,10042,20222,684881124
제주도,서귀포시,도심,식음료,제주도민,30대,여,2018-12-01,6513,12940,279810976
제주도,서귀포시,도심,식음료,제주도민,30대,남,2018-12-01,6778,13664,363913993
제주도,서귀포시,도심,식음료,제주도민,20대미만,여,2018-12-01,460,808,9746840
제주도,서귀포시,도심,식음료,제주도민,20대미만,남,2018-12-01,263,526,7606375
제주도,서귀포시,도심,식음료,제주도민,20대,여,2018-12-01,3905,7633,142410757
제주도,서귀포시,도심,식음료,제주도민,20대,남,2018-12-01,3678,6876,158471958
제주도,서귀포시,도심,식음료,내국인관광객,60대이상,여,2018-12-01,1731,2407,88564121
제주도,서귀포시,도심,식음료,내국인관광객,60대이상,남,2018-12-01,3182,4761,208735325
제주도,서귀포시,도심,식음료,내국인관광객,50대,여,2018-12-01,3830,5266,208787835
제주도,서귀포시,도심,식음료,내국인관광객,50대,남,2018-12-01,6559,9891,434573533
제주도,서귀포시,도심,식음료,내국인관광객,40대,여,2018-12-01,5585,7776,287502577
제주도,서귀포시,도심,식음료,내국인관광객,40대,남,2018-12-01,8449,12698,480625360
제주도,서귀포시,도심,식음료,내국인관광객,30대,여,2018-12-01,8313,11598,344964130
제주도,서귀포시,도심,식음료,내국인관광객,30대,남,2018-12-01,9818,14185,460627519
제주도,서귀포시,도심,식음료,내국인관광객,20대미만,여,2018-12-01,127,201,3893100
제주도,서귀포시,도심,식음료,내국인관광객,20대미만,남,2018-12-01,176,237,5799250
제주도,서귀포시,도심,식음료,내국인관광객,20대,여,2018-12-01,7900,11047,279519641
제주도,서귀포시,도심,식음료,내국인관광객,20대,남,2018-12-01,6224,8834,240344415
제주도,서귀포시,도심,숙박,제주도민,60대이상,여,2018-12-01,82,100,14858560
제주도,서귀포시,도심,숙박,제주도민,60대이상,남,2018-12-01,134,213,32324819
제주도,서귀포시,도심,숙박,제주도민,50대,여,2018-12-01,129,183,18141870
제주도,서귀포시,도심,숙박,제주도민,50대,남,2018-12-01,239,306,45022170
제주도,서귀포시,도심,숙박,제주도민,40대,여,2018-12-01,209,273,31953975
제주도,서귀포시,도심,숙박,제주도민,40대,남,2018-12-01,359,530,62043059
제주도,서귀포시,도심,숙박,제주도민,30대,여,2018-12-01,173,213,24331633
제주도,서귀포시,도심,숙박,제주도민,30대,남,2018-12-01,245,305,37977157
제주도,서귀포시,도심,숙박,제주도민,20대미만,여,2018-12-01,7,8,207000
제주도,서귀포시,도심,숙박,제주도민,20대,여,2018-12-01,102,123,7543704
제주도,서귀포시,도심,숙박,제주도민,20대,남,2018-12-01,123,153,8381703
제주도,서귀포시,도심,숙박,내국인관광객,60대이상,여,2018-12-01,202,257,40816643
제주도,서귀포시,도심,숙박,내국인관광객,60대이상,남,2018-12-01,482,648,93441536
제주도,서귀포시,도심,숙박,내국인관광객,50대,여,2018-12-01,529,655,64865997
제주도,서귀포시,도심,숙박,내국인관광객,50대,남,2018-12-01,947,1179,159847867
제주도,서귀포시,도심,숙박,내국인관광객,40대,여,2018-12-01,771,987,140264718
제주도,서귀포시,도심,숙박,내국인관광객,40대,남,2018-12-01,1243,1604,247019216
제주도,서귀포시,도심,숙박,내국인관광객,30대,여,2018-12-01,1133,1439,191758069
제주도,서귀포시,도심,숙박,내국인관광객,30대,남,2018-12-01,1328,1618,212326066
제주도,서귀포시,도심,숙박,내국인관광객,20대미만,여,2018-12-01,13,15,433860
제주도,서귀포시,도심,숙박,내국인관광객,20대미만,남,2018-12-01,10,16,1952484
제주도,서귀포시,도심,숙박,내국인관광객,20대,여,2018-12-01,877,1011,92674617
제주도,서귀포시,도심,숙박,내국인관광객,20대,남,2018-12-01,658,786,68516293
제주도,서귀포시,도심,쇼핑,제주도민,60대이상,여,2018-12-01,2922,8429,317305410
제주도,서귀포시,도심,쇼핑,제주도민,60대이상,남,2018-12-01,4057,11528,352396672
제주도,서귀포시,도심,쇼핑,제주도민,50대,여,2018-12-01,4866,15274,480648530
제주도,서귀포시,도심,쇼핑,제주도민,50대,남,2018-12-01,6500,20352,473910690
제주도,서귀포시,도심,쇼핑,제주도민,40대,여,2018-12-01,6446,20447,565539930
제주도,서귀포시,도심,쇼핑,제주도민,40대,남,2018-12-01,9243,30913,648307990
제주도,서귀포시,도심,쇼핑,제주도민,30대,여,2018-12-01,5320,14923,355788140
제주도,서귀포시,도심,쇼핑,제주도민,30대,남,2018-12-01,6650,21905,347260530
제주도,서귀포시,도심,쇼핑,제주도민,20대미만,여,2018-12-01,409,1102,8591210
제주도,서귀포시,도심,쇼핑,제주도민,20대미만,남,2018-12-01,322,871,4701510
제주도,서귀포시,도심,쇼핑,제주도민,20대,여,2018-12-01,3232,8778,128538360
제주도,서귀포시,도심,쇼핑,제주도민,20대,남,2018-12-01,3950,12184,126959930
제주도,서귀포시,도심,쇼핑,내국인관광객,60대이상,여,2018-12-01,1374,2926,88235260
제주도,서귀포시,도심,쇼핑,내국인관광객,60대이상,남,2018-12-01,2183,4520,112540630
제주도,서귀포시,도심,쇼핑,내국인관광객,50대,여,2018-12-01,2888,5633,162688500
제주도,서귀포시,도심,쇼핑,내국인관광객,50대,남,2018-12-01,4985,11098,249847173
제주도,서귀포시,도심,쇼핑,내국인관광객,40대,여,2018-12-01,4187,7727,199106344
제주도,서귀포시,도심,쇼핑,내국인관광객,40대,남,2018-12-01,7140,15522,311759290
제주도,서귀포시,도심,쇼핑,내국인관광객,30대,여,2018-12-01,5496,9512,195012400
제주도,서귀포시,도심,쇼핑,내국인관광객,30대,남,2018-12-01,7968,15824,265320350
제주도,서귀포시,도심,쇼핑,내국인관광객,20대미만,여,2018-12-01,135,256,3218940
제주도,서귀포시,도심,쇼핑,내국인관광객,20대미만,남,2018-12-01,204,367,3120820
제주도,서귀포시,도심,쇼핑,내국인관광객,20대,여,2018-12-01,5457,9500,142774040
제주도,서귀포시,도심,쇼핑,내국인관광객,20대,남,2018-12-01,5736,11849,143934490
제주도,서귀포시,도심,소매,제주도민,60대이상,여,2018-12-01,1435,2221,276525782
제주도,서귀포시,도심,소매,제주도민,60대이상,남,2018-12-01,1238,1860,189094468
제주도,서귀포시,도심,소매,제주도민,50대,여,2018-12-01,1997,2971,300758707
제주도,서귀포시,도심,소매,제주도민,50대,남,2018-12-01,1619,2401,239782805
제주도,서귀포시,도심,소매,제주도민,40대,여,2018-12-01,2268,3348,237023420
제주도,서귀포시,도심,소매,제주도민,40대,남,2018-12-01,2039,3077,247400660
제주도,서귀포시,도심,소매,제주도민,30대,여,2018-12-01,1566,2210,112542765
제주도,서귀포시,도심,소매,제주도민,30대,남,2018-12-01,1109,1592,78446554
제주도,서귀포시,도심,소매,제주도민,20대미만,여,2018-12-01,94,126,2357942
제주도,서귀포시,도심,소매,제주도민,20대미만,남,2018-12-01,56,67,1913342
제주도,서귀포시,도심,소매,제주도민,20대,여,2018-12-01,756,994,49879841
제주도,서귀포시,도심,소매,제주도민,20대,남,2018-12-01,562,794,32173980
제주도,서귀포시,도심,소매,내국인관광객,60대이상,여,2018-12-01,710,898,87160251
제주도,서귀포시,도심,소매,내국인관광객,60대이상,남,2018-12-01,873,1113,107936932
제주도,서귀포시,도심,소매,내국인관광객,50대,여,2018-12-01,1358,1741,96392984
제주도,서귀포시,도심,소매,내국인관광객,50대,남,2018-12-01,1691,2323,133394727
제주도,서귀포시,도심,소매,내국인관광객,40대,여,2018-12-01,1693,2201,89541289
제주도,서귀포시,도심,소매,내국인관광객,40대,남,2018-12-01,2091,2824,110320475
제주도,서귀포시,도심,소매,내국인관광객,30대,여,2018-12-01,2366,3304,102022330
제주도,서귀포시,도심,소매,내국인관광객,30대,남,2018-12-01,2370,3328,105957538
제주도,서귀포시,도심,소매,내국인관광객,20대미만,여,2018-12-01,51,64,1316000
제주도,서귀포시,도심,소매,내국인관광객,20대미만,남,2018-12-01,39,51,845500
제주도,서귀포시,도심,소매,내국인관광객,20대,여,2018-12-01,2491,3717,78478906
제주도,서귀포시,도심,소매,내국인관광객,20대,남,2018-12-01,1557,2194,52031240
제주도,서귀포시,도심,문화/레져,제주도민,60대이상,여,2018-12-01,184,271,9845560
제주도,서귀포시,도심,문화/레져,제주도민,60대이상,남,2018-12-01,549,858,53444850
제주도,서귀포시,도심,문화/레져,제주도민,50대,여,2018-12-01,579,742,31347340
제주도,서귀포시,도심,문화/레져,제주도민,50대,남,2018-12-01,1033,1543,83056370
제주도,서귀포시,도심,문화/레져,제주도민,40대,여,2018-12-01,1097,1630,45718576
제주도,서귀포시,도심,문화/레져,제주도민,40대,남,2018-12-01,1273,1969,74414025
제주도,서귀포시,도심,문화/레져,제주도민,30대,여,2018-12-01,822,1173,25272919
제주도,서귀포시,도심,문화/레져,제주도민,30대,남,2018-12-01,614,923,26138950
제주도,서귀포시,도심,문화/레져,제주도민,20대미만,여,2018-12-01,107,150,1711600
제주도,서귀포시,도심,문화/레져,제주도민,20대미만,남,2018-12-01,65,83,1141100
제주도,서귀포시,도심,문화/레져,제주도민,20대,여,2018-12-01,461,558,10817660
제주도,서귀포시,도심,문화/레져,제주도민,20대,남,2018-12-01,422,581,11308700
제주도,서귀포시,도심,문화/레져,내국인관광객,60대이상,여,2018-12-01,177,231,11770830
제주도,서귀포시,도심,문화/레져,내국인관광객,60대이상,남,2018-12-01,436,601,44463070
제주도,서귀포시,도심,문화/레져,내국인관광객,50대,여,2018-12-01,392,465,18722940
제주도,서귀포시,도심,문화/레져,내국인관광객,50대,남,2018-12-01,800,1049,72311160
제주도,서귀포시,도심,문화/레져,내국인관광객,40대,여,2018-12-01,605,765,23610635
제주도,서귀포시,도심,문화/레져,내국인관광객,40대,남,2018-12-01,968,1236,51271750
제주도,서귀포시,도심,문화/레져,내국인관광객,30대,여,2018-12-01,664,840,20322700
제주도,서귀포시,도심,문화/레져,내국인관광객,30대,남,2018-12-01,715,876,25917220
제주도,서귀포시,도심,문화/레져,내국인관광객,20대미만,여,2018-12-01,17,33,385300
제주도,서귀포시,도심,문화/레져,내국인관광객,20대미만,남,2018-12-01,15,17,270200
제주도,서귀포시,도심,문화/레져,내국인관광객,20대,여,2018-12-01,439,498,9905150
제주도,서귀포시,도심,문화/레져,내국인관광객,20대,남,2018-12-01,468,586,13045040
제주도,서귀포시,도심,교통,제주도민,60대이상,여,2018-12-01,1184,1782,120673438
제주도,서귀포시,도심,교통,제주도민,60대이상,남,2018-12-01,3564,7063,449319778
제주도,서귀포시,도심,교통,제주도민,50대,여,2018-12-01,1745,2725,176212337
제주도,서귀포시,도심,교통,제주도민,50대,남,2018-12-01,2987,5399,382723346
제주도,서귀포시,도심,교통,제주도민,40대,여,2018-12-01,1778,2692,141365121
제주도,서귀포시,도심,교통,제주도민,40대,남,2018-12-01,3135,5387,331381705
제주도,서귀포시,도심,교통,제주도민,30대,여,2018-12-01,1246,1796,82083774
제주도,서귀포시,도심,교통,제주도민,30대,남,2018-12-01,1722,2816,140361259
제주도,서귀포시,도심,교통,제주도민,20대미만,여,2018-12-01,8,11,308756
제주도,서귀포시,도심,교통,제주도민,20대미만,남,2018-12-01,4,4,145897
제주도,서귀포시,도심,교통,제주도민,20대,여,2018-12-01,456,632,24986047
제주도,서귀포시,도심,교통,제주도민,20대,남,2018-12-01,613,925,41986051
제주도,서귀포시,도심,교통,내국인관광객,60대이상,여,2018-12-01,262,316,17567459
제주도,서귀포시,도심,교통,내국인관광객,60대이상,남,2018-12-01,592,763,41331590
제주도,서귀포시,도심,교통,내국인관광객,50대,여,2018-12-01,558,676,30816343
제주도,서귀포시,도심,교통,내국인관광객,50대,남,2018-12-01,1086,1404,66244605
제주도,서귀포시,도심,교통,내국인관광객,40대,여,2018-12-01,662,791,32840445
제주도,서귀포시,도심,교통,내국인관광객,40대,남,2018-12-01,1404,1735,73910009
제주도,서귀포시,도심,교통,내국인관광객,30대,여,2018-12-01,873,977,34295276
제주도,서귀포시,도심,교통,내국인관광객,30대,남,2018-12-01,1347,1583,59880991
제주도,서귀포시,도심,교통,내국인관광객,20대미만,여,2018-12-01,5,6,259180
제주도,서귀포시,도심,교통,내국인관광객,20대미만,남,2018-12-01,5,5,150000
제주도,서귀포시,도심,교통,내국인관광객,20대,여,2018-12-01,626,673,20745412
제주도,서귀포시,도심,교통,내국인관광객,20대,남,2018-12-01,666,724,24590395
제주도,제주시,읍면,유흥,제주도민,60대이상,여,2018-11-01,23,30,3580500
제주도,제주시,읍면,유흥,제주도민,60대이상,남,2018-11-01,99,165,26873200
제주도,제주시,읍면,유흥,제주도민,50대,여,2018-11-01,36,53,6089000
제주도,제주시,읍면,유흥,제주도민,50대,남,2018-11-01,244,464,82340800
제주도,제주시,읍면,유흥,제주도민,40대,여,2018-11-01,82,123,14002200
제주도,제주시,읍면,유흥,제주도민,40대,남,2018-11-01,224,351,68774400
제주도,제주시,읍면,유흥,제주도민,30대,여,2018-11-01,51,55,2249700
제주도,제주시,읍면,유흥,제주도민,30대,남,2018-11-01,104,163,18451600
제주도,제주시,읍면,유흥,제주도민,20대미만,남,2018-11-01,3,4,124000
제주도,제주시,읍면,유흥,제주도민,20대,여,2018-11-01,45,49,1943600
제주도,제주시,읍면,유흥,제주도민,20대,남,2018-11-01,67,98,6434600
제주도,제주시,읍면,유흥,내국인관광객,60대이상,여,2018-11-01,11,19,2279500
제주도,제주시,읍면,유흥,내국인관광객,60대이상,남,2018-11-01,53,66,8002400
제주도,제주시,읍면,유흥,내국인관광객,50대,여,2018-11-01,50,58,5131200
제주도,제주시,읍면,유흥,내국인관광객,50대,남,2018-11-01,131,185,27493100
제주도,제주시,읍면,유흥,내국인관광객,40대,여,2018-11-01,69,73,4298200
제주도,제주시,읍면,유흥,내국인관광객,40대,남,2018-11-01,128,183,22680200
제주도,제주시,읍면,유흥,내국인관광객,30대,여,2018-11-01,96,104,4104600
제주도,제주시,읍면,유흥,내국인관광객,30대,남,2018-11-01,144,167,12507070
제주도,제주시,읍면,유흥,내국인관광객,20대미만,남,2018-11-01,3,3,143000
제주도,제주시,읍면,유흥,내국인관광객,20대,여,2018-11-01,132,141,4933000
제주도,제주시,읍면,유흥,내국인관광객,20대,남,2018-11-01,95,118,4910900
제주도,제주시,읍면,식음료,제주도민,60대이상,여,2018-11-01,1223,2193,83096102
제주도,제주시,읍면,식음료,제주도민,60대이상,남,2018-11-01,2913,6245,225305334
제주도,제주시,읍면,식음료,제주도민,50대,여,2018-11-01,2648,5013,167925640
제주도,제주시,읍면,식음료,제주도민,50대,남,2018-11-01,4513,10116,371109188
제주도,제주시,읍면,식음료,제주도민,40대,여,2018-11-01,3628,7505,209692986
제주도,제주시,읍면,식음료,제주도민,40대,남,2018-11-01,4963,11182,350441479
제주도,제주시,읍면,식음료,제주도민,30대,여,2018-11-01,2941,6001,139053943
제주도,제주시,읍면,식음료,제주도민,30대,남,2018-11-01,3431,7142,188834724
제주도,제주시,읍면,식음료,제주도민,20대미만,여,2018-11-01,90,148,2187215
제주도,제주시,읍면,식음료,제주도민,20대미만,남,2018-11-01,105,245,5018500
제주도,제주시,읍면,식음료,제주도민,20대,여,2018-11-01,2037,3336,69564595
제주도,제주시,읍면,식음료,제주도민,20대,남,2018-11-01,1720,3196,73339840
제주도,제주시,읍면,식음료,내국인관광객,60대이상,여,2018-11-01,1967,2936,107825480
제주도,제주시,읍면,식음료,내국인관광객,60대이상,남,2018-11-01,2925,4609,186111210
제주도,제주시,읍면,식음료,내국인관광객,50대,여,2018-11-01,4723,6899,240078310
제주도,제주시,읍면,식음료,내국인관광객,50대,남,2018-11-01,5713,9288,356810973
제주도,제주시,읍면,식음료,내국인관광객,40대,여,2018-11-01,6158,9455,298056540
제주도,제주시,읍면,식음료,내국인관광객,40대,남,2018-11-01,6952,11342,392566214
제주도,제주시,읍면,식음료,내국인관광객,30대,여,2018-11-01,9362,14760,394929634
제주도,제주시,읍면,식음료,내국인관광객,30대,남,2018-11-01,9064,14475,404826829
제주도,제주시,읍면,식음료,내국인관광객,20대미만,여,2018-11-01,114,158,2534840
제주도,제주시,읍면,식음료,내국인관광객,20대미만,남,2018-11-01,115,150,2548120
제주도,제주시,읍면,식음료,내국인관광객,20대,여,2018-11-01,9684,15593,358033110
제주도,제주시,읍면,식음료,내국인관광객,20대,남,2018-11-01,5864,9068,216009620
제주도,제주시,읍면,숙박,제주도민,60대이상,여,2018-11-01,32,45,2083000
제주도,제주시,읍면,숙박,제주도민,60대이상,남,2018-11-01,56,93,58237460
제주도,제주시,읍면,숙박,제주도민,50대,여,2018-11-01,46,65,3729820
제주도,제주시,읍면,숙박,제주도민,50대,남,2018-11-01,119,149,13447890
제주도,제주시,읍면,숙박,제주도민,40대,여,2018-11-01,90,109,6500390
제주도,제주시,읍면,숙박,제주도민,40대,남,2018-11-01,132,179,10633320
제주도,제주시,읍면,숙박,제주도민,30대,여,2018-11-01,98,147,4165050
제주도,제주시,읍면,숙박,제주도민,30대,남,2018-11-01,147,209,9256990
제주도,제주시,읍면,숙박,제주도민,20대미만,여,2018-11-01,4,4,89500
제주도,제주시,읍면,숙박,제주도민,20대미만,남,2018-11-01,2,2,41500
제주도,제주시,읍면,숙박,제주도민,20대,여,2018-11-01,73,86,3147817
제주도,제주시,읍면,숙박,제주도민,20대,남,2018-11-01,91,125,5041740
제주도,제주시,읍면,숙박,내국인관광객,60대이상,여,2018-11-01,148,206,18922196
제주도,제주시,읍면,숙박,내국인관광객,60대이상,남,2018-11-01,301,386,44923431
제주도,제주시,읍면,숙박,내국인관광객,50대,여,2018-11-01,395,498,52196567
제주도,제주시,읍면,숙박,내국인관광객,50대,남,2018-11-01,540,712,71525839
제주도,제주시,읍면,숙박,내국인관광객,40대,여,2018-11-01,503,679,63882175
제주도,제주시,읍면,숙박,내국인관광객,40대,남,2018-11-01,630,818,74277428
제주도,제주시,읍면,숙박,내국인관광객,30대,여,2018-11-01,571,712,60272230
제주도,제주시,읍면,숙박,내국인관광객,30대,남,2018-11-01,621,867,63106388
제주도,제주시,읍면,숙박,내국인관광객,20대미만,여,2018-11-01,3,3,14350
제주도,제주시,읍면,숙박,내국인관광객,20대미만,남,2018-11-01,19,29,488700
제주도,제주시,읍면,숙박,내국인관광객,20대,여,2018-11-01,409,473,32483308
제주도,제주시,읍면,숙박,내국인관광객,20대,남,2018-11-01,293,338,20086625
제주도,제주시,읍면,쇼핑,제주도민,60대이상,여,2018-11-01,1537,4914,160934528
제주도,제주시,읍면,쇼핑,제주도민,60대이상,남,2018-11-01,2813,9069,277248139
제주도,제주시,읍면,쇼핑,제주도민,50대,여,2018-11-01,2801,9577,276599324
제주도,제주시,읍면,쇼핑,제주도민,50대,남,2018-11-01,4860,16415,338578024
제주도,제주시,읍면,쇼핑,제주도민,40대,여,2018-11-01,3694,13302,294129318
제주도,제주시,읍면,쇼핑,제주도민,40대,남,2018-11-01,6364,22529,384930340
제주도,제주시,읍면,쇼핑,제주도민,30대,여,2018-11-01,2739,9294,169825771
제주도,제주시,읍면,쇼핑,제주도민,30대,남,2018-11-01,4633,16085,212833202
제주도,제주시,읍면,쇼핑,제주도민,20대미만,여,2018-11-01,154,571,2391940
제주도,제주시,읍면,쇼핑,제주도민,20대미만,남,2018-11-01,217,940,4537110
제주도,제주시,읍면,쇼핑,제주도민,20대,여,2018-11-01,1662,5565,49684034
제주도,제주시,읍면,쇼핑,제주도민,20대,남,2018-11-01,2632,9977,94303009
제주도,제주시,읍면,쇼핑,내국인관광객,60대이상,여,2018-11-01,1064,2366,56645180
제주도,제주시,읍면,쇼핑,내국인관광객,60대이상,남,2018-11-01,1769,4061,82172640
제주도,제주시,읍면,쇼핑,내국인관광객,50대,여,2018-11-01,2188,4412,96865300
제주도,제주시,읍면,쇼핑,내국인관광객,50대,남,2018-11-01,3743,8728,150715110
제주도,제주시,읍면,쇼핑,내국인관광객,40대,여,2018-11-01,2990,5987,104246125
제주도,제주시,읍면,쇼핑,내국인관광객,40대,남,2018-11-01,5188,12636,199274640
제주도,제주시,읍면,쇼핑,내국인관광객,30대,여,2018-11-01,4005,7305,109015610
제주도,제주시,읍면,쇼핑,내국인관광객,30대,남,2018-11-01,5703,12355,162917020
제주도,제주시,읍면,쇼핑,내국인관광객,20대미만,여,2018-11-01,85,124,725200
제주도,제주시,읍면,쇼핑,내국인관광객,20대미만,남,2018-11-01,167,328,2181610
제주도,제주시,읍면,쇼핑,내국인관광객,20대,여,2018-11-01,3945,7308,74999572
제주도,제주시,읍면,쇼핑,내국인관광객,20대,남,2018-11-01,3851,8608,84263445
제주도,제주시,읍면,소매,제주도민,60대이상,여,2018-11-01,359,511,42422498
제주도,제주시,읍면,소매,제주도민,60대이상,남,2018-11-01,527,773,50107138
제주도,제주시,읍면,소매,제주도민,50대,여,2018-11-01,585,847,70568150
제주도,제주시,읍면,소매,제주도민,50대,남,2018-11-01,798,1211,77865210
제주도,제주시,읍면,소매,제주도민,40대,여,2018-11-01,721,1018,50245174
제주도,제주시,읍면,소매,제주도민,40대,남,2018-11-01,1041,1642,88076131
제주도,제주시,읍면,소매,제주도민,30대,여,2018-11-01,496,669,22223264
제주도,제주시,읍면,소매,제주도민,30대,남,2018-11-01,614,931,34088704
제주도,제주시,읍면,소매,제주도민,20대미만,여,2018-11-01,13,19,125050
제주도,제주시,읍면,소매,제주도민,20대미만,남,2018-11-01,20,27,484260
제주도,제주시,읍면,소매,제주도민,20대,여,2018-11-01,294,422,7362596
제주도,제주시,읍면,소매,제주도민,20대,남,2018-11-01,315,472,10548710
제주도,제주시,읍면,소매,내국인관광객,60대이상,여,2018-11-01,689,845,51757510
제주도,제주시,읍면,소매,내국인관광객,60대이상,남,2018-11-01,720,856,55204498
제주도,제주시,읍면,소매,내국인관광객,50대,여,2018-11-01,1200,1440,73012322
제주도,제주시,읍면,소매,내국인관광객,50대,남,2018-11-01,1136,1388,65020178
제주도,제주시,읍면,소매,내국인관광객,40대,여,2018-11-01,1219,1458,49145006
제주도,제주시,읍면,소매,내국인관광객,40대,남,2018-11-01,1237,1542,54908422
제주도,제주시,읍면,소매,내국인관광객,30대,여,2018-11-01,1617,1882,50713263
제주도,제주시,읍면,소매,내국인관광객,30대,남,2018-11-01,1294,1534,43357508
제주도,제주시,읍면,소매,내국인관광객,20대미만,여,2018-11-01,117,158,1812290
제주도,제주시,읍면,소매,내국인관광객,20대미만,남,2018-11-01,158,213,1907050
제주도,제주시,읍면,소매,내국인관광객,20대,여,2018-11-01,1914,2215,47366180
제주도,제주시,읍면,소매,내국인관광객,20대,남,2018-11-01,912,1058,26539256
제주도,제주시,읍면,문화/레져,제주도민,60대이상,여,2018-11-01,150,192,12553100
제주도,제주시,읍면,문화/레져,제주도민,60대이상,남,2018-11-01,541,783,70575140
제주도,제주시,읍면,문화/레져,제주도민,50대,여,2018-11-01,430,597,61500690
제주도,제주시,읍면,문화/레져,제주도민,50대,남,2018-11-01,1079,1500,175524955
제주도,제주시,읍면,문화/레져,제주도민,40대,여,2018-11-01,599,811,100280610
제주도,제주시,읍면,문화/레져,제주도민,40대,남,2018-11-01,1219,1603,141508090
제주도,제주시,읍면,문화/레져,제주도민,30대,여,2018-11-01,583,792,26843330
제주도,제주시,읍면,문화/레져,제주도민,30대,남,2018-11-01,548,793,33656490
제주도,제주시,읍면,문화/레져,제주도민,20대미만,여,2018-11-01,21,37,652850
제주도,제주시,읍면,문화/레져,제주도민,20대미만,남,2018-11-01,48,240,1003733
제주도,제주시,읍면,문화/레져,제주도민,20대,여,2018-11-01,282,373,5621035
제주도,제주시,읍면,문화/레져,제주도민,20대,남,2018-11-01,259,649,7988620
제주도,제주시,읍면,문화/레져,내국인관광객,60대이상,여,2018-11-01,683,882,65580870
제주도,제주시,읍면,문화/레져,내국인관광객,60대이상,남,2018-11-01,1356,1878,264295268
제주도,제주시,읍면,문화/레져,내국인관광객,50대,여,2018-11-01,1555,1977,125770083
제주도,제주시,읍면,문화/레져,내국인관광객,50대,남,2018-11-01,2264,2888,310818880
제주도,제주시,읍면,문화/레져,내국인관광객,40대,여,2018-11-01,1854,2417,107854265
제주도,제주시,읍면,문화/레져,내국인관광객,40대,남,2018-11-01,2334,3035,198248669
제주도,제주시,읍면,문화/레져,내국인관광객,30대,여,2018-11-01,1830,2268,61722715
제주도,제주시,읍면,문화/레져,내국인관광객,30대,남,2018-11-01,1725,2216,89844475
제주도,제주시,읍면,문화/레져,내국인관광객,20대미만,여,2018-11-01,55,66,694600
제주도,제주시,읍면,문화/레져,내국인관광객,20대미만,남,2018-11-01,72,81,506800
제주도,제주시,읍면,문화/레져,내국인관광객,20대,여,2018-11-01,1216,1404,26757540
제주도,제주시,읍면,문화/레져,내국인관광객,20대,남,2018-11-01,857,1144,19865310
제주도,제주시,읍면,교통,제주도민,60대이상,여,2018-11-01,1111,1870,155848269
제주도,제주시,읍면,교통,제주도민,60대이상,남,2018-11-01,3919,7976,684003760
제주도,제주시,읍면,교통,제주도민,50대,여,2018-11-01,1370,2226,148734200
제주도,제주시,읍면,교통,제주도민,50대,남,2018-11-01,2911,5667,434830919
제주도,제주시,읍면,교통,제주도민,40대,여,2018-11-01,1301,2115,131971003
제주도,제주시,읍면,교통,제주도민,40대,남,2018-11-01,2462,4505,345197897
제주도,제주시,읍면,교통,제주도민,30대,여,2018-11-01,932,1420,73248358
제주도,제주시,읍면,교통,제주도민,30대,남,2018-11-01,1341,2193,113164535
제주도,제주시,읍면,교통,제주도민,20대미만,여,2018-11-01,2,3,130000
제주도,제주시,읍면,교통,제주도민,20대미만,남,2018-11-01,12,12,284500
제주도,제주시,읍면,교통,제주도민,20대,여,2018-11-01,292,436,18587293
제주도,제주시,읍면,교통,제주도민,20대,남,2018-11-01,494,792,31213605
제주도,제주시,읍면,교통,내국인관광객,60대이상,여,2018-11-01,597,745,43453143
제주도,제주시,읍면,교통,내국인관광객,60대이상,남,2018-11-01,1435,1785,98361669
제주도,제주시,읍면,교통,내국인관광객,50대,여,2018-11-01,1421,1800,84151015
제주도,제주시,읍면,교통,내국인관광객,50대,남,2018-11-01,2673,3367,206643244
제주도,제주시,읍면,교통,내국인관광객,40대,여,2018-11-01,1708,2141,91542770
제주도,제주시,읍면,교통,내국인관광객,40대,남,2018-11-01,3048,3833,207865953
제주도,제주시,읍면,교통,내국인관광객,30대,여,2018-11-01,1863,2215,74463130
제주도,제주시,읍면,교통,내국인관광객,30대,남,2018-11-01,3136,3707,154289369
제주도,제주시,읍면,교통,내국인관광객,20대미만,여,2018-11-01,15,15,473980
제주도,제주시,읍면,교통,내국인관광객,20대미만,남,2018-11-01,13,15,643200
제주도,제주시,읍면,교통,내국인관광객,20대,여,2018-11-01,1771,2043,52827824
제주도,제주시,읍면,교통,내국인관광객,20대,남,2018-11-01,1677,1914,67487634
제주도,제주시,도심,유흥,제주도민,60대이상,여,2018-11-01,246,334,36537410
제주도,제주시,도심,유흥,제주도민,60대이상,남,2018-11-01,1083,1569,179449480
제주도,제주시,도심,유흥,제주도민,50대,여,2018-11-01,762,983,84943195
제주도,제주시,도심,유흥,제주도민,50대,남,2018-11-01,3436,5247,705282248
제주도,제주시,도심,유흥,제주도민,40대,여,2018-11-01,1227,1548,109043055
제주도,제주시,도심,유흥,제주도민,40대,남,2018-11-01,4253,6194,930382350
제주도,제주시,도심,유흥,제주도민,30대,여,2018-11-01,966,1231,75577970
제주도,제주시,도심,유흥,제주도민,30대,남,2018-11-01,2730,3692,411994446
제주도,제주시,도심,유흥,제주도민,20대미만,여,2018-11-01,42,66,2512000
제주도,제주시,도심,유흥,제주도민,20대미만,남,2018-11-01,49,77,2594600
제주도,제주시,도심,유흥,제주도민,20대,여,2018-11-01,1507,2125,97348100
제주도,제주시,도심,유흥,제주도민,20대,남,2018-11-01,2084,3070,184882471
제주도,제주시,도심,유흥,내국인관광객,60대이상,여,2018-11-01,115,141,20765700
제주도,제주시,도심,유흥,내국인관광객,60대이상,남,2018-11-01,310,393,74095400
제주도,제주시,도심,유흥,내국인관광객,50대,여,2018-11-01,252,315,41712200
제주도,제주시,도심,유흥,내국인관광객,50대,남,2018-11-01,928,1248,248265150
제주도,제주시,도심,유흥,내국인관광객,40대,여,2018-11-01,275,332,38618600
제주도,제주시,도심,유흥,내국인관광객,40대,남,2018-11-01,1033,1423,246218400
제주도,제주시,도심,유흥,내국인관광객,30대,여,2018-11-01,257,318,21921500
제주도,제주시,도심,유흥,내국인관광객,30대,남,2018-11-01,687,934,100368950
제주도,제주시,도심,유흥,내국인관광객,20대미만,여,2018-11-01,9,13,702700
제주도,제주시,도심,유흥,내국인관광객,20대미만,남,2018-11-01,5,5,222105
제주도,제주시,도심,유흥,내국인관광객,20대,여,2018-11-01,349,429,19653150
제주도,제주시,도심,유흥,내국인관광객,20대,남,2018-11-01,514,754,42377050
제주도,제주시,도심,식음료,제주도민,60대이상,여,2018-11-01,9470,16785,505404323
제주도,제주시,도심,식음료,제주도민,60대이상,남,2018-11-01,16663,33406,1193464254
제주도,제주시,도심,식음료,제주도민,50대,여,2018-11-01,21675,46166,1212614916
제주도,제주시,도심,식음료,제주도민,50대,남,2018-11-01,30014,69380,2398930425
제주도,제주시,도심,식음료,제주도민,40대,여,2018-11-01,31474,77316,1790399045
제주도,제주시,도심,식음료,제주도민,40대,남,2018-11-01,36476,86545,2745565631
제주도,제주시,도심,식음료,제주도민,30대,여,2018-11-01,26168,61741,1314729953
제주도,제주시,도심,식음료,제주도민,30대,남,2018-11-01,29274,69782,1851176904
제주도,제주시,도심,식음료,제주도민,20대미만,여,2018-11-01,1806,4323,49305477
제주도,제주시,도심,식음료,제주도민,20대미만,남,2018-11-01,1644,4036,55786050
제주도,제주시,도심,식음료,제주도민,20대,여,2018-11-01,21944,58273,1022657007
제주도,제주시,도심,식음료,제주도민,20대,남,2018-11-01,19303,51023,1099586248
제주도,제주시,도심,식음료,내국인관광객,60대이상,여,2018-11-01,4106,5529,223232920
제주도,제주시,도심,식음료,내국인관광객,60대이상,남,2018-11-01,7522,10826,473434133
제주도,제주시,도심,식음료,내국인관광객,50대,여,2018-11-01,9468,13460,508181029
제주도,제주시,도심,식음료,내국인관광객,50대,남,2018-11-01,15729,24689,1023775197
제주도,제주시,도심,식음료,내국인관광객,40대,여,2018-11-01,11912,18289,541021212
제주도,제주시,도심,식음료,내국인관광객,40대,남,2018-11-01,18612,30068,1047659316
제주도,제주시,도심,식음료,내국인관광객,30대,여,2018-11-01,15284,22746,551521541
제주도,제주시,도심,식음료,내국인관광객,30대,남,2018-11-01,19035,30412,825303211
제주도,제주시,도심,식음료,내국인관광객,20대미만,여,2018-11-01,313,539,7448376
제주도,제주시,도심,식음료,내국인관광객,20대미만,남,2018-11-01,362,513,7648074
제주도,제주시,도심,식음료,내국인관광객,20대,여,2018-11-01,14869,23663,460654643
제주도,제주시,도심,식음료,내국인관광객,20대,남,2018-11-01,11956,20328,443433086
제주도,제주시,도심,숙박,제주도민,60대이상,여,2018-11-01,178,258,76996626
제주도,제주시,도심,숙박,제주도민,60대이상,남,2018-11-01,357,515,295944081
제주도,제주시,도심,숙박,제주도민,50대,여,2018-11-01,335,458,90606460
제주도,제주시,도심,숙박,제주도민,50대,남,2018-11-01,653,881,278208245
제주도,제주시,도심,숙박,제주도민,40대,여,2018-11-01,411,531,64917705
제주도,제주시,도심,숙박,제주도민,40대,남,2018-11-01,814,1089,84411502
제주도,제주시,도심,숙박,제주도민,30대,여,2018-11-01,293,367,38818500
제주도,제주시,도심,숙박,제주도민,30대,남,2018-11-01,641,909,57446273
제주도,제주시,도심,숙박,제주도민,20대미만,여,2018-11-01,15,20,710500
제주도,제주시,도심,숙박,제주도민,20대미만,남,2018-11-01,12,17,670000
제주도,제주시,도심,숙박,제주도민,20대,여,2018-11-01,358,452,20322553
제주도,제주시,도심,숙박,제주도민,20대,남,2018-11-01,552,708,32938074
제주도,제주시,도심,숙박,내국인관광객,60대이상,여,2018-11-01,229,284,41493587
제주도,제주시,도심,숙박,내국인관광객,60대이상,남,2018-11-01,639,813,101639528
제주도,제주시,도심,숙박,내국인관광객,50대,여,2018-11-01,641,798,75364747
제주도,제주시,도심,숙박,내국인관광객,50대,남,2018-11-01,1510,1947,267647133
제주도,제주시,도심,숙박,내국인관광객,40대,여,2018-11-01,806,1041,116026444
제주도,제주시,도심,숙박,내국인관광객,40대,남,2018-11-01,1657,2192,186708203
제주도,제주시,도심,숙박,내국인관광객,30대,여,2018-11-01,856,1083,123987136
제주도,제주시,도심,숙박,내국인관광객,30대,남,2018-11-01,1278,1566,160142080
제주도,제주시,도심,숙박,내국인관광객,20대미만,여,2018-11-01,14,15,448638
제주도,제주시,도심,숙박,내국인관광객,20대미만,남,2018-11-01,27,33,1218109
제주도,제주시,도심,숙박,내국인관광객,20대,여,2018-11-01,648,718,54461831
제주도,제주시,도심,숙박,내국인관광객,20대,남,2018-11-01,658,795,54245703
제주도,제주시,도심,쇼핑,제주도민,60대이상,여,2018-11-01,11616,34963,1102911269
제주도,제주시,도심,쇼핑,제주도민,60대이상,남,2018-11-01,14975,44920,1210127496
제주도,제주시,도심,쇼핑,제주도민,50대,여,2018-11-01,21471,70222,1910970956
제주도,제주시,도심,쇼핑,제주도민,50대,남,2018-11-01,27595,93372,1956483322
제주도,제주시,도심,쇼핑,제주도민,40대,여,2018-11-01,28782,99060,2333236650
제주도,제주시,도심,쇼핑,제주도민,40대,남,2018-11-01,36499,130301,2416575605
제주도,제주시,도심,쇼핑,제주도민,30대,여,2018-11-01,23361,73341,1452725709
제주도,제주시,도심,쇼핑,제주도민,30대,남,2018-11-01,30263,110451,1593211910
제주도,제주시,도심,쇼핑,제주도민,20대미만,여,2018-11-01,1687,5025,28630016
제주도,제주시,도심,쇼핑,제주도민,20대미만,남,2018-11-01,2033,7720,36992201
제주도,제주시,도심,쇼핑,제주도민,20대,여,2018-11-01,19256,65704,738581718
제주도,제주시,도심,쇼핑,제주도민,20대,남,2018-11-01,21384,85418,769164263
제주도,제주시,도심,쇼핑,내국인관광객,60대이상,여,2018-11-01,5837,10581,501914566
제주도,제주시,도심,쇼핑,내국인관광객,60대이상,남,2018-11-01,8957,16711,739999360
제주도,제주시,도심,쇼핑,내국인관광객,50대,여,2018-11-01,12483,22945,1065870750
제주도,제주시,도심,쇼핑,내국인관광객,50대,남,2018-11-01,20103,41631,1471079108
제주도,제주시,도심,쇼핑,내국인관광객,40대,여,2018-11-01,14243,28190,1075481953
제주도,제주시,도심,쇼핑,내국인관광객,40대,남,2018-11-01,23842,53356,1568235638
제주도,제주시,도심,쇼핑,내국인관광객,30대,여,2018-11-01,16015,31026,997880813
제주도,제주시,도심,쇼핑,내국인관광객,30대,남,2018-11-01,22523,50027,1224306564
제주도,제주시,도심,쇼핑,내국인관광객,20대미만,여,2018-11-01,494,955,17177390
제주도,제주시,도심,쇼핑,내국인관광객,20대미만,남,2018-11-01,587,1037,11906166
제주도,제주시,도심,쇼핑,내국인관광객,20대,여,2018-11-01,15015,30531,705001549
제주도,제주시,도심,쇼핑,내국인관광객,20대,남,2018-11-01,14693,35870,571979711
제주도,제주시,도심,소매,제주도민,60대이상,여,2018-11-01,6061,9185,963992500
제주도,제주시,도심,소매,제주도민,60대이상,남,2018-11-01,5306,7474,759256529
제주도,제주시,도심,소매,제주도민,50대,여,2018-11-01,8841,13590,1498361587
제주도,제주시,도심,소매,제주도민,50대,남,2018-11-01,7522,10993,1082107199
제주도,제주시,도심,소매,제주도민,40대,여,2018-11-01,10279,16775,1407920491
제주도,제주시,도심,소매,제주도민,40대,남,2018-11-01,8368,12910,1104262440
제주도,제주시,도심,소매,제주도민,30대,여,2018-11-01,7096,11146,771771873
제주도,제주시,도심,소매,제주도민,30대,남,2018-11-01,5500,8116,604082404
제주도,제주시,도심,소매,제주도민,20대미만,여,2018-11-01,463,779,17383570
제주도,제주시,도심,소매,제주도민,20대미만,남,2018-11-01,371,517,21254560
제주도,제주시,도심,소매,제주도민,20대,여,2018-11-01,4874,7230,408243854
제주도,제주시,도심,소매,제주도민,20대,남,2018-11-01,3535,5249,325742757
제주도,제주시,도심,소매,내국인관광객,60대이상,여,2018-11-01,3683,4383,286744055
제주도,제주시,도심,소매,내국인관광객,60대이상,남,2018-11-01,4012,4802,320891501
제주도,제주시,도심,소매,내국인관광객,50대,여,2018-11-01,6066,7388,406390701
제주도,제주시,도심,소매,내국인관광객,50대,남,2018-11-01,6646,8041,474582728
제주도,제주시,도심,소매,내국인관광객,40대,여,2018-11-01,5985,7555,329237473
제주도,제주시,도심,소매,내국인관광객,40대,남,2018-11-01,6937,8603,421376465
제주도,제주시,도심,소매,내국인관광객,30대,여,2018-11-01,6737,8577,324188126
제주도,제주시,도심,소매,내국인관광객,30대,남,2018-11-01,6555,8093,322339100
제주도,제주시,도심,소매,내국인관광객,20대미만,여,2018-11-01,375,475,9126130
제주도,제주시,도심,소매,내국인관광객,20대미만,남,2018-11-01,462,578,10985400
제주도,제주시,도심,소매,내국인관광객,20대,여,2018-11-01,6675,8452,227319424
제주도,제주시,도심,소매,내국인관광객,20대,남,2018-11-01,3933,4959,157555703
제주도,제주시,도심,문화/레져,제주도민,60대이상,여,2018-11-01,605,796,33792328
제주도,제주시,도심,문화/레져,제주도민,60대이상,남,2018-11-01,1331,1931,107621767
제주도,제주시,도심,문화/레져,제주도민,50대,여,2018-11-01,2108,3086,124953835
제주도,제주시,도심,문화/레져,제주도민,50대,남,2018-11-01,3152,4620,240131029
제주도,제주시,도심,문화/레져,제주도민,40대,여,2018-11-01,5011,7539,213659860
제주도,제주시,도심,문화/레져,제주도민,40대,남,2018-11-01,4780,7340,252715767
제주도,제주시,도심,문화/레져,제주도민,30대,여,2018-11-01,3853,5710,133088073
제주도,제주시,도심,문화/레져,제주도민,30대,남,2018-11-01,3481,6161,148267049
제주도,제주시,도심,문화/레져,제주도민,20대미만,여,2018-11-01,589,1098,11657514
제주도,제주시,도심,문화/레져,제주도민,20대미만,남,2018-11-01,907,3038,21888830
제주도,제주시,도심,문화/레져,제주도민,20대,여,2018-11-01,3868,6634,88729100
제주도,제주시,도심,문화/레져,제주도민,20대,남,2018-11-01,5122,16402,155714249
제주도,제주시,도심,문화/레져,내국인관광객,60대이상,여,2018-11-01,208,286,12878597
제주도,제주시,도심,문화/레져,내국인관광객,60대이상,남,2018-11-01,404,515,66249334
제주도,제주시,도심,문화/레져,내국인관광객,50대,여,2018-11-01,444,569,28832012
제주도,제주시,도심,문화/레져,내국인관광객,50대,남,2018-11-01,999,1347,127935573
제주도,제주시,도심,문화/레져,내국인관광객,40대,여,2018-11-01,736,1050,34250460
제주도,제주시,도심,문화/레져,내국인관광객,40대,남,2018-11-01,1320,1983,80142146
제주도,제주시,도심,문화/레져,내국인관광객,30대,여,2018-11-01,807,1101,32983856
제주도,제주시,도심,문화/레져,내국인관광객,30대,남,2018-11-01,1317,2313,48290539
제주도,제주시,도심,문화/레져,내국인관광객,20대미만,여,2018-11-01,52,77,684140
제주도,제주시,도심,문화/레져,내국인관광객,20대미만,남,2018-11-01,89,229,1600280
제주도,제주시,도심,문화/레져,내국인관광객,20대,여,2018-11-01,1124,1883,27252760
제주도,제주시,도심,문화/레져,내국인관광객,20대,남,2018-11-01,1779,4995,42233235
제주도,제주시,도심,교통,제주도민,60대이상,여,2018-11-01,3012,4250,272872162
제주도,제주시,도심,교통,제주도민,60대이상,남,2018-11-01,6662,10306,852676412
제주도,제주시,도심,교통,제주도민,50대,여,2018-11-01,6308,8833,530326171
제주도,제주시,도심,교통,제주도민,50대,남,2018-11-01,9898,15206,961645909
제주도,제주시,도심,교통,제주도민,40대,여,2018-11-01,7318,10340,519719592
제주도,제주시,도심,교통,제주도민,40대,남,2018-11-01,10610,16201,952902744
제주도,제주시,도심,교통,제주도민,30대,여,2018-11-01,5071,6815,318396395
제주도,제주시,도심,교통,제주도민,30대,남,2018-11-01,7307,10405,503344771
제주도,제주시,도심,교통,제주도민,20대미만,여,2018-11-01,27,31,1804602
제주도,제주시,도심,교통,제주도민,20대미만,남,2018-11-01,64,73,1974897
제주도,제주시,도심,교통,제주도민,20대,여,2018-11-01,2377,2980,121159916
제주도,제주시,도심,교통,제주도민,20대,남,2018-11-01,3293,4593,189618216
제주도,제주시,도심,교통,내국인관광객,60대이상,여,2018-11-01,1391,1570,132654296
제주도,제주시,도심,교통,내국인관광객,60대이상,남,2018-11-01,2834,3345,253636067
제주도,제주시,도심,교통,내국인관광객,50대,여,2018-11-01,3920,4431,389940702
제주도,제주시,도심,교통,내국인관광객,50대,남,2018-11-01,6713,7802,660555755
제주도,제주시,도심,교통,내국인관광객,40대,여,2018-11-01,5309,5994,552581079
제주도,제주시,도심,교통,내국인관광객,40대,남,2018-11-01,8351,9860,795775396
제주도,제주시,도심,교통,내국인관광객,30대,여,2018-11-01,6696,7386,691219453
제주도,제주시,도심,교통,내국인관광객,30대,남,2018-11-01,9167,10443,821266954
제주도,제주시,도심,교통,내국인관광객,20대미만,여,2018-11-01,47,54,4196319
제주도,제주시,도심,교통,내국인관광객,20대미만,남,2018-11-01,52,66,10908862
제주도,제주시,도심,교통,내국인관광객,20대,여,2018-11-01,5451,5726,577735703
제주도,제주시,도심,교통,내국인관광객,20대,남,2018-11-01,4877,5418,434141826
제주도,서귀포시,읍면,유흥,제주도민,60대이상,여,2018-11-01,36,38,3276900
제주도,서귀포시,읍면,유흥,제주도민,60대이상,남,2018-11-01,169,275,36047700
제주도,서귀포시,읍면,유흥,제주도민,50대,여,2018-11-01,86,153,18510200
제주도,서귀포시,읍면,유흥,제주도민,50대,남,2018-11-01,410,767,115912260
제주도,서귀포시,읍면,유흥,제주도민,40대,여,2018-11-01,80,99,8158650
제주도,서귀포시,읍면,유흥,제주도민,40대,남,2018-11-01,328,648,116201933
제주도,서귀포시,읍면,유흥,제주도민,30대,여,2018-11-01,39,54,3482500
제주도,서귀포시,읍면,유흥,제주도민,30대,남,2018-11-01,130,229,33148100
제주도,서귀포시,읍면,유흥,제주도민,20대미만,여,2018-11-01,6,7,388800
제주도,서귀포시,읍면,유흥,제주도민,20대미만,남,2018-11-01,3,3,682000
제주도,서귀포시,읍면,유흥,제주도민,20대,여,2018-11-01,33,38,2075400
제주도,서귀포시,읍면,유흥,제주도민,20대,남,2018-11-01,82,108,7973650
제주도,서귀포시,읍면,유흥,내국인관광객,60대이상,여,2018-11-01,27,32,2586700
제주도,서귀포시,읍면,유흥,내국인관광객,60대이상,남,2018-11-01,56,77,8226800
제주도,서귀포시,읍면,유흥,내국인관광객,50대,여,2018-11-01,36,49,4654500
제주도,서귀포시,읍면,유흥,내국인관광객,50대,남,2018-11-01,134,218,32728500
제주도,서귀포시,읍면,유흥,내국인관광객,40대,여,2018-11-01,45,54,4899350
제주도,서귀포시,읍면,유흥,내국인관광객,40대,남,2018-11-01,135,206,30842540
제주도,서귀포시,읍면,유흥,내국인관광객,30대,여,2018-11-01,21,23,1050800
제주도,서귀포시,읍면,유흥,내국인관광객,30대,남,2018-11-01,82,122,13252900
제주도,서귀포시,읍면,유흥,내국인관광객,20대미만,남,2018-11-01,1,1,100000
제주도,서귀포시,읍면,유흥,내국인관광객,20대,여,2018-11-01,35,44,2208200
제주도,서귀포시,읍면,유흥,내국인관광객,20대,남,2018-11-01,48,58,3232950
제주도,서귀포시,읍면,식음료,제주도민,60대이상,여,2018-11-01,985,1860,80402354
제주도,서귀포시,읍면,식음료,제주도민,60대이상,남,2018-11-01,2289,4983,219551795
제주도,서귀포시,읍면,식음료,제주도민,50대,여,2018-11-01,1945,4047,138171145
제주도,서귀포시,읍면,식음료,제주도민,50대,남,2018-11-01,3369,8293,346307894
제주도,서귀포시,읍면,식음료,제주도민,40대,여,2018-11-01,2485,6309,171327094
제주도,서귀포시,읍면,식음료,제주도민,40대,남,2018-11-01,3596,8953,311499651
제주도,서귀포시,읍면,식음료,제주도민,30대,여,2018-11-01,1949,4401,99932369
제주도,서귀포시,읍면,식음료,제주도민,30대,남,2018-11-01,2221,4928,134133960
제주도,서귀포시,읍면,식음료,제주도민,20대미만,여,2018-11-01,57,172,2406170
제주도,서귀포시,읍면,식음료,제주도민,20대미만,남,2018-11-01,98,228,4255930
제주도,서귀포시,읍면,식음료,제주도민,20대,여,2018-11-01,1114,2270,46282590
제주도,서귀포시,읍면,식음료,제주도민,20대,남,2018-11-01,1146,2508,62920629
제주도,서귀포시,읍면,식음료,내국인관광객,60대이상,여,2018-11-01,1700,2395,115367216
제주도,서귀포시,읍면,식음료,내국인관광객,60대이상,남,2018-11-01,2604,3917,199768631
제주도,서귀포시,읍면,식음료,내국인관광객,50대,여,2018-11-01,3637,5291,228280194
제주도,서귀포시,읍면,식음료,내국인관광객,50대,남,2018-11-01,4690,7531,337786078
제주도,서귀포시,읍면,식음료,내국인관광객,40대,여,2018-11-01,4812,7659,282632372
제주도,서귀포시,읍면,식음료,내국인관광객,40대,남,2018-11-01,5897,9693,380257620
제주도,서귀포시,읍면,식음료,내국인관광객,30대,여,2018-11-01,5820,8708,269276547
제주도,서귀포시,읍면,식음료,내국인관광객,30대,남,2018-11-01,6189,9656,317013446
제주도,서귀포시,읍면,식음료,내국인관광객,20대미만,여,2018-11-01,305,451,8121710
제주도,서귀포시,읍면,식음료,내국인관광객,20대미만,남,2018-11-01,203,300,4614080
제주도,서귀포시,읍면,식음료,내국인관광객,20대,여,2018-11-01,4630,6742,176728632
제주도,서귀포시,읍면,식음료,내국인관광객,20대,남,2018-11-01,3440,5320,142829775
제주도,서귀포시,읍면,숙박,제주도민,60대이상,여,2018-11-01,23,29,1649400
제주도,서귀포시,읍면,숙박,제주도민,60대이상,남,2018-11-01,35,49,2579600
제주도,서귀포시,읍면,숙박,제주도민,50대,여,2018-11-01,61,89,5013135
제주도,서귀포시,읍면,숙박,제주도민,50대,남,2018-11-01,116,145,8509200
제주도,서귀포시,읍면,숙박,제주도민,40대,여,2018-11-01,174,267,11075930
제주도,서귀포시,읍면,숙박,제주도민,40대,남,2018-11-01,223,343,16148040
제주도,서귀포시,읍면,숙박,제주도민,30대,여,2018-11-01,189,258,10368672
제주도,서귀포시,읍면,숙박,제주도민,30대,남,2018-11-01,190,282,16782812
제주도,서귀포시,읍면,숙박,제주도민,20대미만,여,2018-11-01,6,13,186600
제주도,서귀포시,읍면,숙박,제주도민,20대미만,남,2018-11-01,5,8,242000
제주도,서귀포시,읍면,숙박,제주도민,20대,여,2018-11-01,88,96,2931950
제주도,서귀포시,읍면,숙박,제주도민,20대,남,2018-11-01,97,118,3852760
제주도,서귀포시,읍면,숙박,내국인관광객,60대이상,여,2018-11-01,242,313,20178377
제주도,서귀포시,읍면,숙박,내국인관광객,60대이상,남,2018-11-01,375,482,47652506
제주도,서귀포시,읍면,숙박,내국인관광객,50대,여,2018-11-01,566,721,44652022
제주도,서귀포시,읍면,숙박,내국인관광객,50대,남,2018-11-01,689,848,64677841
제주도,서귀포시,읍면,숙박,내국인관광객,40대,여,2018-11-01,814,1110,76395698
제주도,서귀포시,읍면,숙박,내국인관광객,40대,남,2018-11-01,877,1194,96993633
제주도,서귀포시,읍면,숙박,내국인관광객,30대,여,2018-11-01,970,1240,67710232
제주도,서귀포시,읍면,숙박,내국인관광객,30대,남,2018-11-01,833,1059,70271239
제주도,서귀포시,읍면,숙박,내국인관광객,20대미만,여,2018-11-01,40,56,551000
제주도,서귀포시,읍면,숙박,내국인관광객,20대미만,남,2018-11-01,17,19,150900
제주도,서귀포시,읍면,숙박,내국인관광객,20대,여,2018-11-01,768,927,29072426
제주도,서귀포시,읍면,숙박,내국인관광객,20대,남,2018-11-01,432,510,17244343
제주도,서귀포시,읍면,쇼핑,제주도민,60대이상,여,2018-11-01,1003,3636,98094916
제주도,서귀포시,읍면,쇼핑,제주도민,60대이상,남,2018-11-01,1976,7013,184341804
제주도,서귀포시,읍면,쇼핑,제주도민,50대,여,2018-11-01,2014,7779,204664006
제주도,서귀포시,읍면,쇼핑,제주도민,50대,남,2018-11-01,3380,12939,271479320
제주도,서귀포시,읍면,쇼핑,제주도민,40대,여,2018-11-01,2413,10162,200556795
제주도,서귀포시,읍면,쇼핑,제주도민,40대,남,2018-11-01,4317,16742,291853750
제주도,서귀포시,읍면,쇼핑,제주도민,30대,여,2018-11-01,1780,6853,106457023
제주도,서귀포시,읍면,쇼핑,제주도민,30대,남,2018-11-01,3143,11022,139523210
제주도,서귀포시,읍면,쇼핑,제주도민,20대미만,여,2018-11-01,86,472,2810580
제주도,서귀포시,읍면,쇼핑,제주도민,20대미만,남,2018-11-01,141,617,3557030
제주도,서귀포시,읍면,쇼핑,제주도민,20대,여,2018-11-01,1024,4176,37487910
제주도,서귀포시,읍면,쇼핑,제주도민,20대,남,2018-11-01,1736,8031,72006580
제주도,서귀포시,읍면,쇼핑,내국인관광객,60대이상,여,2018-11-01,934,2136,52312523
제주도,서귀포시,읍면,쇼핑,내국인관광객,60대이상,남,2018-11-01,1582,3468,60129688
제주도,서귀포시,읍면,쇼핑,내국인관광객,50대,여,2018-11-01,2125,4673,80860344
제주도,서귀포시,읍면,쇼핑,내국인관광객,50대,남,2018-11-01,3347,8189,126806609
제주도,서귀포시,읍면,쇼핑,내국인관광객,40대,여,2018-11-01,2976,6620,107754013
제주도,서귀포시,읍면,쇼핑,내국인관광객,40대,남,2018-11-01,4958,11708,168264986
제주도,서귀포시,읍면,쇼핑,내국인관광객,30대,여,2018-11-01,3348,6455,85858710
제주도,서귀포시,읍면,쇼핑,내국인관광객,30대,남,2018-11-01,4785,10270,121062023
제주도,서귀포시,읍면,쇼핑,내국인관광객,20대미만,여,2018-11-01,184,464,3177900
제주도,서귀포시,읍면,쇼핑,내국인관광객,20대미만,남,2018-11-01,288,529,2621440
제주도,서귀포시,읍면,쇼핑,내국인관광객,20대,여,2018-11-01,2606,5459,51084189
제주도,서귀포시,읍면,쇼핑,내국인관광객,20대,남,2018-11-01,2934,7240,66042290
제주도,서귀포시,읍면,소매,제주도민,60대이상,여,2018-11-01,420,752,46149170
제주도,서귀포시,읍면,소매,제주도민,60대이상,남,2018-11-01,568,880,59317068
제주도,서귀포시,읍면,소매,제주도민,50대,여,2018-11-01,760,1464,91863272
제주도,서귀포시,읍면,소매,제주도민,50대,남,2018-11-01,846,1525,104254084
제주도,서귀포시,읍면,소매,제주도민,40대,여,2018-11-01,750,1310,57248566
제주도,서귀포시,읍면,소매,제주도민,40대,남,2018-11-01,906,1682,96042261
제주도,서귀포시,읍면,소매,제주도민,30대,여,2018-11-01,584,1052,37303833
제주도,서귀포시,읍면,소매,제주도민,30대,남,2018-11-01,556,980,25304017
제주도,서귀포시,읍면,소매,제주도민,20대미만,여,2018-11-01,26,41,320520
제주도,서귀포시,읍면,소매,제주도민,20대미만,남,2018-11-01,25,79,1732630
제주도,서귀포시,읍면,소매,제주도민,20대,여,2018-11-01,219,305,5846488
제주도,서귀포시,읍면,소매,제주도민,20대,남,2018-11-01,326,642,13419323
제주도,서귀포시,읍면,소매,내국인관광객,60대이상,여,2018-11-01,1097,1347,149807389
제주도,서귀포시,읍면,소매,내국인관광객,60대이상,남,2018-11-01,1147,1392,140208140
제주도,서귀포시,읍면,소매,내국인관광객,50대,여,2018-11-01,1557,1965,145173332
제주도,서귀포시,읍면,소매,내국인관광객,50대,남,2018-11-01,1562,2062,134733000
제주도,서귀포시,읍면,소매,내국인관광객,40대,여,2018-11-01,1595,2186,87497865
제주도,서귀포시,읍면,소매,내국인관광객,40대,남,2018-11-01,1938,2778,116656185
제주도,서귀포시,읍면,소매,내국인관광객,30대,여,2018-11-01,1627,2031,67810534
제주도,서귀포시,읍면,소매,내국인관광객,30대,남,2018-11-01,1698,2185,78181088
제주도,서귀포시,읍면,소매,내국인관광객,20대미만,여,2018-11-01,60,75,990050
제주도,서귀포시,읍면,소매,내국인관광객,20대미만,남,2018-11-01,85,103,880600
제주도,서귀포시,읍면,소매,내국인관광객,20대,여,2018-11-01,1005,1188,32545739
제주도,서귀포시,읍면,소매,내국인관광객,20대,남,2018-11-01,820,1028,25157290
제주도,서귀포시,읍면,문화/레져,제주도민,60대이상,여,2018-11-01,182,265,17994520
제주도,서귀포시,읍면,문화/레져,제주도민,60대이상,남,2018-11-01,650,1085,83189140
제주도,서귀포시,읍면,문화/레져,제주도민,50대,여,2018-11-01,435,577,43897610
제주도,서귀포시,읍면,문화/레져,제주도민,50대,남,2018-11-01,999,1473,134651445
제주도,서귀포시,읍면,문화/레져,제주도민,40대,여,2018-11-01,504,688,52134290
제주도,서귀포시,읍면,문화/레져,제주도민,40대,남,2018-11-01,951,1261,100127780
제주도,서귀포시,읍면,문화/레져,제주도민,30대,여,2018-11-01,430,557,17138575
제주도,서귀포시,읍면,문화/레져,제주도민,30대,남,2018-11-01,408,551,24378220
제주도,서귀포시,읍면,문화/레져,제주도민,20대미만,여,2018-11-01,12,15,343010
제주도,서귀포시,읍면,문화/레져,제주도민,20대미만,남,2018-11-01,11,25,380855
제주도,서귀포시,읍면,문화/레져,제주도민,20대,여,2018-11-01,162,191,5459195
제주도,서귀포시,읍면,문화/레져,제주도민,20대,남,2018-11-01,174,213,5767370
제주도,서귀포시,읍면,문화/레져,내국인관광객,60대이상,여,2018-11-01,519,714,53172330
제주도,서귀포시,읍면,문화/레져,내국인관광객,60대이상,남,2018-11-01,989,1438,204588907
제주도,서귀포시,읍면,문화/레져,내국인관광객,50대,여,2018-11-01,1020,1247,98796666
제주도,서귀포시,읍면,문화/레져,내국인관광객,50대,남,2018-11-01,1511,1925,182993450
제주도,서귀포시,읍면,문화/레져,내국인관광객,40대,여,2018-11-01,1483,1880,92596172
제주도,서귀포시,읍면,문화/레져,내국인관광객,40대,남,2018-11-01,1957,2496,158018250
제주도,서귀포시,읍면,문화/레져,내국인관광객,30대,여,2018-11-01,1691,2179,80069147
제주도,서귀포시,읍면,문화/레져,내국인관광객,30대,남,2018-11-01,1617,2005,85932569
제주도,서귀포시,읍면,문화/레져,내국인관광객,20대미만,여,2018-11-01,39,45,581600
제주도,서귀포시,읍면,문화/레져,내국인관광객,20대미만,남,2018-11-01,51,60,572300
제주도,서귀포시,읍면,문화/레져,내국인관광객,20대,여,2018-11-01,1081,1205,33044947
제주도,서귀포시,읍면,문화/레져,내국인관광객,20대,남,2018-11-01,824,965,27440869
제주도,서귀포시,읍면,교통,제주도민,60대이상,여,2018-11-01,779,1346,88730768
제주도,서귀포시,읍면,교통,제주도민,60대이상,남,2018-11-01,3572,7236,463718548
제주도,서귀포시,읍면,교통,제주도민,50대,여,2018-11-01,1042,1829,108056389
제주도,서귀포시,읍면,교통,제주도민,50대,남,2018-11-01,2490,4862,358742390
제주도,서귀포시,읍면,교통,제주도민,40대,여,2018-11-01,1050,1854,107533290
제주도,서귀포시,읍면,교통,제주도민,40대,남,2018-11-01,2029,3880,265328142
제주도,서귀포시,읍면,교통,제주도민,30대,여,2018-11-01,644,1031,50182587
제주도,서귀포시,읍면,교통,제주도민,30대,남,2018-11-01,947,1716,111388917
제주도,서귀포시,읍면,교통,제주도민,20대미만,여,2018-11-01,4,9,290300
제주도,서귀포시,읍면,교통,제주도민,20대미만,남,2018-11-01,11,19,702213
제주도,서귀포시,읍면,교통,제주도민,20대,여,2018-11-01,253,363,14883752
제주도,서귀포시,읍면,교통,제주도민,20대,남,2018-11-01,382,583,25754212
제주도,서귀포시,읍면,교통,내국인관광객,60대이상,여,2018-11-01,261,329,18076786
제주도,서귀포시,읍면,교통,내국인관광객,60대이상,남,2018-11-01,547,721,39176294
제주도,서귀포시,읍면,교통,내국인관광객,50대,여,2018-11-01,508,644,33653185
제주도,서귀포시,읍면,교통,내국인관광객,50대,남,2018-11-01,912,1208,57790211
제주도,서귀포시,읍면,교통,내국인관광객,40대,여,2018-11-01,595,742,33679603
제주도,서귀포시,읍면,교통,내국인관광객,40대,남,2018-11-01,1080,1441,65634662
제주도,서귀포시,읍면,교통,내국인관광객,30대,여,2018-11-01,669,799,32344529
제주도,서귀포시,읍면,교통,내국인관광객,30대,남,2018-11-01,1022,1242,47669477
제주도,서귀포시,읍면,교통,내국인관광객,20대미만,여,2018-11-01,3,3,80000
제주도,서귀포시,읍면,교통,내국인관광객,20대미만,남,2018-11-01,2,2,51425
제주도,서귀포시,읍면,교통,내국인관광객,20대,여,2018-11-01,397,436,14655551
제주도,서귀포시,읍면,교통,내국인관광객,20대,남,2018-11-01,483,562,19026186
제주도,서귀포시,도심,유흥,제주도민,60대이상,여,2018-11-01,68,91,10055100
제주도,서귀포시,도심,유흥,제주도민,60대이상,남,2018-11-01,295,452,61626500
제주도,서귀포시,도심,유흥,제주도민,50대,여,2018-11-01,154,177,17553000
제주도,서귀포시,도심,유흥,제주도민,50대,남,2018-11-01,797,1169,178352700
제주도,서귀포시,도심,유흥,제주도민,40대,여,2018-11-01,246,289,20147200
제주도,서귀포시,도심,유흥,제주도민,40대,남,2018-11-01,939,1331,245986600
제주도,서귀포시,도심,유흥,제주도민,30대,여,2018-11-01,206,243,14095200
제주도,서귀포시,도심,유흥,제주도민,30대,남,2018-11-01,474,658,78616200
제주도,서귀포시,도심,유흥,제주도민,20대미만,여,2018-11-01,9,12,533800
제주도,서귀포시,도심,유흥,제주도민,20대미만,남,2018-11-01,4,5,102000
제주도,서귀포시,도심,유흥,제주도민,20대,여,2018-11-01,213,289,12862200
제주도,서귀포시,도심,유흥,제주도민,20대,남,2018-11-01,350,547,31543700
제주도,서귀포시,도심,유흥,내국인관광객,60대이상,여,2018-11-01,40,52,4621800
제주도,서귀포시,도심,유흥,내국인관광객,60대이상,남,2018-11-01,82,120,14998300
제주도,서귀포시,도심,유흥,내국인관광객,50대,여,2018-11-01,60,66,5774700
제주도,서귀포시,도심,유흥,내국인관광객,50대,남,2018-11-01,272,366,62126100
제주도,서귀포시,도심,유흥,내국인관광객,40대,여,2018-11-01,80,93,6192700
제주도,서귀포시,도심,유흥,내국인관광객,40대,남,2018-11-01,256,332,51459100
제주도,서귀포시,도심,유흥,내국인관광객,30대,여,2018-11-01,105,126,5899300
제주도,서귀포시,도심,유흥,내국인관광객,30대,남,2018-11-01,242,293,24501100
제주도,서귀포시,도심,유흥,내국인관광객,20대미만,여,2018-11-01,1,1,49900
제주도,서귀포시,도심,유흥,내국인관광객,20대미만,남,2018-11-01,1,1,32000
제주도,서귀포시,도심,유흥,내국인관광객,20대,여,2018-11-01,171,202,8724600
제주도,서귀포시,도심,유흥,내국인관광객,20대,남,2018-11-01,184,263,11749500
제주도,서귀포시,도심,식음료,제주도민,60대이상,여,2018-11-01,2372,3804,128207130
제주도,서귀포시,도심,식음료,제주도민,60대이상,남,2018-11-01,4480,8064,316883770
제주도,서귀포시,도심,식음료,제주도민,50대,여,2018-11-01,4983,8946,264122972
제주도,서귀포시,도심,식음료,제주도민,50대,남,2018-11-01,7292,14146,524153584
제주도,서귀포시,도심,식음료,제주도민,40대,여,2018-11-01,7590,14911,351890141
제주도,서귀포시,도심,식음료,제주도민,40대,남,2018-11-01,9347,18730,617757554
제주도,서귀포시,도심,식음료,제주도민,30대,여,2018-11-01,6200,12554,258336024
제주도,서귀포시,도심,식음료,제주도민,30대,남,2018-11-01,6560,13057,331961095
제주도,서귀포시,도심,식음료,제주도민,20대미만,여,2018-11-01,429,845,9186575
제주도,서귀포시,도심,식음료,제주도민,20대미만,남,2018-11-01,210,391,5145550
제주도,서귀포시,도심,식음료,제주도민,20대,여,2018-11-01,3702,7186,131443705
제주도,서귀포시,도심,식음료,제주도민,20대,남,2018-11-01,3395,6449,144488550
제주도,서귀포시,도심,식음료,내국인관광객,60대이상,여,2018-11-01,2025,2697,112577583
제주도,서귀포시,도심,식음료,내국인관광객,60대이상,남,2018-11-01,3391,4878,221583935
제주도,서귀포시,도심,식음료,내국인관광객,50대,여,2018-11-01,4117,5513,237599830
제주도,서귀포시,도심,식음료,내국인관광객,50대,남,2018-11-01,5934,9062,426691636
제주도,서귀포시,도심,식음료,내국인관광객,40대,여,2018-11-01,5570,7728,292189190
제주도,서귀포시,도심,식음료,내국인관광객,40대,남,2018-11-01,7894,11730,462209536
제주도,서귀포시,도심,식음료,내국인관광객,30대,여,2018-11-01,7603,10693,328239710
제주도,서귀포시,도심,식음료,내국인관광객,30대,남,2018-11-01,8589,12577,397910235
제주도,서귀포시,도심,식음료,내국인관광객,20대미만,여,2018-11-01,127,220,2515970
제주도,서귀포시,도심,식음료,내국인관광객,20대미만,남,2018-11-01,153,176,1733120
제주도,서귀포시,도심,식음료,내국인관광객,20대,여,2018-11-01,5952,8366,213830120
제주도,서귀포시,도심,식음료,내국인관광객,20대,남,2018-11-01,5036,7356,191456044
제주도,서귀포시,도심,숙박,제주도민,60대이상,여,2018-11-01,62,77,15879409
제주도,서귀포시,도심,숙박,제주도민,60대이상,남,2018-11-01,125,178,21762090
제주도,서귀포시,도심,숙박,제주도민,50대,여,2018-11-01,97,138,19585156
제주도,서귀포시,도심,숙박,제주도민,50대,남,2018-11-01,207,266,27277724
제주도,서귀포시,도심,숙박,제주도민,40대,여,2018-11-01,133,190,35704681
제주도,서귀포시,도심,숙박,제주도민,40대,남,2018-11-01,284,403,32891574
제주도,서귀포시,도심,숙박,제주도민,30대,여,2018-11-01,130,173,32226671
제주도,서귀포시,도심,숙박,제주도민,30대,남,2018-11-01,190,250,24831031
제주도,서귀포시,도심,숙박,제주도민,20대미만,여,2018-11-01,2,2,60500
제주도,서귀포시,도심,숙박,제주도민,20대미만,남,2018-11-01,3,3,90000
제주도,서귀포시,도심,숙박,제주도민,20대,여,2018-11-01,80,94,4997812
제주도,서귀포시,도심,숙박,제주도민,20대,남,2018-11-01,97,136,7073233
제주도,서귀포시,도심,숙박,내국인관광객,60대이상,여,2018-11-01,232,293,47106546
제주도,서귀포시,도심,숙박,내국인관광객,60대이상,남,2018-11-01,463,611,95513381
제주도,서귀포시,도심,숙박,내국인관광객,50대,여,2018-11-01,501,592,80123734
제주도,서귀포시,도심,숙박,내국인관광객,50대,남,2018-11-01,790,1008,161023316
제주도,서귀포시,도심,숙박,내국인관광객,40대,여,2018-11-01,768,968,128877980
제주도,서귀포시,도심,숙박,내국인관광객,40대,남,2018-11-01,1082,1411,189509146
제주도,서귀포시,도심,숙박,내국인관광객,30대,여,2018-11-01,1103,1379,188244613
제주도,서귀포시,도심,숙박,내국인관광객,30대,남,2018-11-01,1153,1450,193843000
제주도,서귀포시,도심,숙박,내국인관광객,20대미만,여,2018-11-01,4,4,126400
제주도,서귀포시,도심,숙박,내국인관광객,20대미만,남,2018-11-01,1,1,90000
제주도,서귀포시,도심,숙박,내국인관광객,20대,여,2018-11-01,647,728,77715764
제주도,서귀포시,도심,숙박,내국인관광객,20대,남,2018-11-01,446,527,49521401
제주도,서귀포시,도심,쇼핑,제주도민,60대이상,여,2018-11-01,2955,8362,319916361
제주도,서귀포시,도심,쇼핑,제주도민,60대이상,남,2018-11-01,4053,11128,340678640
제주도,서귀포시,도심,쇼핑,제주도민,50대,여,2018-11-01,4728,14671,462251674
제주도,서귀포시,도심,쇼핑,제주도민,50대,남,2018-11-01,6384,20024,446561920
제주도,서귀포시,도심,쇼핑,제주도민,40대,여,2018-11-01,6412,20240,534641720
제주도,서귀포시,도심,쇼핑,제주도민,40대,남,2018-11-01,9270,30471,608821720
제주도,서귀포시,도심,쇼핑,제주도민,30대,여,2018-11-01,5119,14783,332871110
제주도,서귀포시,도심,쇼핑,제주도민,30대,남,2018-11-01,6733,21518,326463639
제주도,서귀포시,도심,쇼핑,제주도민,20대미만,여,2018-11-01,416,1168,7996070
제주도,서귀포시,도심,쇼핑,제주도민,20대미만,남,2018-11-01,333,925,4388940
제주도,서귀포시,도심,쇼핑,제주도민,20대,여,2018-11-01,3136,8986,124602004
제주도,서귀포시,도심,쇼핑,제주도민,20대,남,2018-11-01,3858,12241,116320780
제주도,서귀포시,도심,쇼핑,내국인관광객,60대이상,여,2018-11-01,1593,3166,111933870
제주도,서귀포시,도심,쇼핑,내국인관광객,60대이상,남,2018-11-01,2487,5071,131095100
제주도,서귀포시,도심,쇼핑,내국인관광객,50대,여,2018-11-01,3236,6068,173587840
제주도,서귀포시,도심,쇼핑,내국인관광객,50대,남,2018-11-01,5080,11098,245000260
제주도,서귀포시,도심,쇼핑,내국인관광객,40대,여,2018-11-01,4447,8234,197315310
제주도,서귀포시,도심,쇼핑,내국인관광객,40대,남,2018-11-01,7255,15698,297408940
제주도,서귀포시,도심,쇼핑,내국인관광객,30대,여,2018-11-01,5613,9753,190847000
제주도,서귀포시,도심,쇼핑,내국인관광객,30대,남,2018-11-01,7736,15750,250723660
제주도,서귀포시,도심,쇼핑,내국인관광객,20대미만,여,2018-11-01,245,410,3443590
제주도,서귀포시,도심,쇼핑,내국인관광객,20대미만,남,2018-11-01,340,566,2863410
제주도,서귀포시,도심,쇼핑,내국인관광객,20대,여,2018-11-01,4609,8309,120723564
제주도,서귀포시,도심,쇼핑,내국인관광객,20대,남,2018-11-01,5112,11231,127508040
제주도,서귀포시,도심,소매,제주도민,60대이상,여,2018-11-01,1339,2080,203613428
제주도,서귀포시,도심,소매,제주도민,60대이상,남,2018-11-01,1202,1757,158167454
제주도,서귀포시,도심,소매,제주도민,50대,여,2018-11-01,2003,3017,310283670
제주도,서귀포시,도심,소매,제주도민,50대,남,2018-11-01,1579,2380,212228798
제주도,서귀포시,도심,소매,제주도민,40대,여,2018-11-01,2100,3118,208344423
제주도,서귀포시,도심,소매,제주도민,40대,남,2018-11-01,1916,3014,210659697
제주도,서귀포시,도심,소매,제주도민,30대,여,2018-11-01,1436,2025,121828716
제주도,서귀포시,도심,소매,제주도민,30대,남,2018-11-01,1143,1600,76869788
제주도,서귀포시,도심,소매,제주도민,20대미만,여,2018-11-01,80,106,1927890
제주도,서귀포시,도심,소매,제주도민,20대미만,남,2018-11-01,49,53,1409078
제주도,서귀포시,도심,소매,제주도민,20대,여,2018-11-01,712,952,39348848
제주도,서귀포시,도심,소매,제주도민,20대,남,2018-11-01,541,711,30981690
제주도,서귀포시,도심,소매,내국인관광객,60대이상,여,2018-11-01,1042,1274,159388302
제주도,서귀포시,도심,소매,내국인관광객,60대이상,남,2018-11-01,1104,1394,168818763
제주도,서귀포시,도심,소매,내국인관광객,50대,여,2018-11-01,1630,2075,156620369
제주도,서귀포시,도심,소매,내국인관광객,50대,남,2018-11-01,1762,2344,165362782
제주도,서귀포시,도심,소매,내국인관광객,40대,여,2018-11-01,1908,2449,105688608
제주도,서귀포시,도심,소매,내국인관광객,40대,남,2018-11-01,2076,2783,124122779
제주도,서귀포시,도심,소매,내국인관광객,30대,여,2018-11-01,2307,3141,99397813
제주도,서귀포시,도심,소매,내국인관광객,30대,남,2018-11-01,2261,3149,104040781
제주도,서귀포시,도심,소매,내국인관광객,20대미만,여,2018-11-01,103,118,1567200
제주도,서귀포시,도심,소매,내국인관광객,20대미만,남,2018-11-01,74,78,934650
제주도,서귀포시,도심,소매,내국인관광객,20대,여,2018-11-01,1943,3004,66311834
제주도,서귀포시,도심,소매,내국인관광객,20대,남,2018-11-01,1196,1736,41411740
제주도,서귀포시,도심,문화/레져,제주도민,60대이상,여,2018-11-01,209,298,11696090
제주도,서귀포시,도심,문화/레져,제주도민,60대이상,남,2018-11-01,489,742,45667250
제주도,서귀포시,도심,문화/레져,제주도민,50대,여,2018-11-01,517,653,36023930
제주도,서귀포시,도심,문화/레져,제주도민,50대,남,2018-11-01,949,1375,83369373
제주도,서귀포시,도심,문화/레져,제주도민,40대,여,2018-11-01,989,1507,49599080
제주도,서귀포시,도심,문화/레져,제주도민,40대,남,2018-11-01,1131,1701,77023154
제주도,서귀포시,도심,문화/레져,제주도민,30대,여,2018-11-01,591,796,17182710
제주도,서귀포시,도심,문화/레져,제주도민,30대,남,2018-11-01,562,809,22907270
제주도,서귀포시,도심,문화/레져,제주도민,20대미만,여,2018-11-01,116,156,1894800
제주도,서귀포시,도심,문화/레져,제주도민,20대미만,남,2018-11-01,57,73,942800
제주도,서귀포시,도심,문화/레져,제주도민,20대,여,2018-11-01,437,520,9671515
제주도,서귀포시,도심,문화/레져,제주도민,20대,남,2018-11-01,356,509,9766725
제주도,서귀포시,도심,문화/레져,내국인관광객,60대이상,여,2018-11-01,212,264,15776250
제주도,서귀포시,도심,문화/레져,내국인관광객,60대이상,남,2018-11-01,442,603,55370780
제주도,서귀포시,도심,문화/레져,내국인관광객,50대,여,2018-11-01,453,573,30115710
제주도,서귀포시,도심,문화/레져,내국인관광객,50대,남,2018-11-01,828,1008,80994210
제주도,서귀포시,도심,문화/레져,내국인관광객,40대,여,2018-11-01,601,745,29683535
제주도,서귀포시,도심,문화/레져,내국인관광객,40대,남,2018-11-01,937,1148,64534630
제주도,서귀포시,도심,문화/레져,내국인관광객,30대,여,2018-11-01,619,778,19845475
제주도,서귀포시,도심,문화/레져,내국인관광객,30대,남,2018-11-01,711,936,28644330
제주도,서귀포시,도심,문화/레져,내국인관광객,20대미만,여,2018-11-01,10,23,173500
제주도,서귀포시,도심,문화/레져,내국인관광객,20대미만,남,2018-11-01,5,5,87900
제주도,서귀포시,도심,문화/레져,내국인관광객,20대,여,2018-11-01,398,461,9749100
제주도,서귀포시,도심,문화/레져,내국인관광객,20대,남,2018-11-01,451,559,11975400
제주도,서귀포시,도심,교통,제주도민,60대이상,여,2018-11-01,1074,1623,103732870
제주도,서귀포시,도심,교통,제주도민,60대이상,남,2018-11-01,3526,6393,366314438
제주도,서귀포시,도심,교통,제주도민,50대,여,2018-11-01,1749,2723,153560785
제주도,서귀포시,도심,교통,제주도민,50대,남,2018-11-01,3076,5241,318320155
제주도,서귀포시,도심,교통,제주도민,40대,여,2018-11-01,1823,2843,150601070
제주도,서귀포시,도심,교통,제주도민,40대,남,2018-11-01,3135,5247,301742063
제주도,서귀포시,도심,교통,제주도민,30대,여,2018-11-01,1263,1816,85146157
제주도,서귀포시,도심,교통,제주도민,30대,남,2018-11-01,1756,2821,140184521
제주도,서귀포시,도심,교통,제주도민,20대미만,여,2018-11-01,4,5,230000
제주도,서귀포시,도심,교통,제주도민,20대미만,남,2018-11-01,4,4,150000
제주도,서귀포시,도심,교통,제주도민,20대,여,2018-11-01,460,642,25526216
제주도,서귀포시,도심,교통,제주도민,20대,남,2018-11-01,617,923,41634013
제주도,서귀포시,도심,교통,내국인관광객,60대이상,여,2018-11-01,297,352,20185967
제주도,서귀포시,도심,교통,내국인관광객,60대이상,남,2018-11-01,698,898,48715236
제주도,서귀포시,도심,교통,내국인관광객,50대,여,2018-11-01,592,715,35201780
제주도,서귀포시,도심,교통,내국인관광객,50대,남,2018-11-01,1112,1432,69590932
제주도,서귀포시,도심,교통,내국인관광객,40대,여,2018-11-01,686,842,33727175
제주도,서귀포시,도심,교통,내국인관광객,40대,남,2018-11-01,1361,1716,75097083
제주도,서귀포시,도심,교통,내국인관광객,30대,여,2018-11-01,836,947,34248826
제주도,서귀포시,도심,교통,내국인관광객,30대,남,2018-11-01,1300,1542,60542319
제주도,서귀포시,도심,교통,내국인관광객,20대미만,여,2018-11-01,5,9,413040
제주도,서귀포시,도심,교통,내국인관광객,20대미만,남,2018-11-01,3,3,71000
제주도,서귀포시,도심,교통,내국인관광객,20대,여,2018-11-01,495,543,17951608
제주도,서귀포시,도심,교통,내국인관광객,20대,남,2018-11-01,544,612,20977290
제주도,제주시,읍면,유흥,제주도민,60대이상,여,2018-10-01,26,44,6860800
제주도,제주시,읍면,유흥,제주도민,60대이상,남,2018-10-01,102,176,30784100
제주도,제주시,읍면,유흥,제주도민,50대,여,2018-10-01,39,59,6242000
제주도,제주시,읍면,유흥,제주도민,50대,남,2018-10-01,261,505,85879300
제주도,제주시,읍면,유흥,제주도민,40대,여,2018-10-01,76,104,10283900
제주도,제주시,읍면,유흥,제주도민,40대,남,2018-10-01,232,364,62368800
제주도,제주시,읍면,유흥,제주도민,30대,여,2018-10-01,72,83,4414500
제주도,제주시,읍면,유흥,제주도민,30대,남,2018-10-01,139,208,26336200
제주도,제주시,읍면,유흥,제주도민,20대미만,남,2018-10-01,2,4,680000
제주도,제주시,읍면,유흥,제주도민,20대,여,2018-10-01,51,62,1853100
제주도,제주시,읍면,유흥,제주도민,20대,남,2018-10-01,75,93,7304900
제주도,제주시,읍면,유흥,내국인관광객,60대이상,여,2018-10-01,25,38,4963640
제주도,제주시,읍면,유흥,내국인관광객,60대이상,남,2018-10-01,66,88,12740700
제주도,제주시,읍면,유흥,내국인관광객,50대,여,2018-10-01,59,68,7320100
제주도,제주시,읍면,유흥,내국인관광객,50대,남,2018-10-01,136,204,32361900
제주도,제주시,읍면,유흥,내국인관광객,40대,여,2018-10-01,84,99,6903700
제주도,제주시,읍면,유흥,내국인관광객,40대,남,2018-10-01,150,217,28725400
제주도,제주시,읍면,유흥,내국인관광객,30대,여,2018-10-01,145,168,5534600
제주도,제주시,읍면,유흥,내국인관광객,30대,남,2018-10-01,172,201,16990300
제주도,제주시,읍면,유흥,내국인관광객,20대미만,여,2018-10-01,2,3,266000
제주도,제주시,읍면,유흥,내국인관광객,20대,여,2018-10-01,203,219,6400310
제주도,제주시,읍면,유흥,내국인관광객,20대,남,2018-10-01,101,117,4504400
제주도,제주시,읍면,식음료,제주도민,60대이상,여,2018-10-01,1378,2286,80417580
제주도,제주시,읍면,식음료,제주도민,60대이상,남,2018-10-01,2995,6482,232582921
제주도,제주시,읍면,식음료,제주도민,50대,여,2018-10-01,2876,5299,164854572
제주도,제주시,읍면,식음료,제주도민,50대,남,2018-10-01,4821,11000,396265672
제주도,제주시,읍면,식음료,제주도민,40대,여,2018-10-01,3999,8304,224519689
제주도,제주시,읍면,식음료,제주도민,40대,남,2018-10-01,5317,11668,367276020
제주도,제주시,읍면,식음료,제주도민,30대,여,2018-10-01,3551,6904,160842633
제주도,제주시,읍면,식음료,제주도민,30대,남,2018-10-01,3822,7844,210278951
제주도,제주시,읍면,식음료,제주도민,20대미만,여,2018-10-01,95,147,1978035
제주도,제주시,읍면,식음료,제주도민,20대미만,남,2018-10-01,103,203,3895300
제주도,제주시,읍면,식음료,제주도민,20대,여,2018-10-01,2320,3828,80757377
제주도,제주시,읍면,식음료,제주도민,20대,남,2018-10-01,1990,3523,80507305
제주도,제주시,읍면,식음료,내국인관광객,60대이상,여,2018-10-01,2208,3179,124435940
제주도,제주시,읍면,식음료,내국인관광객,60대이상,남,2018-10-01,3244,5195,215633360
제주도,제주시,읍면,식음료,내국인관광객,50대,여,2018-10-01,5105,7555,277017655
제주도,제주시,읍면,식음료,내국인관광객,50대,남,2018-10-01,5905,9590,352029074
제주도,제주시,읍면,식음료,내국인관광객,40대,여,2018-10-01,7126,11323,365099040
제주도,제주시,읍면,식음료,내국인관광객,40대,남,2018-10-01,8610,14173,483710516
제주도,제주시,읍면,식음료,내국인관광객,30대,여,2018-10-01,11794,18659,523347925
제주도,제주시,읍면,식음료,내국인관광객,30대,남,2018-10-01,11641,18481,521660786
제주도,제주시,읍면,식음료,내국인관광객,20대미만,여,2018-10-01,279,329,3924150
제주도,제주시,읍면,식음료,내국인관광객,20대미만,남,2018-10-01,255,334,4994010
제주도,제주시,읍면,식음료,내국인관광객,20대,여,2018-10-01,10608,17181,399295548
제주도,제주시,읍면,식음료,내국인관광객,20대,남,2018-10-01,6173,9418,230912360
제주도,제주시,읍면,숙박,제주도민,60대이상,여,2018-10-01,33,43,3227620
제주도,제주시,읍면,숙박,제주도민,60대이상,남,2018-10-01,74,157,14036900
제주도,제주시,읍면,숙박,제주도민,50대,여,2018-10-01,68,104,27683840
제주도,제주시,읍면,숙박,제주도민,50대,남,2018-10-01,135,178,9028650
제주도,제주시,읍면,숙박,제주도민,40대,여,2018-10-01,110,170,5208020
제주도,제주시,읍면,숙박,제주도민,40대,남,2018-10-01,169,241,11314348
제주도,제주시,읍면,숙박,제주도민,30대,여,2018-10-01,127,163,8269250
제주도,제주시,읍면,숙박,제주도민,30대,남,2018-10-01,178,258,9753970
제주도,제주시,읍면,숙박,제주도민,20대미만,여,2018-10-01,1,1,11000
제주도,제주시,읍면,숙박,제주도민,20대미만,남,2018-10-01,1,2,140000
제주도,제주시,읍면,숙박,제주도민,20대,여,2018-10-01,118,141,5222520
제주도,제주시,읍면,숙박,제주도민,20대,남,2018-10-01,127,154,6387360
제주도,제주시,읍면,숙박,내국인관광객,60대이상,여,2018-10-01,190,259,28450579
제주도,제주시,읍면,숙박,내국인관광객,60대이상,남,2018-10-01,332,450,49299390
제주도,제주시,읍면,숙박,내국인관광객,50대,여,2018-10-01,464,583,54498007
제주도,제주시,읍면,숙박,내국인관광객,50대,남,2018-10-01,584,790,88642105
제주도,제주시,읍면,숙박,내국인관광객,40대,여,2018-10-01,687,915,86631758
제주도,제주시,읍면,숙박,내국인관광객,40대,남,2018-10-01,888,1189,110395549
제주도,제주시,읍면,숙박,내국인관광객,30대,여,2018-10-01,1067,1322,115442764
제주도,제주시,읍면,숙박,내국인관광객,30대,남,2018-10-01,994,1314,89769029
제주도,제주시,읍면,숙박,내국인관광객,20대미만,여,2018-10-01,34,40,247750
제주도,제주시,읍면,숙박,내국인관광객,20대미만,남,2018-10-01,30,38,462050
제주도,제주시,읍면,숙박,내국인관광객,20대,여,2018-10-01,878,1030,45468895
제주도,제주시,읍면,숙박,내국인관광객,20대,남,2018-10-01,482,552,24624397
제주도,제주시,읍면,쇼핑,제주도민,60대이상,여,2018-10-01,1576,5102,159775482
제주도,제주시,읍면,쇼핑,제주도민,60대이상,남,2018-10-01,3036,10082,314077045
제주도,제주시,읍면,쇼핑,제주도민,50대,여,2018-10-01,2950,10166,284660553
제주도,제주시,읍면,쇼핑,제주도민,50대,남,2018-10-01,5196,18281,358464805
제주도,제주시,읍면,쇼핑,제주도민,40대,여,2018-10-01,3952,14241,310943101
제주도,제주시,읍면,쇼핑,제주도민,40대,남,2018-10-01,6859,24536,415525271
제주도,제주시,읍면,쇼핑,제주도민,30대,여,2018-10-01,3050,10375,182872400
제주도,제주시,읍면,쇼핑,제주도민,30대,남,2018-10-01,5086,17846,241130088
제주도,제주시,읍면,쇼핑,제주도민,20대미만,여,2018-10-01,171,615,3055240
제주도,제주시,읍면,쇼핑,제주도민,20대미만,남,2018-10-01,193,784,3782770
제주도,제주시,읍면,쇼핑,제주도민,20대,여,2018-10-01,1878,6220,58913327
제주도,제주시,읍면,쇼핑,제주도민,20대,남,2018-10-01,2807,10894,99820538
제주도,제주시,읍면,쇼핑,내국인관광객,60대이상,여,2018-10-01,1154,2611,62106120
제주도,제주시,읍면,쇼핑,내국인관광객,60대이상,남,2018-10-01,1865,4227,86866790
제주도,제주시,읍면,쇼핑,내국인관광객,50대,여,2018-10-01,2426,4729,113898510
제주도,제주시,읍면,쇼핑,내국인관광객,50대,남,2018-10-01,3872,9495,158257930
제주도,제주시,읍면,쇼핑,내국인관광객,40대,여,2018-10-01,3837,7518,137293150
제주도,제주시,읍면,쇼핑,내국인관광객,40대,남,2018-10-01,6253,14830,232269400
제주도,제주시,읍면,쇼핑,내국인관광객,30대,여,2018-10-01,5426,9831,157310322
제주도,제주시,읍면,쇼핑,내국인관광객,30대,남,2018-10-01,7401,15489,203657458
제주도,제주시,읍면,쇼핑,내국인관광객,20대미만,여,2018-10-01,290,439,2185600
제주도,제주시,읍면,쇼핑,내국인관광객,20대미만,남,2018-10-01,378,679,3942580
제주도,제주시,읍면,쇼핑,내국인관광객,20대,여,2018-10-01,4574,8329,82619170
제주도,제주시,읍면,쇼핑,내국인관광객,20대,남,2018-10-01,4276,9468,88645210
제주도,제주시,읍면,소매,제주도민,60대이상,여,2018-10-01,384,514,41685581
제주도,제주시,읍면,소매,제주도민,60대이상,남,2018-10-01,555,805,45773517
제주도,제주시,읍면,소매,제주도민,50대,여,2018-10-01,645,900,70332406
제주도,제주시,읍면,소매,제주도민,50대,남,2018-10-01,907,1393,95643576
제주도,제주시,읍면,소매,제주도민,40대,여,2018-10-01,819,1178,59517803
제주도,제주시,읍면,소매,제주도민,40대,남,2018-10-01,1085,1681,107941634
제주도,제주시,읍면,소매,제주도민,30대,여,2018-10-01,569,788,27467441
제주도,제주시,읍면,소매,제주도민,30대,남,2018-10-01,725,1145,52328114
제주도,제주시,읍면,소매,제주도민,20대미만,여,2018-10-01,16,24,174150
제주도,제주시,읍면,소매,제주도민,20대미만,남,2018-10-01,19,24,208500
제주도,제주시,읍면,소매,제주도민,20대,여,2018-10-01,356,495,12101960
제주도,제주시,읍면,소매,제주도민,20대,남,2018-10-01,346,527,18546085
제주도,제주시,읍면,소매,내국인관광객,60대이상,여,2018-10-01,713,833,44897646
제주도,제주시,읍면,소매,내국인관광객,60대이상,남,2018-10-01,756,913,49745977
제주도,제주시,읍면,소매,내국인관광객,50대,여,2018-10-01,1255,1505,68946640
제주도,제주시,읍면,소매,내국인관광객,50대,남,2018-10-01,1235,1562,66530259
제주도,제주시,읍면,소매,내국인관광객,40대,여,2018-10-01,1481,1812,53165036
제주도,제주시,읍면,소매,내국인관광객,40대,남,2018-10-01,1555,2010,65423076
제주도,제주시,읍면,소매,내국인관광객,30대,여,2018-10-01,1784,2070,56261027
제주도,제주시,읍면,소매,내국인관광객,30대,남,2018-10-01,1620,1931,55254068
제주도,제주시,읍면,소매,내국인관광객,20대미만,여,2018-10-01,335,446,4081150
제주도,제주시,읍면,소매,내국인관광객,20대미만,남,2018-10-01,392,546,3902450
제주도,제주시,읍면,소매,내국인관광객,20대,여,2018-10-01,1907,2216,47384192
제주도,제주시,읍면,소매,내국인관광객,20대,남,2018-10-01,914,1121,27169070
제주도,제주시,읍면,문화/레져,제주도민,60대이상,여,2018-10-01,189,238,18307525
제주도,제주시,읍면,문화/레져,제주도민,60대이상,남,2018-10-01,582,840,71565920
제주도,제주시,읍면,문화/레져,제주도민,50대,여,2018-10-01,501,657,51363990
제주도,제주시,읍면,문화/레져,제주도민,50대,남,2018-10-01,1267,1739,191876680
제주도,제주시,읍면,문화/레져,제주도민,40대,여,2018-10-01,726,961,75760875
제주도,제주시,읍면,문화/레져,제주도민,40대,남,2018-10-01,1414,1911,153934870
제주도,제주시,읍면,문화/레져,제주도민,30대,여,2018-10-01,785,1102,31447254
제주도,제주시,읍면,문화/레져,제주도민,30대,남,2018-10-01,746,1108,39552905
제주도,제주시,읍면,문화/레져,제주도민,20대미만,여,2018-10-01,15,25,312160
제주도,제주시,읍면,문화/레져,제주도민,20대미만,남,2018-10-01,45,219,883575
제주도,제주시,읍면,문화/레져,제주도민,20대,여,2018-10-01,400,542,7544930
제주도,제주시,읍면,문화/레져,제주도민,20대,남,2018-10-01,343,708,9195300
제주도,제주시,읍면,문화/레져,내국인관광객,60대이상,여,2018-10-01,703,949,57206060
제주도,제주시,읍면,문화/레져,내국인관광객,60대이상,남,2018-10-01,1365,1940,243551105
제주도,제주시,읍면,문화/레져,내국인관광객,50대,여,2018-10-01,1746,2265,128989976
제주도,제주시,읍면,문화/레져,내국인관광객,50대,남,2018-10-01,2348,3007,296152624
제주도,제주시,읍면,문화/레져,내국인관광객,40대,여,2018-10-01,2356,3116,117031115
제주도,제주시,읍면,문화/레져,내국인관광객,40대,남,2018-10-01,2857,3905,204749760
제주도,제주시,읍면,문화/레져,내국인관광객,30대,여,2018-10-01,2733,3639,75617755
제주도,제주시,읍면,문화/레져,내국인관광객,30대,남,2018-10-01,2592,3443,92167600
제주도,제주시,읍면,문화/레져,내국인관광객,20대미만,여,2018-10-01,203,247,1992300
제주도,제주시,읍면,문화/레져,내국인관광객,20대미만,남,2018-10-01,155,180,1031200
제주도,제주시,읍면,문화/레져,내국인관광객,20대,여,2018-10-01,1543,1792,37904520
제주도,제주시,읍면,문화/레져,내국인관광객,20대,남,2018-10-01,1006,1336,27612050
제주도,제주시,읍면,교통,제주도민,60대이상,여,2018-10-01,953,1607,117046034
제주도,제주시,읍면,교통,제주도민,60대이상,남,2018-10-01,3775,7758,502221268
제주도,제주시,읍면,교통,제주도민,50대,여,2018-10-01,1370,2295,145628079
제주도,제주시,읍면,교통,제주도민,50대,남,2018-10-01,2893,5847,378642645
제주도,제주시,읍면,교통,제주도민,40대,여,2018-10-01,1375,2200,125457612
제주도,제주시,읍면,교통,제주도민,40대,남,2018-10-01,2476,4553,329314731
제주도,제주시,읍면,교통,제주도민,30대,여,2018-10-01,957,1486,73933484
제주도,제주시,읍면,교통,제주도민,30대,남,2018-10-01,1439,2336,123598520
제주도,제주시,읍면,교통,제주도민,20대미만,여,2018-10-01,5,5,212000
제주도,제주시,읍면,교통,제주도민,20대미만,남,2018-10-01,9,13,492000
제주도,제주시,읍면,교통,제주도민,20대,여,2018-10-01,364,505,19864008
제주도,제주시,읍면,교통,제주도민,20대,남,2018-10-01,528,844,32831374
제주도,제주시,읍면,교통,내국인관광객,60대이상,여,2018-10-01,636,802,43321343
제주도,제주시,읍면,교통,내국인관광객,60대이상,남,2018-10-01,1400,1737,95104991
제주도,제주시,읍면,교통,내국인관광객,50대,여,2018-10-01,1601,2033,91945854
제주도,제주시,읍면,교통,내국인관광객,50대,남,2018-10-01,2862,3548,207375456
제주도,제주시,읍면,교통,내국인관광객,40대,여,2018-10-01,1948,2429,106244567
제주도,제주시,읍면,교통,내국인관광객,40대,남,2018-10-01,3474,4356,226856794
제주도,제주시,읍면,교통,내국인관광객,30대,여,2018-10-01,2459,2904,101194439
제주도,제주시,읍면,교통,내국인관광객,30대,남,2018-10-01,3974,4613,189085383
제주도,제주시,읍면,교통,내국인관광객,20대미만,여,2018-10-01,9,9,314000
제주도,제주시,읍면,교통,내국인관광객,20대미만,남,2018-10-01,9,9,427000
제주도,제주시,읍면,교통,내국인관광객,20대,여,2018-10-01,2116,2476,64926737
제주도,제주시,읍면,교통,내국인관광객,20대,남,2018-10-01,1944,2185,72985032
제주도,제주시,도심,유흥,제주도민,60대이상,여,2018-10-01,274,356,42456410
제주도,제주시,도심,유흥,제주도민,60대이상,남,2018-10-01,1121,1721,206530840
제주도,제주시,도심,유흥,제주도민,50대,여,2018-10-01,789,1012,88732510
제주도,제주시,도심,유흥,제주도민,50대,남,2018-10-01,3502,5303,708507920
제주도,제주시,도심,유흥,제주도민,40대,여,2018-10-01,1218,1498,115987625
제주도,제주시,도심,유흥,제주도민,40대,남,2018-10-01,4335,6237,959363498
제주도,제주시,도심,유흥,제주도민,30대,여,2018-10-01,1028,1303,84623375
제주도,제주시,도심,유흥,제주도민,30대,남,2018-10-01,2887,3894,447974610
제주도,제주시,도심,유흥,제주도민,20대미만,여,2018-10-01,47,79,2564300
제주도,제주시,도심,유흥,제주도민,20대미만,남,2018-10-01,48,67,2680900
제주도,제주시,도심,유흥,제주도민,20대,여,2018-10-01,1609,2307,102043385
제주도,제주시,도심,유흥,제주도민,20대,남,2018-10-01,2328,3471,215831735
제주도,제주시,도심,유흥,내국인관광객,60대이상,여,2018-10-01,80,96,11040500
제주도,제주시,도심,유흥,내국인관광객,60대이상,남,2018-10-01,259,352,66366800
제주도,제주시,도심,유흥,내국인관광객,50대,여,2018-10-01,270,307,41643700
제주도,제주시,도심,유흥,내국인관광객,50대,남,2018-10-01,814,1071,202801000
제주도,제주시,도심,유흥,내국인관광객,40대,여,2018-10-01,273,334,35665000
제주도,제주시,도심,유흥,내국인관광객,40대,남,2018-10-01,1012,1353,251841800
제주도,제주시,도심,유흥,내국인관광객,30대,여,2018-10-01,269,338,23173700
제주도,제주시,도심,유흥,내국인관광객,30대,남,2018-10-01,762,1011,117683300
제주도,제주시,도심,유흥,내국인관광객,20대미만,여,2018-10-01,6,10,512000
제주도,제주시,도심,유흥,내국인관광객,20대미만,남,2018-10-01,4,5,497000
제주도,제주시,도심,유흥,내국인관광객,20대,여,2018-10-01,373,487,21112500
제주도,제주시,도심,유흥,내국인관광객,20대,남,2018-10-01,552,770,44097455
제주도,제주시,도심,식음료,제주도민,60대이상,여,2018-10-01,9758,17008,552181431
제주도,제주시,도심,식음료,제주도민,60대이상,남,2018-10-01,16888,33894,1195348981
제주도,제주시,도심,식음료,제주도민,50대,여,2018-10-01,21796,47254,1228625526
제주도,제주시,도심,식음료,제주도민,50대,남,2018-10-01,30301,70331,2393847237
제주도,제주시,도심,식음료,제주도민,40대,여,2018-10-01,32091,79116,1844524702
제주도,제주시,도심,식음료,제주도민,40대,남,2018-10-01,37028,88208,2776589480
제주도,제주시,도심,식음료,제주도민,30대,여,2018-10-01,27102,64357,1342166021
제주도,제주시,도심,식음료,제주도민,30대,남,2018-10-01,29966,72074,1917105395
제주도,제주시,도심,식음료,제주도민,20대미만,여,2018-10-01,1762,4541,51295138
제주도,제주시,도심,식음료,제주도민,20대미만,남,2018-10-01,1536,4070,55130477
제주도,제주시,도심,식음료,제주도민,20대,여,2018-10-01,22637,61646,1066250591
제주도,제주시,도심,식음료,제주도민,20대,남,2018-10-01,19867,53029,1121535774
제주도,제주시,도심,식음료,내국인관광객,60대이상,여,2018-10-01,4285,5836,246040540
제주도,제주시,도심,식음료,내국인관광객,60대이상,남,2018-10-01,7521,11191,485198360
제주도,제주시,도심,식음료,내국인관광객,50대,여,2018-10-01,9828,13779,556739368
제주도,제주시,도심,식음료,내국인관광객,50대,남,2018-10-01,15205,24075,970069695
제주도,제주시,도심,식음료,내국인관광객,40대,여,2018-10-01,12704,19381,583245870
제주도,제주시,도심,식음료,내국인관광객,40대,남,2018-10-01,19379,31530,1093169833
제주도,제주시,도심,식음료,내국인관광객,30대,여,2018-10-01,17158,24949,624739409
제주도,제주시,도심,식음료,내국인관광객,30대,남,2018-10-01,21141,33578,910723164
제주도,제주시,도심,식음료,내국인관광객,20대미만,여,2018-10-01,510,745,8609040
제주도,제주시,도심,식음료,내국인관광객,20대미만,남,2018-10-01,588,749,8577960
제주도,제주시,도심,식음료,내국인관광객,20대,여,2018-10-01,15219,24395,478708998
제주도,제주시,도심,식음료,내국인관광객,20대,남,2018-10-01,12115,20974,436381053
제주도,제주시,도심,숙박,제주도민,60대이상,여,2018-10-01,189,268,62540140
제주도,제주시,도심,숙박,제주도민,60대이상,남,2018-10-01,383,539,151982010
제주도,제주시,도심,숙박,제주도민,50대,여,2018-10-01,331,464,91206400
제주도,제주시,도심,숙박,제주도민,50대,남,2018-10-01,712,975,205778555
제주도,제주시,도심,숙박,제주도민,40대,여,2018-10-01,362,494,52904241
제주도,제주시,도심,숙박,제주도민,40대,남,2018-10-01,799,1079,98479550
제주도,제주시,도심,숙박,제주도민,30대,여,2018-10-01,267,336,22185323
제주도,제주시,도심,숙박,제주도민,30대,남,2018-10-01,676,947,72515116
제주도,제주시,도심,숙박,제주도민,20대미만,여,2018-10-01,13,16,935900
제주도,제주시,도심,숙박,제주도민,20대미만,남,2018-10-01,17,28,1102000
제주도,제주시,도심,숙박,제주도민,20대,여,2018-10-01,367,470,20987470
제주도,제주시,도심,숙박,제주도민,20대,남,2018-10-01,616,851,62845386
제주도,제주시,도심,숙박,내국인관광객,60대이상,여,2018-10-01,259,316,35830178
제주도,제주시,도심,숙박,내국인관광객,60대이상,남,2018-10-01,645,801,109981043
제주도,제주시,도심,숙박,내국인관광객,50대,여,2018-10-01,648,813,96271564
제주도,제주시,도심,숙박,내국인관광객,50대,남,2018-10-01,1448,1871,302363622
제주도,제주시,도심,숙박,내국인관광객,40대,여,2018-10-01,833,1155,135805963
제주도,제주시,도심,숙박,내국인관광객,40대,남,2018-10-01,1682,2232,217810576
제주도,제주시,도심,숙박,내국인관광객,30대,여,2018-10-01,931,1161,135018880
제주도,제주시,도심,숙박,내국인관광객,30대,남,2018-10-01,1398,1758,159901367
제주도,제주시,도심,숙박,내국인관광객,20대미만,여,2018-10-01,20,24,768100
제주도,제주시,도심,숙박,내국인관광객,20대미만,남,2018-10-01,15,18,199300
제주도,제주시,도심,숙박,내국인관광객,20대,여,2018-10-01,634,713,56043743
제주도,제주시,도심,숙박,내국인관광객,20대,남,2018-10-01,641,759,50303449
제주도,제주시,도심,쇼핑,제주도민,60대이상,여,2018-10-01,11991,37029,1152459536
제주도,제주시,도심,쇼핑,제주도민,60대이상,남,2018-10-01,15554,47493,1255067157
제주도,제주시,도심,쇼핑,제주도민,50대,여,2018-10-01,22266,76172,2060300958
제주도,제주시,도심,쇼핑,제주도민,50대,남,2018-10-01,28642,99051,2112958728
제주도,제주시,도심,쇼핑,제주도민,40대,여,2018-10-01,29925,104819,2459331042
제주도,제주시,도심,쇼핑,제주도민,40대,남,2018-10-01,37737,138813,2593528420
제주도,제주시,도심,쇼핑,제주도민,30대,여,2018-10-01,24618,79367,1584881358
제주도,제주시,도심,쇼핑,제주도민,30대,남,2018-10-01,31462,116836,1682931157
제주도,제주시,도심,쇼핑,제주도민,20대미만,여,2018-10-01,1744,5142,29711882
제주도,제주시,도심,쇼핑,제주도민,20대미만,남,2018-10-01,2012,8216,37993590
제주도,제주시,도심,쇼핑,제주도민,20대,여,2018-10-01,19956,70329,781623739
제주도,제주시,도심,쇼핑,제주도민,20대,남,2018-10-01,22447,90942,787489455
제주도,제주시,도심,쇼핑,내국인관광객,60대이상,여,2018-10-01,5711,10629,488584502
제주도,제주시,도심,쇼핑,내국인관광객,60대이상,남,2018-10-01,8471,16520,672951406
제주도,제주시,도심,쇼핑,내국인관광객,50대,여,2018-10-01,12051,22654,969917131
제주도,제주시,도심,쇼핑,내국인관광객,50대,남,2018-10-01,18907,40886,1350068294
제주도,제주시,도심,쇼핑,내국인관광객,40대,여,2018-10-01,14862,29366,1090740631
제주도,제주시,도심,쇼핑,내국인관광객,40대,남,2018-10-01,24262,55485,1558135613
제주도,제주시,도심,쇼핑,내국인관광객,30대,여,2018-10-01,17865,34361,1114556540
제주도,제주시,도심,쇼핑,내국인관광객,30대,남,2018-10-01,24459,54380,1302818730
제주도,제주시,도심,쇼핑,내국인관광객,20대미만,여,2018-10-01,1022,1757,34744720
제주도,제주시,도심,쇼핑,내국인관광객,20대미만,남,2018-10-01,950,1504,16566445
제주도,제주시,도심,쇼핑,내국인관광객,20대,여,2018-10-01,15403,31549,718390294
제주도,제주시,도심,쇼핑,내국인관광객,20대,남,2018-10-01,15082,37283,581535766
제주도,제주시,도심,소매,제주도민,60대이상,여,2018-10-01,6003,9225,923644985
제주도,제주시,도심,소매,제주도민,60대이상,남,2018-10-01,5454,7860,798095310
제주도,제주시,도심,소매,제주도민,50대,여,2018-10-01,8865,13975,1437024147
제주도,제주시,도심,소매,제주도민,50대,남,2018-10-01,7672,11394,1078196120
제주도,제주시,도심,소매,제주도민,40대,여,2018-10-01,10842,18029,1432355188
제주도,제주시,도심,소매,제주도민,40대,남,2018-10-01,8560,13514,1142998129
제주도,제주시,도심,소매,제주도민,30대,여,2018-10-01,7651,12325,835657011
제주도,제주시,도심,소매,제주도민,30대,남,2018-10-01,5648,8700,611602291
제주도,제주시,도심,소매,제주도민,20대미만,여,2018-10-01,476,816,20905880
제주도,제주시,도심,소매,제주도민,20대미만,남,2018-10-01,329,482,16650130
제주도,제주시,도심,소매,제주도민,20대,여,2018-10-01,5076,7621,398068415
제주도,제주시,도심,소매,제주도민,20대,남,2018-10-01,3514,5192,312549549
제주도,제주시,도심,소매,내국인관광객,60대이상,여,2018-10-01,3517,4256,267134174
제주도,제주시,도심,소매,내국인관광객,60대이상,남,2018-10-01,3701,4453,293867039
제주도,제주시,도심,소매,내국인관광객,50대,여,2018-10-01,6169,7526,379308268
제주도,제주시,도심,소매,내국인관광객,50대,남,2018-10-01,6328,7731,428361316
제주도,제주시,도심,소매,내국인관광객,40대,여,2018-10-01,6526,8273,375913169
제주도,제주시,도심,소매,내국인관광객,40대,남,2018-10-01,6968,8775,401269920
제주도,제주시,도심,소매,내국인관광객,30대,여,2018-10-01,7730,9789,342592363
제주도,제주시,도심,소매,내국인관광객,30대,남,2018-10-01,7513,9448,363884947
제주도,제주시,도심,소매,내국인관광객,20대미만,여,2018-10-01,759,906,17309500
제주도,제주시,도심,소매,내국인관광객,20대미만,남,2018-10-01,745,885,16194800
제주도,제주시,도심,소매,내국인관광객,20대,여,2018-10-01,6687,8702,237610754
제주도,제주시,도심,소매,내국인관광객,20대,남,2018-10-01,3977,4992,163879926
제주도,제주시,도심,문화/레져,제주도민,60대이상,여,2018-10-01,631,884,43917505
제주도,제주시,도심,문화/레져,제주도민,60대이상,남,2018-10-01,1269,1918,110697057
제주도,제주시,도심,문화/레져,제주도민,50대,여,2018-10-01,1961,3027,124635887
제주도,제주시,도심,문화/레져,제주도민,50대,남,2018-10-01,3205,4860,252347368
제주도,제주시,도심,문화/레져,제주도민,40대,여,2018-10-01,4899,7390,207811440
제주도,제주시,도심,문화/레져,제주도민,40대,남,2018-10-01,4669,7316,267238618
제주도,제주시,도심,문화/레져,제주도민,30대,여,2018-10-01,3699,5606,131610938
제주도,제주시,도심,문화/레져,제주도민,30대,남,2018-10-01,3513,6177,147024196
제주도,제주시,도심,문화/레져,제주도민,20대미만,여,2018-10-01,583,1057,9790543
제주도,제주시,도심,문화/레져,제주도민,20대미만,남,2018-10-01,858,3287,24428627
제주도,제주시,도심,문화/레져,제주도민,20대,여,2018-10-01,3594,6240,97881218
제주도,제주시,도심,문화/레져,제주도민,20대,남,2018-10-01,4799,15279,149833984
제주도,제주시,도심,문화/레져,내국인관광객,60대이상,여,2018-10-01,207,307,13043025
제주도,제주시,도심,문화/레져,내국인관광객,60대이상,남,2018-10-01,417,547,57380099
제주도,제주시,도심,문화/레져,내국인관광객,50대,여,2018-10-01,454,581,29154593
제주도,제주시,도심,문화/레져,내국인관광객,50대,남,2018-10-01,1002,1351,101662928
제주도,제주시,도심,문화/레져,내국인관광객,40대,여,2018-10-01,779,1073,36392891
제주도,제주시,도심,문화/레져,내국인관광객,40대,남,2018-10-01,1332,1927,91428601
제주도,제주시,도심,문화/레져,내국인관광객,30대,여,2018-10-01,863,1170,25995522
제주도,제주시,도심,문화/레져,내국인관광객,30대,남,2018-10-01,1308,2216,48895527
제주도,제주시,도심,문화/레져,내국인관광객,20대미만,여,2018-10-01,100,142,1398100
제주도,제주시,도심,문화/레져,내국인관광객,20대미만,남,2018-10-01,153,268,2041520
제주도,제주시,도심,문화/레져,내국인관광객,20대,여,2018-10-01,1031,1745,25031886
제주도,제주시,도심,문화/레져,내국인관광객,20대,남,2018-10-01,1759,4540,43086540
제주도,제주시,도심,교통,제주도민,60대이상,여,2018-10-01,2856,4089,233084857
제주도,제주시,도심,교통,제주도민,60대이상,남,2018-10-01,6476,10131,640069382
제주도,제주시,도심,교통,제주도민,50대,여,2018-10-01,6346,9133,552772444
제주도,제주시,도심,교통,제주도민,50대,남,2018-10-01,10090,15664,953689477
제주도,제주시,도심,교통,제주도민,40대,여,2018-10-01,7255,10490,534587525
제주도,제주시,도심,교통,제주도민,40대,남,2018-10-01,10742,16566,949498974
제주도,제주시,도심,교통,제주도민,30대,여,2018-10-01,5130,6974,332413323
제주도,제주시,도심,교통,제주도민,30대,남,2018-10-01,7512,10979,521004248
제주도,제주시,도심,교통,제주도민,20대미만,여,2018-10-01,21,27,1032693
제주도,제주시,도심,교통,제주도민,20대미만,남,2018-10-01,53,77,1966731
제주도,제주시,도심,교통,제주도민,20대,여,2018-10-01,2515,3241,133847760
제주도,제주시,도심,교통,제주도민,20대,남,2018-10-01,3480,4943,204706891
제주도,제주시,도심,교통,내국인관광객,60대이상,여,2018-10-01,1485,1701,165482239
제주도,제주시,도심,교통,내국인관광객,60대이상,남,2018-10-01,3108,3593,299329224
제주도,제주시,도심,교통,내국인관광객,50대,여,2018-10-01,3993,4404,400272169
제주도,제주시,도심,교통,내국인관광객,50대,남,2018-10-01,6693,7660,681248193
제주도,제주시,도심,교통,내국인관광객,40대,여,2018-10-01,5607,6098,598834753
제주도,제주시,도심,교통,내국인관광객,40대,남,2018-10-01,9426,11009,1021560054
제주도,제주시,도심,교통,내국인관광객,30대,여,2018-10-01,7986,8553,895272432
제주도,제주시,도심,교통,내국인관광객,30대,남,2018-10-01,10705,11931,989755437
제주도,제주시,도심,교통,내국인관광객,20대미만,여,2018-10-01,36,49,6716072
제주도,제주시,도심,교통,내국인관광객,20대미만,남,2018-10-01,24,26,3887130
제주도,제주시,도심,교통,내국인관광객,20대,여,2018-10-01,5883,6058,703233108
제주도,제주시,도심,교통,내국인관광객,20대,남,2018-10-01,5111,5569,462877896
제주도,서귀포시,읍면,유흥,제주도민,60대이상,여,2018-10-01,30,39,4719800
제주도,서귀포시,읍면,유흥,제주도민,60대이상,남,2018-10-01,178,299,42989300
제주도,서귀포시,읍면,유흥,제주도민,50대,여,2018-10-01,90,139,17100050
제주도,서귀포시,읍면,유흥,제주도민,50대,남,2018-10-01,387,751,104977800
제주도,서귀포시,읍면,유흥,제주도민,40대,여,2018-10-01,88,107,9540200
제주도,서귀포시,읍면,유흥,제주도민,40대,남,2018-10-01,336,647,108095470
제주도,서귀포시,읍면,유흥,제주도민,30대,여,2018-10-01,49,68,3510400
제주도,서귀포시,읍면,유흥,제주도민,30대,남,2018-10-01,160,285,44614000
제주도,서귀포시,읍면,유흥,제주도민,20대미만,여,2018-10-01,1,5,1094000
제주도,서귀포시,읍면,유흥,제주도민,20대미만,남,2018-10-01,3,4,194000
제주도,서귀포시,읍면,유흥,제주도민,20대,여,2018-10-01,25,33,2248250
제주도,서귀포시,읍면,유흥,제주도민,20대,남,2018-10-01,91,125,10676200
제주도,서귀포시,읍면,유흥,내국인관광객,60대이상,여,2018-10-01,28,34,6112500
제주도,서귀포시,읍면,유흥,내국인관광객,60대이상,남,2018-10-01,58,82,7682665
제주도,서귀포시,읍면,유흥,내국인관광객,50대,여,2018-10-01,35,36,3571250
제주도,서귀포시,읍면,유흥,내국인관광객,50대,남,2018-10-01,131,200,28528400
제주도,서귀포시,읍면,유흥,내국인관광객,40대,여,2018-10-01,32,44,5101774
제주도,서귀포시,읍면,유흥,내국인관광객,40대,남,2018-10-01,131,203,26306500
제주도,서귀포시,읍면,유흥,내국인관광객,30대,여,2018-10-01,37,40,2904300
제주도,서귀포시,읍면,유흥,내국인관광객,30대,남,2018-10-01,96,139,14769500
제주도,서귀포시,읍면,유흥,내국인관광객,20대미만,남,2018-10-01,3,4,401000
제주도,서귀포시,읍면,유흥,내국인관광객,20대,여,2018-10-01,52,58,2076100
제주도,서귀포시,읍면,유흥,내국인관광객,20대,남,2018-10-01,53,74,3401500
제주도,서귀포시,읍면,식음료,제주도민,60대이상,여,2018-10-01,1009,1834,75069985
제주도,서귀포시,읍면,식음료,제주도민,60대이상,남,2018-10-01,2397,5244,229027990
제주도,서귀포시,읍면,식음료,제주도민,50대,여,2018-10-01,2123,4304,143796930
제주도,서귀포시,읍면,식음료,제주도민,50대,남,2018-10-01,3548,8613,350778071
제주도,서귀포시,읍면,식음료,제주도민,40대,여,2018-10-01,2704,6703,177512232
제주도,서귀포시,읍면,식음료,제주도민,40대,남,2018-10-01,3720,9500,320235288
제주도,서귀포시,읍면,식음료,제주도민,30대,여,2018-10-01,2233,4840,116497401
제주도,서귀포시,읍면,식음료,제주도민,30대,남,2018-10-01,2423,5313,145002422
제주도,서귀포시,읍면,식음료,제주도민,20대미만,여,2018-10-01,89,248,4748975
제주도,서귀포시,읍면,식음료,제주도민,20대미만,남,2018-10-01,79,229,5050830
제주도,서귀포시,읍면,식음료,제주도민,20대,여,2018-10-01,1170,2333,47924299
제주도,서귀포시,읍면,식음료,제주도민,20대,남,2018-10-01,1175,2631,67022590
제주도,서귀포시,읍면,식음료,내국인관광객,60대이상,여,2018-10-01,1849,2615,131632799
제주도,서귀포시,읍면,식음료,내국인관광객,60대이상,남,2018-10-01,2894,4391,225294251
제주도,서귀포시,읍면,식음료,내국인관광객,50대,여,2018-10-01,3996,5820,251682379
제주도,서귀포시,읍면,식음료,내국인관광객,50대,남,2018-10-01,4914,7963,343941417
제주도,서귀포시,읍면,식음료,내국인관광객,40대,여,2018-10-01,5520,8674,318552540
제주도,서귀포시,읍면,식음료,내국인관광객,40대,남,2018-10-01,7063,11657,442691430
제주도,서귀포시,읍면,식음료,내국인관광객,30대,여,2018-10-01,7526,11390,377858506
제주도,서귀포시,읍면,식음료,내국인관광객,30대,남,2018-10-01,8236,12999,422900753
제주도,서귀포시,읍면,식음료,내국인관광객,20대미만,여,2018-10-01,801,999,15214660
제주도,서귀포시,읍면,식음료,내국인관광객,20대미만,남,2018-10-01,484,622,8660290
제주도,서귀포시,읍면,식음료,내국인관광객,20대,여,2018-10-01,5256,7800,208173273
제주도,서귀포시,읍면,식음료,내국인관광객,20대,남,2018-10-01,3753,5727,150048997
제주도,서귀포시,읍면,숙박,제주도민,60대이상,여,2018-10-01,35,59,5162470
제주도,서귀포시,읍면,숙박,제주도민,60대이상,남,2018-10-01,59,75,5799660
제주도,서귀포시,읍면,숙박,제주도민,50대,여,2018-10-01,71,111,6185580
제주도,서귀포시,읍면,숙박,제주도민,50대,남,2018-10-01,130,184,10328870
제주도,서귀포시,읍면,숙박,제주도민,40대,여,2018-10-01,231,380,21851620
제주도,서귀포시,읍면,숙박,제주도민,40대,남,2018-10-01,287,465,24406630
제주도,서귀포시,읍면,숙박,제주도민,30대,여,2018-10-01,256,378,13077471
제주도,서귀포시,읍면,숙박,제주도민,30대,남,2018-10-01,220,323,9995360
제주도,서귀포시,읍면,숙박,제주도민,20대미만,여,2018-10-01,9,11,125000
제주도,서귀포시,읍면,숙박,제주도민,20대미만,남,2018-10-01,2,2,43250
제주도,서귀포시,읍면,숙박,제주도민,20대,여,2018-10-01,125,164,4258690
제주도,서귀포시,읍면,숙박,제주도민,20대,남,2018-10-01,121,150,4811046
제주도,서귀포시,읍면,숙박,내국인관광객,60대이상,여,2018-10-01,260,322,19658230
제주도,서귀포시,읍면,숙박,내국인관광객,60대이상,남,2018-10-01,364,464,39917997
제주도,서귀포시,읍면,숙박,내국인관광객,50대,여,2018-10-01,531,687,39819173
제주도,서귀포시,읍면,숙박,내국인관광객,50대,남,2018-10-01,649,843,59950542
제주도,서귀포시,읍면,숙박,내국인관광객,40대,여,2018-10-01,911,1253,113374340
제주도,서귀포시,읍면,숙박,내국인관광객,40대,남,2018-10-01,1092,1613,112867215
제주도,서귀포시,읍면,숙박,내국인관광객,30대,여,2018-10-01,1069,1466,93698572
제주도,서귀포시,읍면,숙박,내국인관광객,30대,남,2018-10-01,1019,1344,96719471
제주도,서귀포시,읍면,숙박,내국인관광객,20대미만,여,2018-10-01,79,90,896400
제주도,서귀포시,읍면,숙박,내국인관광객,20대미만,남,2018-10-01,54,79,452100
제주도,서귀포시,읍면,숙박,내국인관광객,20대,여,2018-10-01,674,823,30406211
제주도,서귀포시,읍면,숙박,내국인관광객,20대,남,2018-10-01,440,519,16442012
제주도,서귀포시,읍면,쇼핑,제주도민,60대이상,여,2018-10-01,1065,3792,98447505
제주도,서귀포시,읍면,쇼핑,제주도민,60대이상,남,2018-10-01,2045,7343,189376331
제주도,서귀포시,읍면,쇼핑,제주도민,50대,여,2018-10-01,2038,8258,220853057
제주도,서귀포시,읍면,쇼핑,제주도민,50대,남,2018-10-01,3488,14181,290358082
제주도,서귀포시,읍면,쇼핑,제주도민,40대,여,2018-10-01,2513,10783,215803940
제주도,서귀포시,읍면,쇼핑,제주도민,40대,남,2018-10-01,4723,18420,303443065
제주도,서귀포시,읍면,쇼핑,제주도민,30대,여,2018-10-01,1863,7230,114236786
제주도,서귀포시,읍면,쇼핑,제주도민,30대,남,2018-10-01,3350,12244,152992979
제주도,서귀포시,읍면,쇼핑,제주도민,20대미만,여,2018-10-01,107,526,2807390
제주도,서귀포시,읍면,쇼핑,제주도민,20대미만,남,2018-10-01,132,657,3813390
제주도,서귀포시,읍면,쇼핑,제주도민,20대,여,2018-10-01,1178,4897,44358325
제주도,서귀포시,읍면,쇼핑,제주도민,20대,남,2018-10-01,1886,8716,77399935
제주도,서귀포시,읍면,쇼핑,내국인관광객,60대이상,여,2018-10-01,1026,2292,48777098
제주도,서귀포시,읍면,쇼핑,내국인관광객,60대이상,남,2018-10-01,1734,3987,69822330
제주도,서귀포시,읍면,쇼핑,내국인관광객,50대,여,2018-10-01,2299,5245,92247592
제주도,서귀포시,읍면,쇼핑,내국인관광객,50대,남,2018-10-01,3475,8808,134791736
제주도,서귀포시,읍면,쇼핑,내국인관광객,40대,여,2018-10-01,3531,7463,112716591
제주도,서귀포시,읍면,쇼핑,내국인관광객,40대,남,2018-10-01,5749,13648,196119168
제주도,서귀포시,읍면,쇼핑,내국인관광객,30대,여,2018-10-01,4497,8624,118508453
제주도,서귀포시,읍면,쇼핑,내국인관광객,30대,남,2018-10-01,6232,13377,161961545
제주도,서귀포시,읍면,쇼핑,내국인관광객,20대미만,여,2018-10-01,504,883,4769280
제주도,서귀포시,읍면,쇼핑,내국인관광객,20대미만,남,2018-10-01,738,1199,6026950
제주도,서귀포시,읍면,쇼핑,내국인관광객,20대,여,2018-10-01,3058,6672,62624570
제주도,서귀포시,읍면,쇼핑,내국인관광객,20대,남,2018-10-01,3270,8614,74827250
제주도,서귀포시,읍면,소매,제주도민,60대이상,여,2018-10-01,430,818,51983716
제주도,서귀포시,읍면,소매,제주도민,60대이상,남,2018-10-01,572,977,58007751
제주도,서귀포시,읍면,소매,제주도민,50대,여,2018-10-01,761,1559,116905761
제주도,서귀포시,읍면,소매,제주도민,50대,남,2018-10-01,846,1665,121395726
제주도,서귀포시,읍면,소매,제주도민,40대,여,2018-10-01,801,1468,61611036
제주도,서귀포시,읍면,소매,제주도민,40대,남,2018-10-01,990,1853,80995268
제주도,서귀포시,읍면,소매,제주도민,30대,여,2018-10-01,627,1177,39894861
제주도,서귀포시,읍면,소매,제주도민,30대,남,2018-10-01,612,1087,41785682
제주도,서귀포시,읍면,소매,제주도민,20대미만,여,2018-10-01,30,46,623370
제주도,서귀포시,읍면,소매,제주도민,20대미만,남,2018-10-01,19,55,1232730
제주도,서귀포시,읍면,소매,제주도민,20대,여,2018-10-01,242,388,9138264
제주도,서귀포시,읍면,소매,제주도민,20대,남,2018-10-01,331,618,12151156
제주도,서귀포시,읍면,소매,내국인관광객,60대이상,여,2018-10-01,1043,1333,133296398
제주도,서귀포시,읍면,소매,내국인관광객,60대이상,남,2018-10-01,1083,1314,115340866
제주도,서귀포시,읍면,소매,내국인관광객,50대,여,2018-10-01,1607,2062,131264959
제주도,서귀포시,읍면,소매,내국인관광객,50대,남,2018-10-01,1597,2116,127311732
제주도,서귀포시,읍면,소매,내국인관광객,40대,여,2018-10-01,1956,2627,102358176
제주도,서귀포시,읍면,소매,내국인관광객,40대,남,2018-10-01,2220,3181,121830782
제주도,서귀포시,읍면,소매,내국인관광객,30대,여,2018-10-01,2005,2554,80438577
제주도,서귀포시,읍면,소매,내국인관광객,30대,남,2018-10-01,2242,2922,91140257
제주도,서귀포시,읍면,소매,내국인관광객,20대미만,여,2018-10-01,202,231,2423000
제주도,서귀포시,읍면,소매,내국인관광객,20대미만,남,2018-10-01,205,242,2564400
제주도,서귀포시,읍면,소매,내국인관광객,20대,여,2018-10-01,1107,1371,33945473
제주도,서귀포시,읍면,소매,내국인관광객,20대,남,2018-10-01,840,1111,26301760
제주도,서귀포시,읍면,문화/레져,제주도민,60대이상,여,2018-10-01,170,247,14435833
제주도,서귀포시,읍면,문화/레져,제주도민,60대이상,남,2018-10-01,752,1281,104616470
제주도,서귀포시,읍면,문화/레져,제주도민,50대,여,2018-10-01,431,605,41602125
제주도,서귀포시,읍면,문화/레져,제주도민,50대,남,2018-10-01,1066,1552,146229920
제주도,서귀포시,읍면,문화/레져,제주도민,40대,여,2018-10-01,612,864,47742105
제주도,서귀포시,읍면,문화/레져,제주도민,40대,남,2018-10-01,1112,1521,122454760
제주도,서귀포시,읍면,문화/레져,제주도민,30대,여,2018-10-01,599,747,30217545
제주도,서귀포시,읍면,문화/레져,제주도민,30대,남,2018-10-01,545,687,43448755
제주도,서귀포시,읍면,문화/레져,제주도민,20대미만,여,2018-10-01,11,11,142300
제주도,서귀포시,읍면,문화/레져,제주도민,20대미만,남,2018-10-01,12,26,192390
제주도,서귀포시,읍면,문화/레져,제주도민,20대,여,2018-10-01,198,217,6829000
제주도,서귀포시,읍면,문화/레져,제주도민,20대,남,2018-10-01,176,212,7568960
제주도,서귀포시,읍면,문화/레져,내국인관광객,60대이상,여,2018-10-01,516,727,68091191
제주도,서귀포시,읍면,문화/레져,내국인관광객,60대이상,남,2018-10-01,956,1399,166136277
제주도,서귀포시,읍면,문화/레져,내국인관광객,50대,여,2018-10-01,1187,1457,128611048
제주도,서귀포시,읍면,문화/레져,내국인관광객,50대,남,2018-10-01,1600,2013,211816945
제주도,서귀포시,읍면,문화/레져,내국인관광객,40대,여,2018-10-01,1883,2408,127439544
제주도,서귀포시,읍면,문화/레져,내국인관광객,40대,남,2018-10-01,2475,3174,184860287
제주도,서귀포시,읍면,문화/레져,내국인관광객,30대,여,2018-10-01,2378,2974,117403513
제주도,서귀포시,읍면,문화/레져,내국인관광객,30대,남,2018-10-01,2452,3128,123888275
제주도,서귀포시,읍면,문화/레져,내국인관광객,20대미만,여,2018-10-01,86,92,1089900
제주도,서귀포시,읍면,문화/레져,내국인관광객,20대미만,남,2018-10-01,60,66,713800
제주도,서귀포시,읍면,문화/레져,내국인관광객,20대,여,2018-10-01,1196,1427,42869236
제주도,서귀포시,읍면,문화/레져,내국인관광객,20대,남,2018-10-01,910,1082,30584164
제주도,서귀포시,읍면,교통,제주도민,60대이상,여,2018-10-01,737,1269,64508749
제주도,서귀포시,읍면,교통,제주도민,60대이상,남,2018-10-01,3518,7365,381674586
제주도,서귀포시,읍면,교통,제주도민,50대,여,2018-10-01,1107,1991,114755459
제주도,서귀포시,읍면,교통,제주도민,50대,남,2018-10-01,2558,5119,342034996
제주도,서귀포시,읍면,교통,제주도민,40대,여,2018-10-01,1094,1929,111019433
제주도,서귀포시,읍면,교통,제주도민,40대,남,2018-10-01,2073,4072,266221991
제주도,서귀포시,읍면,교통,제주도민,30대,여,2018-10-01,657,1144,56559429
제주도,서귀포시,읍면,교통,제주도민,30대,남,2018-10-01,1018,1850,108781575
제주도,서귀포시,읍면,교통,제주도민,20대미만,여,2018-10-01,7,11,469000
제주도,서귀포시,읍면,교통,제주도민,20대미만,남,2018-10-01,12,17,591612
제주도,서귀포시,읍면,교통,제주도민,20대,여,2018-10-01,286,424,17427143
제주도,서귀포시,읍면,교통,제주도민,20대,남,2018-10-01,393,675,28582276
제주도,서귀포시,읍면,교통,내국인관광객,60대이상,여,2018-10-01,255,329,18147823
제주도,서귀포시,읍면,교통,내국인관광객,60대이상,남,2018-10-01,541,739,39564490
제주도,서귀포시,읍면,교통,내국인관광객,50대,여,2018-10-01,517,670,34881198
제주도,서귀포시,읍면,교통,내국인관광객,50대,남,2018-10-01,944,1274,60375922
제주도,서귀포시,읍면,교통,내국인관광객,40대,여,2018-10-01,687,843,37876460
제주도,서귀포시,읍면,교통,내국인관광객,40대,남,2018-10-01,1297,1632,69643877
제주도,서귀포시,읍면,교통,내국인관광객,30대,여,2018-10-01,852,1038,37727743
제주도,서귀포시,읍면,교통,내국인관광객,30대,남,2018-10-01,1339,1587,61144352
제주도,서귀포시,읍면,교통,내국인관광객,20대미만,여,2018-10-01,6,6,219000
제주도,서귀포시,읍면,교통,내국인관광객,20대미만,남,2018-10-01,2,2,82850
제주도,서귀포시,읍면,교통,내국인관광객,20대,여,2018-10-01,560,646,21582247
제주도,서귀포시,읍면,교통,내국인관광객,20대,남,2018-10-01,581,667,21831085
제주도,서귀포시,도심,유흥,제주도민,60대이상,여,2018-10-01,65,95,17130900
제주도,서귀포시,도심,유흥,제주도민,60대이상,남,2018-10-01,307,480,64109900
제주도,서귀포시,도심,유흥,제주도민,50대,여,2018-10-01,159,200,14647100
제주도,서귀포시,도심,유흥,제주도민,50대,남,2018-10-01,803,1182,188402527
제주도,서귀포시,도심,유흥,제주도민,40대,여,2018-10-01,254,298,18164000
제주도,서귀포시,도심,유흥,제주도민,40대,남,2018-10-01,952,1366,240467400
제주도,서귀포시,도심,유흥,제주도민,30대,여,2018-10-01,216,259,17173500
제주도,서귀포시,도심,유흥,제주도민,30대,남,2018-10-01,537,745,99400000
제주도,서귀포시,도심,유흥,제주도민,20대미만,여,2018-10-01,9,10,526300
제주도,서귀포시,도심,유흥,제주도민,20대미만,남,2018-10-01,5,5,258000
제주도,서귀포시,도심,유흥,제주도민,20대,여,2018-10-01,238,320,13809600
제주도,서귀포시,도심,유흥,제주도민,20대,남,2018-10-01,405,641,42112000
제주도,서귀포시,도심,유흥,내국인관광객,60대이상,여,2018-10-01,31,41,4232300
제주도,서귀포시,도심,유흥,내국인관광객,60대이상,남,2018-10-01,86,117,16892700
제주도,서귀포시,도심,유흥,내국인관광객,50대,여,2018-10-01,82,97,6484400
제주도,서귀포시,도심,유흥,내국인관광객,50대,남,2018-10-01,258,348,59689600
제주도,서귀포시,도심,유흥,내국인관광객,40대,여,2018-10-01,86,107,7077100
제주도,서귀포시,도심,유흥,내국인관광객,40대,남,2018-10-01,266,362,56635600
제주도,서귀포시,도심,유흥,내국인관광객,30대,여,2018-10-01,117,141,6395750
제주도,서귀포시,도심,유흥,내국인관광객,30대,남,2018-10-01,245,311,24335100
제주도,서귀포시,도심,유흥,내국인관광객,20대미만,여,2018-10-01,1,1,12000
제주도,서귀포시,도심,유흥,내국인관광객,20대미만,남,2018-10-01,1,2,26900
제주도,서귀포시,도심,유흥,내국인관광객,20대,여,2018-10-01,157,189,7051700
제주도,서귀포시,도심,유흥,내국인관광객,20대,남,2018-10-01,243,328,14538800
제주도,서귀포시,도심,식음료,제주도민,60대이상,여,2018-10-01,2578,4026,138649010
제주도,서귀포시,도심,식음료,제주도민,60대이상,남,2018-10-01,4647,8159,323767567
제주도,서귀포시,도심,식음료,제주도민,50대,여,2018-10-01,5112,9190,266003188
제주도,서귀포시,도심,식음료,제주도민,50대,남,2018-10-01,7540,14176,527971711
제주도,서귀포시,도심,식음료,제주도민,40대,여,2018-10-01,7836,15393,367567048
제주도,서귀포시,도심,식음료,제주도민,40대,남,2018-10-01,9994,19799,643311604
제주도,서귀포시,도심,식음료,제주도민,30대,여,2018-10-01,6489,12946,269246254
제주도,서귀포시,도심,식음료,제주도민,30대,남,2018-10-01,7089,14279,362063821
제주도,서귀포시,도심,식음료,제주도민,20대미만,여,2018-10-01,458,850,9890480
제주도,서귀포시,도심,식음료,제주도민,20대미만,남,2018-10-01,261,462,5644010
제주도,서귀포시,도심,식음료,제주도민,20대,여,2018-10-01,3861,7493,133153289
제주도,서귀포시,도심,식음료,제주도민,20대,남,2018-10-01,3454,6681,152300101
제주도,서귀포시,도심,식음료,내국인관광객,60대이상,여,2018-10-01,2222,2900,131679090
제주도,서귀포시,도심,식음료,내국인관광객,60대이상,남,2018-10-01,3502,4931,231224866
제주도,서귀포시,도심,식음료,내국인관광객,50대,여,2018-10-01,4297,5764,245503300
제주도,서귀포시,도심,식음료,내국인관광객,50대,남,2018-10-01,6158,9434,419604995
제주도,서귀포시,도심,식음료,내국인관광객,40대,여,2018-10-01,6160,8430,324242369
제주도,서귀포시,도심,식음료,내국인관광객,40대,남,2018-10-01,9113,13576,527556210
제주도,서귀포시,도심,식음료,내국인관광객,30대,여,2018-10-01,9152,12539,401471790
제주도,서귀포시,도심,식음료,내국인관광객,30대,남,2018-10-01,10480,15100,500544400
제주도,서귀포시,도심,식음료,내국인관광객,20대미만,여,2018-10-01,389,457,3901700
제주도,서귀포시,도심,식음료,내국인관광객,20대미만,남,2018-10-01,435,486,4556380
제주도,서귀포시,도심,식음료,내국인관광객,20대,여,2018-10-01,6352,9052,235528048
제주도,서귀포시,도심,식음료,내국인관광객,20대,남,2018-10-01,5725,8560,219376909
제주도,서귀포시,도심,숙박,제주도민,60대이상,여,2018-10-01,64,79,16916766
제주도,서귀포시,도심,숙박,제주도민,60대이상,남,2018-10-01,107,157,27639606
제주도,서귀포시,도심,숙박,제주도민,50대,여,2018-10-01,108,167,15975958
제주도,서귀포시,도심,숙박,제주도민,50대,남,2018-10-01,180,237,16261269
제주도,서귀포시,도심,숙박,제주도민,40대,여,2018-10-01,147,192,22322846
제주도,서귀포시,도심,숙박,제주도민,40대,남,2018-10-01,292,389,32220690
제주도,서귀포시,도심,숙박,제주도민,30대,여,2018-10-01,134,183,16305134
제주도,서귀포시,도심,숙박,제주도민,30대,남,2018-10-01,199,268,19372129
제주도,서귀포시,도심,숙박,제주도민,20대미만,여,2018-10-01,5,5,180000
제주도,서귀포시,도심,숙박,제주도민,20대미만,남,2018-10-01,2,2,44000
제주도,서귀포시,도심,숙박,제주도민,20대,여,2018-10-01,78,94,4806113
제주도,서귀포시,도심,숙박,제주도민,20대,남,2018-10-01,106,156,8486720
제주도,서귀포시,도심,숙박,내국인관광객,60대이상,여,2018-10-01,268,358,61316698
제주도,서귀포시,도심,숙박,내국인관광객,60대이상,남,2018-10-01,493,614,121386691
제주도,서귀포시,도심,숙박,내국인관광객,50대,여,2018-10-01,537,644,102964221
제주도,서귀포시,도심,숙박,내국인관광객,50대,남,2018-10-01,840,1037,149956831
제주도,서귀포시,도심,숙박,내국인관광객,40대,여,2018-10-01,817,1009,136588296
제주도,서귀포시,도심,숙박,내국인관광객,40대,남,2018-10-01,1320,1664,265156262
제주도,서귀포시,도심,숙박,내국인관광객,30대,여,2018-10-01,1342,1643,271203059
제주도,서귀포시,도심,숙박,내국인관광객,30대,남,2018-10-01,1404,1834,309668986
제주도,서귀포시,도심,숙박,내국인관광객,20대미만,여,2018-10-01,20,21,657024
제주도,서귀포시,도심,숙박,내국인관광객,20대미만,남,2018-10-01,12,12,483300
제주도,서귀포시,도심,숙박,내국인관광객,20대,여,2018-10-01,694,819,93532269
제주도,서귀포시,도심,숙박,내국인관광객,20대,남,2018-10-01,486,597,56047259
제주도,서귀포시,도심,쇼핑,제주도민,60대이상,여,2018-10-01,3009,8734,332589150
제주도,서귀포시,도심,쇼핑,제주도민,60대이상,남,2018-10-01,4211,12126,372652489
제주도,서귀포시,도심,쇼핑,제주도민,50대,여,2018-10-01,5176,16413,514351291
제주도,서귀포시,도심,쇼핑,제주도민,50대,남,2018-10-01,6779,21297,473769740
제주도,서귀포시,도심,쇼핑,제주도민,40대,여,2018-10-01,6832,22183,593909120
제주도,서귀포시,도심,쇼핑,제주도민,40대,남,2018-10-01,10117,33545,667295260
제주도,서귀포시,도심,쇼핑,제주도민,30대,여,2018-10-01,5640,16251,364193469
제주도,서귀포시,도심,쇼핑,제주도민,30대,남,2018-10-01,7173,23214,359932390
제주도,서귀포시,도심,쇼핑,제주도민,20대미만,여,2018-10-01,426,1252,7424470
제주도,서귀포시,도심,쇼핑,제주도민,20대미만,남,2018-10-01,338,1012,4581940
제주도,서귀포시,도심,쇼핑,제주도민,20대,여,2018-10-01,3241,9531,123612620
제주도,서귀포시,도심,쇼핑,제주도민,20대,남,2018-10-01,4100,13190,127929400
제주도,서귀포시,도심,쇼핑,내국인관광객,60대이상,여,2018-10-01,1745,3579,123691460
제주도,서귀포시,도심,쇼핑,내국인관광객,60대이상,남,2018-10-01,2575,5621,144707230
제주도,서귀포시,도심,쇼핑,내국인관광객,50대,여,2018-10-01,3448,6593,193686205
제주도,서귀포시,도심,쇼핑,내국인관광객,50대,남,2018-10-01,5191,11617,250655040
제주도,서귀포시,도심,쇼핑,내국인관광객,40대,여,2018-10-01,5004,9294,228330650
제주도,서귀포시,도심,쇼핑,내국인관광객,40대,남,2018-10-01,8430,17716,339614500
제주도,서귀포시,도심,쇼핑,내국인관광객,30대,여,2018-10-01,6800,11508,230579440
제주도,서귀포시,도심,쇼핑,내국인관광객,30대,남,2018-10-01,9484,18675,314066250
제주도,서귀포시,도심,쇼핑,내국인관광객,20대미만,여,2018-10-01,722,1131,5136370
제주도,서귀포시,도심,쇼핑,내국인관광객,20대미만,남,2018-10-01,1057,1576,7493540
제주도,서귀포시,도심,쇼핑,내국인관광객,20대,여,2018-10-01,4849,8781,135728210
제주도,서귀포시,도심,쇼핑,내국인관광객,20대,남,2018-10-01,6167,15469,159169170
제주도,서귀포시,도심,소매,제주도민,60대이상,여,2018-10-01,1353,2101,247536271
제주도,서귀포시,도심,소매,제주도민,60대이상,남,2018-10-01,1156,1784,178947878
제주도,서귀포시,도심,소매,제주도민,50대,여,2018-10-01,2021,3002,291038491
제주도,서귀포시,도심,소매,제주도민,50대,남,2018-10-01,1610,2361,222295902
제주도,서귀포시,도심,소매,제주도민,40대,여,2018-10-01,2172,3295,234058526
제주도,서귀포시,도심,소매,제주도민,40대,남,2018-10-01,1957,3094,236142369
제주도,서귀포시,도심,소매,제주도민,30대,여,2018-10-01,1492,2141,124566785
제주도,서귀포시,도심,소매,제주도민,30대,남,2018-10-01,1092,1527,102644458
제주도,서귀포시,도심,소매,제주도민,20대미만,여,2018-10-01,80,109,2634337
제주도,서귀포시,도심,소매,제주도민,20대미만,남,2018-10-01,42,52,1544950
제주도,서귀포시,도심,소매,제주도민,20대,여,2018-10-01,700,969,40198377
제주도,서귀포시,도심,소매,제주도민,20대,남,2018-10-01,564,778,38059133
제주도,서귀포시,도심,소매,내국인관광객,60대이상,여,2018-10-01,1031,1314,170761450
제주도,서귀포시,도심,소매,내국인관광객,60대이상,남,2018-10-01,1056,1292,142827197
제주도,서귀포시,도심,소매,내국인관광객,50대,여,2018-10-01,1662,2130,152604864
제주도,서귀포시,도심,소매,내국인관광객,50대,남,2018-10-01,1605,2115,135742706
제주도,서귀포시,도심,소매,내국인관광객,40대,여,2018-10-01,2044,2637,122591295
제주도,서귀포시,도심,소매,내국인관광객,40대,남,2018-10-01,2369,3222,126951419
제주도,서귀포시,도심,소매,내국인관광객,30대,여,2018-10-01,2688,3666,116103947
제주도,서귀포시,도심,소매,내국인관광객,30대,남,2018-10-01,2704,3794,118132254
제주도,서귀포시,도심,소매,내국인관광객,20대미만,여,2018-10-01,297,362,4303800
제주도,서귀포시,도심,소매,내국인관광객,20대미만,남,2018-10-01,246,280,3397100
제주도,서귀포시,도심,소매,내국인관광객,20대,여,2018-10-01,1932,2755,60398546
제주도,서귀포시,도심,소매,내국인관광객,20대,남,2018-10-01,1262,1835,45577620
제주도,서귀포시,도심,문화/레져,제주도민,60대이상,여,2018-10-01,170,223,9426230
제주도,서귀포시,도심,문화/레져,제주도민,60대이상,남,2018-10-01,519,736,40718350
제주도,서귀포시,도심,문화/레져,제주도민,50대,여,2018-10-01,504,626,36121260
제주도,서귀포시,도심,문화/레져,제주도민,50대,남,2018-10-01,927,1297,82232940
제주도,서귀포시,도심,문화/레져,제주도민,40대,여,2018-10-01,972,1223,51265177
제주도,서귀포시,도심,문화/레져,제주도민,40대,남,2018-10-01,1071,1492,76324027
제주도,서귀포시,도심,문화/레져,제주도민,30대,여,2018-10-01,641,837,20465872
제주도,서귀포시,도심,문화/레져,제주도민,30대,남,2018-10-01,610,815,23008460
제주도,서귀포시,도심,문화/레져,제주도민,20대미만,여,2018-10-01,104,132,1203300
제주도,서귀포시,도심,문화/레져,제주도민,20대미만,남,2018-10-01,59,87,1125900
제주도,서귀포시,도심,문화/레져,제주도민,20대,여,2018-10-01,431,502,10747660
제주도,서귀포시,도심,문화/레져,제주도민,20대,남,2018-10-01,379,502,12446165
제주도,서귀포시,도심,문화/레져,내국인관광객,60대이상,여,2018-10-01,211,260,13818540
제주도,서귀포시,도심,문화/레져,내국인관광객,60대이상,남,2018-10-01,487,664,52665904
제주도,서귀포시,도심,문화/레져,내국인관광객,50대,여,2018-10-01,457,541,32170100
제주도,서귀포시,도심,문화/레져,내국인관광객,50대,남,2018-10-01,826,1013,93523080
제주도,서귀포시,도심,문화/레져,내국인관광객,40대,여,2018-10-01,693,825,34169600
제주도,서귀포시,도심,문화/레져,내국인관광객,40대,남,2018-10-01,1141,1379,75201104
제주도,서귀포시,도심,문화/레져,내국인관광객,30대,여,2018-10-01,751,868,23684643
제주도,서귀포시,도심,문화/레져,내국인관광객,30대,남,2018-10-01,846,1007,29252140
제주도,서귀포시,도심,문화/레져,내국인관광객,20대미만,여,2018-10-01,35,46,401300
제주도,서귀포시,도심,문화/레져,내국인관광객,20대미만,남,2018-10-01,24,26,558900
제주도,서귀포시,도심,문화/레져,내국인관광객,20대,여,2018-10-01,407,442,11162650
제주도,서귀포시,도심,문화/레져,내국인관광객,20대,남,2018-10-01,635,797,19457600
제주도,서귀포시,도심,교통,제주도민,60대이상,여,2018-10-01,1009,1573,88293066
제주도,서귀포시,도심,교통,제주도민,60대이상,남,2018-10-01,3372,6020,295662835
제주도,서귀포시,도심,교통,제주도민,50대,여,2018-10-01,1700,2679,142297391
제주도,서귀포시,도심,교통,제주도민,50대,남,2018-10-01,3057,5212,304897661
제주도,서귀포시,도심,교통,제주도민,40대,여,2018-10-01,1858,2968,145540042
제주도,서귀포시,도심,교통,제주도민,40대,남,2018-10-01,3117,5301,301001630
제주도,서귀포시,도심,교통,제주도민,30대,여,2018-10-01,1398,2013,87955930
제주도,서귀포시,도심,교통,제주도민,30대,남,2018-10-01,1981,3024,141372991
제주도,서귀포시,도심,교통,제주도민,20대미만,여,2018-10-01,5,7,220000
제주도,서귀포시,도심,교통,제주도민,20대미만,남,2018-10-01,11,12,332000
제주도,서귀포시,도심,교통,제주도민,20대,여,2018-10-01,488,684,27845680
제주도,서귀포시,도심,교통,제주도민,20대,남,2018-10-01,671,1016,40913718
제주도,서귀포시,도심,교통,내국인관광객,60대이상,여,2018-10-01,328,397,23563530
제주도,서귀포시,도심,교통,내국인관광객,60대이상,남,2018-10-01,681,870,48377529
제주도,서귀포시,도심,교통,내국인관광객,50대,여,2018-10-01,641,804,38874433
제주도,서귀포시,도심,교통,내국인관광객,50대,남,2018-10-01,1183,1528,74098026
제주도,서귀포시,도심,교통,내국인관광객,40대,여,2018-10-01,818,973,40762435
제주도,서귀포시,도심,교통,내국인관광객,40대,남,2018-10-01,1665,2068,90937238
제주도,서귀포시,도심,교통,내국인관광객,30대,여,2018-10-01,1019,1160,41746562
제주도,서귀포시,도심,교통,내국인관광객,30대,남,2018-10-01,1645,1926,72876815
제주도,서귀포시,도심,교통,내국인관광객,20대미만,여,2018-10-01,7,7,259160
제주도,서귀포시,도심,교통,내국인관광객,20대,여,2018-10-01,595,649,22172643
제주도,서귀포시,도심,교통,내국인관광객,20대,남,2018-10-01,631,707,25005167
제주도,제주시,읍면,유흥,제주도민,60대이상,여,2018-09-01,25,33,4623500
제주도,제주시,읍면,유흥,제주도민,60대이상,남,2018-09-01,128,224,32018700
제주도,제주시,읍면,유흥,제주도민,50대,여,2018-09-01,68,93,9573500
제주도,제주시,읍면,유흥,제주도민,50대,남,2018-09-01,275,486,84381608
제주도,제주시,읍면,유흥,제주도민,40대,여,2018-09-01,104,139,15085600
제주도,제주시,읍면,유흥,제주도민,40대,남,2018-09-01,272,463,82661060
제주도,제주시,읍면,유흥,제주도민,30대,여,2018-09-01,66,76,4291100
제주도,제주시,읍면,유흥,제주도민,30대,남,2018-09-01,137,232,34635100
제주도,제주시,읍면,유흥,제주도민,20대미만,여,2018-09-01,2,2,109800
제주도,제주시,읍면,유흥,제주도민,20대미만,남,2018-09-01,3,4,540000
제주도,제주시,읍면,유흥,제주도민,20대,여,2018-09-01,65,76,3857800
제주도,제주시,읍면,유흥,제주도민,20대,남,2018-09-01,85,109,8656900
제주도,제주시,읍면,유흥,내국인관광객,60대이상,여,2018-09-01,25,33,2303300
제주도,제주시,읍면,유흥,내국인관광객,60대이상,남,2018-09-01,51,61,10316000
제주도,제주시,읍면,유흥,내국인관광객,50대,여,2018-09-01,48,52,3383600
제주도,제주시,읍면,유흥,내국인관광객,50대,남,2018-09-01,131,187,32363800
제주도,제주시,읍면,유흥,내국인관광객,40대,여,2018-09-01,66,79,4063300
제주도,제주시,읍면,유흥,내국인관광객,40대,남,2018-09-01,174,234,27346990
제주도,제주시,읍면,유흥,내국인관광객,30대,여,2018-09-01,198,212,6311400
제주도,제주시,읍면,유흥,내국인관광객,30대,남,2018-09-01,231,281,21046500
제주도,제주시,읍면,유흥,내국인관광객,20대미만,여,2018-09-01,3,3,68000
제주도,제주시,읍면,유흥,내국인관광객,20대미만,남,2018-09-01,3,3,60500
제주도,제주시,읍면,유흥,내국인관광객,20대,여,2018-09-01,228,252,8944800
제주도,제주시,읍면,유흥,내국인관광객,20대,남,2018-09-01,140,164,5905000
제주도,제주시,읍면,식음료,제주도민,60대이상,여,2018-09-01,1404,2337,84759245
제주도,제주시,읍면,식음료,제주도민,60대이상,남,2018-09-01,3085,6204,252876809
제주도,제주시,읍면,식음료,제주도민,50대,여,2018-09-01,3039,5405,167804730
제주도,제주시,읍면,식음료,제주도민,50대,남,2018-09-01,5023,11037,403975215
제주도,제주시,읍면,식음료,제주도민,40대,여,2018-09-01,3892,8143,224836505
제주도,제주시,읍면,식음료,제주도민,40대,남,2018-09-01,5386,11665,372691038
제주도,제주시,읍면,식음료,제주도민,30대,여,2018-09-01,3416,6636,158596470
제주도,제주시,읍면,식음료,제주도민,30대,남,2018-09-01,3947,7838,216522915
제주도,제주시,읍면,식음료,제주도민,20대미만,여,2018-09-01,78,135,2129870
제주도,제주시,읍면,식음료,제주도민,20대미만,남,2018-09-01,109,227,3869550
제주도,제주시,읍면,식음료,제주도민,20대,여,2018-09-01,2446,4024,87620590
제주도,제주시,읍면,식음료,제주도민,20대,남,2018-09-01,2034,3549,82166110
제주도,제주시,읍면,식음료,내국인관광객,60대이상,여,2018-09-01,1959,2944,113140906
제주도,제주시,읍면,식음료,내국인관광객,60대이상,남,2018-09-01,2992,4713,206050450
제주도,제주시,읍면,식음료,내국인관광객,50대,여,2018-09-01,4632,6834,235899605
제주도,제주시,읍면,식음료,내국인관광객,50대,남,2018-09-01,5704,9282,334071814
제주도,제주시,읍면,식음료,내국인관광객,40대,여,2018-09-01,6899,11071,344751120
제주도,제주시,읍면,식음료,내국인관광객,40대,남,2018-09-01,8838,14542,496493435
제주도,제주시,읍면,식음료,내국인관광객,30대,여,2018-09-01,13768,22363,607753045
제주도,제주시,읍면,식음료,내국인관광객,30대,남,2018-09-01,13986,22244,632191308
제주도,제주시,읍면,식음료,내국인관광객,20대미만,여,2018-09-01,143,175,2605400
제주도,제주시,읍면,식음료,내국인관광객,20대미만,남,2018-09-01,134,189,2571260
제주도,제주시,읍면,식음료,내국인관광객,20대,여,2018-09-01,13621,22187,511980018
제주도,제주시,읍면,식음료,내국인관광객,20대,남,2018-09-01,7872,12032,285340958
제주도,제주시,읍면,숙박,제주도민,60대이상,여,2018-09-01,28,35,11839300
제주도,제주시,읍면,숙박,제주도민,60대이상,남,2018-09-01,78,139,7326239
제주도,제주시,읍면,숙박,제주도민,50대,여,2018-09-01,73,96,7487000
제주도,제주시,읍면,숙박,제주도민,50대,남,2018-09-01,133,176,11921440
제주도,제주시,읍면,숙박,제주도민,40대,여,2018-09-01,131,187,6571130
제주도,제주시,읍면,숙박,제주도민,40대,남,2018-09-01,181,230,10589840
제주도,제주시,읍면,숙박,제주도민,30대,여,2018-09-01,134,172,5714760
제주도,제주시,읍면,숙박,제주도민,30대,남,2018-09-01,200,294,12523940
제주도,제주시,읍면,숙박,제주도민,20대미만,남,2018-09-01,2,6,132000
제주도,제주시,읍면,숙박,제주도민,20대,여,2018-09-01,121,157,5870041
제주도,제주시,읍면,숙박,제주도민,20대,남,2018-09-01,119,147,5606400
제주도,제주시,읍면,숙박,내국인관광객,60대이상,여,2018-09-01,171,237,20125370
제주도,제주시,읍면,숙박,내국인관광객,60대이상,남,2018-09-01,256,354,32828038
제주도,제주시,읍면,숙박,내국인관광객,50대,여,2018-09-01,353,434,31741655
제주도,제주시,읍면,숙박,내국인관광객,50대,남,2018-09-01,533,721,56573930
제주도,제주시,읍면,숙박,내국인관광객,40대,여,2018-09-01,644,830,67546953
제주도,제주시,읍면,숙박,내국인관광객,40대,남,2018-09-01,888,1215,96932087
제주도,제주시,읍면,숙박,내국인관광객,30대,여,2018-09-01,1306,1636,105462764
제주도,제주시,읍면,숙박,내국인관광객,30대,남,2018-09-01,1333,1776,122196949
제주도,제주시,읍면,숙박,내국인관광객,20대미만,여,2018-09-01,11,14,139100
제주도,제주시,읍면,숙박,내국인관광객,20대미만,남,2018-09-01,21,34,537100
제주도,제주시,읍면,숙박,내국인관광객,20대,여,2018-09-01,1179,1355,58903936
제주도,제주시,읍면,숙박,내국인관광객,20대,남,2018-09-01,624,712,28817253
제주도,제주시,읍면,쇼핑,제주도민,60대이상,여,2018-09-01,1824,6078,227619939
제주도,제주시,읍면,쇼핑,제주도민,60대이상,남,2018-09-01,3349,11325,415570784
제주도,제주시,읍면,쇼핑,제주도민,50대,여,2018-09-01,3348,11584,391015131
제주도,제주시,읍면,쇼핑,제주도민,50대,남,2018-09-01,5843,20604,472043369
제주도,제주시,읍면,쇼핑,제주도민,40대,여,2018-09-01,4485,15474,370693240
제주도,제주시,읍면,쇼핑,제주도민,40대,남,2018-09-01,7717,26548,490406494
제주도,제주시,읍면,쇼핑,제주도민,30대,여,2018-09-01,3350,11148,213842571
제주도,제주시,읍면,쇼핑,제주도민,30대,남,2018-09-01,5427,18744,294403837
제주도,제주시,읍면,쇼핑,제주도민,20대미만,여,2018-09-01,140,492,2588610
제주도,제주시,읍면,쇼핑,제주도민,20대미만,남,2018-09-01,242,892,4166910
제주도,제주시,읍면,쇼핑,제주도민,20대,여,2018-09-01,1979,6269,61604970
제주도,제주시,읍면,쇼핑,제주도민,20대,남,2018-09-01,3095,11405,107427010
제주도,제주시,읍면,쇼핑,내국인관광객,60대이상,여,2018-09-01,1222,2720,71783131
제주도,제주시,읍면,쇼핑,내국인관광객,60대이상,남,2018-09-01,2007,4398,101642460
제주도,제주시,읍면,쇼핑,내국인관광객,50대,여,2018-09-01,2487,4962,108308900
제주도,제주시,읍면,쇼핑,내국인관광객,50대,남,2018-09-01,3978,9682,164907170
제주도,제주시,읍면,쇼핑,내국인관광객,40대,여,2018-09-01,3872,7845,142775350
제주도,제주시,읍면,쇼핑,내국인관광객,40대,남,2018-09-01,6937,16401,260967080
제주도,제주시,읍면,쇼핑,내국인관광객,30대,여,2018-09-01,6613,11977,184020980
제주도,제주시,읍면,쇼핑,내국인관광객,30대,남,2018-09-01,9099,18568,252355392
제주도,제주시,읍면,쇼핑,내국인관광객,20대미만,여,2018-09-01,140,239,1460080
제주도,제주시,읍면,쇼핑,내국인관광객,20대미만,남,2018-09-01,204,438,2447690
제주도,제주시,읍면,쇼핑,내국인관광객,20대,여,2018-09-01,6009,10673,109480930
제주도,제주시,읍면,쇼핑,내국인관광객,20대,남,2018-09-01,5469,10869,108098830
제주도,제주시,읍면,소매,제주도민,60대이상,여,2018-09-01,405,569,66812471
제주도,제주시,읍면,소매,제주도민,60대이상,남,2018-09-01,618,921,63757555
제주도,제주시,읍면,소매,제주도민,50대,여,2018-09-01,760,1107,114692268
제주도,제주시,읍면,소매,제주도민,50대,남,2018-09-01,1029,1567,83986113
제주도,제주시,읍면,소매,제주도민,40대,여,2018-09-01,795,1142,52776046
제주도,제주시,읍면,소매,제주도민,40대,남,2018-09-01,1246,1889,114941005
제주도,제주시,읍면,소매,제주도민,30대,여,2018-09-01,514,720,32215506
제주도,제주시,읍면,소매,제주도민,30대,남,2018-09-01,741,1081,35658706
제주도,제주시,읍면,소매,제주도민,20대미만,여,2018-09-01,11,22,613050
제주도,제주시,읍면,소매,제주도민,20대미만,남,2018-09-01,23,46,317050
제주도,제주시,읍면,소매,제주도민,20대,여,2018-09-01,324,475,10822617
제주도,제주시,읍면,소매,제주도민,20대,남,2018-09-01,343,521,9662620
제주도,제주시,읍면,소매,내국인관광객,60대이상,여,2018-09-01,555,648,38435907
제주도,제주시,읍면,소매,내국인관광객,60대이상,남,2018-09-01,671,822,45016467
제주도,제주시,읍면,소매,내국인관광객,50대,여,2018-09-01,1036,1225,50932202
제주도,제주시,읍면,소매,내국인관광객,50대,남,2018-09-01,1044,1311,60088440
제주도,제주시,읍면,소매,내국인관광객,40대,여,2018-09-01,1289,1583,46684946
제주도,제주시,읍면,소매,내국인관광객,40대,남,2018-09-01,1543,1979,68850117
제주도,제주시,읍면,소매,내국인관광객,30대,여,2018-09-01,2083,2464,65523577
제주도,제주시,읍면,소매,내국인관광객,30대,남,2018-09-01,2005,2404,60749902
제주도,제주시,읍면,소매,내국인관광객,20대미만,여,2018-09-01,206,288,2735600
제주도,제주시,읍면,소매,내국인관광객,20대미만,남,2018-09-01,184,245,1961400
제주도,제주시,읍면,소매,내국인관광객,20대,여,2018-09-01,2577,3001,63735334
제주도,제주시,읍면,소매,내국인관광객,20대,남,2018-09-01,1299,1563,35006510
제주도,제주시,읍면,문화/레져,제주도민,60대이상,여,2018-09-01,169,207,16994830
제주도,제주시,읍면,문화/레져,제주도민,60대이상,남,2018-09-01,544,775,67185980
제주도,제주시,읍면,문화/레져,제주도민,50대,여,2018-09-01,436,563,37620613
제주도,제주시,읍면,문화/레져,제주도민,50대,남,2018-09-01,1213,1646,144188565
제주도,제주시,읍면,문화/레져,제주도민,40대,여,2018-09-01,644,885,58186895
제주도,제주시,읍면,문화/레져,제주도민,40대,남,2018-09-01,1352,1827,140993750
제주도,제주시,읍면,문화/레져,제주도민,30대,여,2018-09-01,521,751,20862290
제주도,제주시,읍면,문화/레져,제주도민,30대,남,2018-09-01,563,913,36230355
제주도,제주시,읍면,문화/레져,제주도민,20대미만,여,2018-09-01,16,23,211610
제주도,제주시,읍면,문화/레져,제주도민,20대미만,남,2018-09-01,48,230,1197030
제주도,제주시,읍면,문화/레져,제주도민,20대,여,2018-09-01,288,441,10001965
제주도,제주시,읍면,문화/레져,제주도민,20대,남,2018-09-01,308,766,10876550
제주도,제주시,읍면,문화/레져,내국인관광객,60대이상,여,2018-09-01,545,737,57233510
제주도,제주시,읍면,문화/레져,내국인관광객,60대이상,남,2018-09-01,932,1356,160155322
제주도,제주시,읍면,문화/레져,내국인관광객,50대,여,2018-09-01,1155,1555,79605035
제주도,제주시,읍면,문화/레져,내국인관광객,50대,남,2018-09-01,1712,2243,222717053
제주도,제주시,읍면,문화/레져,내국인관광객,40대,여,2018-09-01,1769,2473,88560809
제주도,제주시,읍면,문화/레져,내국인관광객,40대,남,2018-09-01,2380,3274,159629672
제주도,제주시,읍면,문화/레져,내국인관광객,30대,여,2018-09-01,2376,3162,66204465
제주도,제주시,읍면,문화/레져,내국인관광객,30대,남,2018-09-01,2377,3234,100191180
제주도,제주시,읍면,문화/레져,내국인관광객,20대미만,여,2018-09-01,99,121,936900
제주도,제주시,읍면,문화/레져,내국인관광객,20대미만,남,2018-09-01,56,67,494800
제주도,제주시,읍면,문화/레져,내국인관광객,20대,여,2018-09-01,1392,1709,29576105
제주도,제주시,읍면,문화/레져,내국인관광객,20대,남,2018-09-01,869,1180,22696850
제주도,제주시,읍면,교통,제주도민,60대이상,여,2018-09-01,977,1728,97637816
제주도,제주시,읍면,교통,제주도민,60대이상,남,2018-09-01,3868,8271,447437599
제주도,제주시,읍면,교통,제주도민,50대,여,2018-09-01,1330,2238,124223313
제주도,제주시,읍면,교통,제주도민,50대,남,2018-09-01,2976,6113,386502133
제주도,제주시,읍면,교통,제주도민,40대,여,2018-09-01,1406,2242,118243702
제주도,제주시,읍면,교통,제주도민,40대,남,2018-09-01,2685,4854,300582600
제주도,제주시,읍면,교통,제주도민,30대,여,2018-09-01,951,1445,63749090
제주도,제주시,읍면,교통,제주도민,30대,남,2018-09-01,1476,2389,117500559
제주도,제주시,읍면,교통,제주도민,20대미만,여,2018-09-01,7,9,278000
제주도,제주시,읍면,교통,제주도민,20대미만,남,2018-09-01,11,11,214500
제주도,제주시,읍면,교통,제주도민,20대,여,2018-09-01,376,509,20723153
제주도,제주시,읍면,교통,제주도민,20대,남,2018-09-01,568,872,30887219
제주도,제주시,읍면,교통,내국인관광객,60대이상,여,2018-09-01,564,708,40585125
제주도,제주시,읍면,교통,내국인관광객,60대이상,남,2018-09-01,1407,1676,90545193
제주도,제주시,읍면,교통,내국인관광객,50대,여,2018-09-01,1504,1863,85119058
제주도,제주시,읍면,교통,내국인관광객,50대,남,2018-09-01,2922,3587,200414286
제주도,제주시,읍면,교통,내국인관광객,40대,여,2018-09-01,1875,2267,96073940
제주도,제주시,읍면,교통,내국인관광객,40대,남,2018-09-01,3812,4640,231114315
제주도,제주시,읍면,교통,내국인관광객,30대,여,2018-09-01,2906,3453,156519548
제주도,제주시,읍면,교통,내국인관광객,30대,남,2018-09-01,4808,5541,212061273
제주도,제주시,읍면,교통,내국인관광객,20대미만,여,2018-09-01,12,13,381700
제주도,제주시,읍면,교통,내국인관광객,20대미만,남,2018-09-01,11,12,409600
제주도,제주시,읍면,교통,내국인관광객,20대,여,2018-09-01,2805,3299,81405056
제주도,제주시,읍면,교통,내국인관광객,20대,남,2018-09-01,2437,2753,82624622
제주도,제주시,도심,유흥,제주도민,60대이상,여,2018-09-01,282,382,39419510
제주도,제주시,도심,유흥,제주도민,60대이상,남,2018-09-01,1175,1697,207113150
제주도,제주시,도심,유흥,제주도민,50대,여,2018-09-01,854,1119,99945095
제주도,제주시,도심,유흥,제주도민,50대,남,2018-09-01,3709,5638,759087847
제주도,제주시,도심,유흥,제주도민,40대,여,2018-09-01,1286,1585,104564660
제주도,제주시,도심,유흥,제주도민,40대,남,2018-09-01,4608,6747,1035180905
제주도,제주시,도심,유흥,제주도민,30대,여,2018-09-01,1114,1374,92962725
제주도,제주시,도심,유흥,제주도민,30대,남,2018-09-01,3033,4196,506664658
제주도,제주시,도심,유흥,제주도민,20대미만,여,2018-09-01,38,49,2895500
제주도,제주시,도심,유흥,제주도민,20대미만,남,2018-09-01,44,65,3070300
제주도,제주시,도심,유흥,제주도민,20대,여,2018-09-01,1835,2753,116107551
제주도,제주시,도심,유흥,제주도민,20대,남,2018-09-01,2582,3970,235753305
제주도,제주시,도심,유흥,내국인관광객,60대이상,여,2018-09-01,70,93,10891100
제주도,제주시,도심,유흥,내국인관광객,60대이상,남,2018-09-01,231,334,68449200
제주도,제주시,도심,유흥,내국인관광객,50대,여,2018-09-01,198,237,24137600
제주도,제주시,도심,유흥,내국인관광객,50대,남,2018-09-01,736,979,175044100
제주도,제주시,도심,유흥,내국인관광객,40대,여,2018-09-01,241,283,24104600
제주도,제주시,도심,유흥,내국인관광객,40대,남,2018-09-01,967,1264,208199150
제주도,제주시,도심,유흥,내국인관광객,30대,여,2018-09-01,271,344,20085200
제주도,제주시,도심,유흥,내국인관광객,30대,남,2018-09-01,857,1163,120826600
제주도,제주시,도심,유흥,내국인관광객,20대미만,여,2018-09-01,4,6,510000
제주도,제주시,도심,유흥,내국인관광객,20대미만,남,2018-09-01,7,9,441000
제주도,제주시,도심,유흥,내국인관광객,20대,여,2018-09-01,427,568,27659050
제주도,제주시,도심,유흥,내국인관광객,20대,남,2018-09-01,625,860,45994250
제주도,제주시,도심,식음료,제주도민,60대이상,여,2018-09-01,9852,16974,513029170
제주도,제주시,도심,식음료,제주도민,60대이상,남,2018-09-01,17170,33659,1233556949
제주도,제주시,도심,식음료,제주도민,50대,여,2018-09-01,22292,47164,1269092787
제주도,제주시,도심,식음료,제주도민,50대,남,2018-09-01,31077,70093,2436371616
제주도,제주시,도심,식음료,제주도민,40대,여,2018-09-01,31892,76846,1816034620
제주도,제주시,도심,식음료,제주도민,40대,남,2018-09-01,37199,86891,2807899527
제주도,제주시,도심,식음료,제주도민,30대,여,2018-09-01,26492,61503,1317071639
제주도,제주시,도심,식음료,제주도민,30대,남,2018-09-01,29991,70420,1902676118
제주도,제주시,도심,식음료,제주도민,20대미만,여,2018-09-01,1685,3944,44654306
제주도,제주시,도심,식음료,제주도민,20대미만,남,2018-09-01,1447,3509,49533751
제주도,제주시,도심,식음료,제주도민,20대,여,2018-09-01,23208,59401,1061281472
제주도,제주시,도심,식음료,제주도민,20대,남,2018-09-01,20375,51590,1131998483
제주도,제주시,도심,식음료,내국인관광객,60대이상,여,2018-09-01,3871,5257,197856251
제주도,제주시,도심,식음료,내국인관광객,60대이상,남,2018-09-01,6869,10092,404314490
제주도,제주시,도심,식음료,내국인관광객,50대,여,2018-09-01,8913,12477,426134510
제주도,제주시,도심,식음료,내국인관광객,50대,남,2018-09-01,14580,22872,867970918
제주도,제주시,도심,식음료,내국인관광객,40대,여,2018-09-01,12313,18785,538768477
제주도,제주시,도심,식음료,내국인관광객,40대,남,2018-09-01,19792,31089,1023235995
제주도,제주시,도심,식음료,내국인관광객,30대,여,2018-09-01,19679,28032,694939397
제주도,제주시,도심,식음료,내국인관광객,30대,남,2018-09-01,24383,36935,999590066
제주도,제주시,도심,식음료,내국인관광객,20대미만,여,2018-09-01,303,506,6199260
제주도,제주시,도심,식음료,내국인관광객,20대미만,남,2018-09-01,305,480,6770050
제주도,제주시,도심,식음료,내국인관광객,20대,여,2018-09-01,18663,27882,549203035
제주도,제주시,도심,식음료,내국인관광객,20대,남,2018-09-01,14329,23179,498166449
제주도,제주시,도심,숙박,제주도민,60대이상,여,2018-09-01,177,254,41915132
제주도,제주시,도심,숙박,제주도민,60대이상,남,2018-09-01,328,475,65333991
제주도,제주시,도심,숙박,제주도민,50대,여,2018-09-01,310,418,64412809
제주도,제주시,도심,숙박,제주도민,50대,남,2018-09-01,646,902,89751520
제주도,제주시,도심,숙박,제주도민,40대,여,2018-09-01,331,465,60346578
제주도,제주시,도심,숙박,제주도민,40대,남,2018-09-01,903,1228,92205926
제주도,제주시,도심,숙박,제주도민,30대,여,2018-09-01,249,325,21819799
제주도,제주시,도심,숙박,제주도민,30대,남,2018-09-01,680,930,61804362
제주도,제주시,도심,숙박,제주도민,20대미만,여,2018-09-01,21,24,868000
제주도,제주시,도심,숙박,제주도민,20대미만,남,2018-09-01,19,27,1340380
제주도,제주시,도심,숙박,제주도민,20대,여,2018-09-01,439,576,25473550
제주도,제주시,도심,숙박,제주도민,20대,남,2018-09-01,656,884,37040671
제주도,제주시,도심,숙박,내국인관광객,60대이상,여,2018-09-01,226,285,33182718
제주도,제주시,도심,숙박,내국인관광객,60대이상,남,2018-09-01,493,615,92573762
제주도,제주시,도심,숙박,내국인관광객,50대,여,2018-09-01,549,665,71473276
제주도,제주시,도심,숙박,내국인관광객,50대,남,2018-09-01,1187,1626,249770471
제주도,제주시,도심,숙박,내국인관광객,40대,여,2018-09-01,690,924,96859442
제주도,제주시,도심,숙박,내국인관광객,40대,남,2018-09-01,1421,1820,175207099
제주도,제주시,도심,숙박,내국인관광객,30대,여,2018-09-01,990,1207,120258747
제주도,제주시,도심,숙박,내국인관광객,30대,남,2018-09-01,1459,1799,166912260
제주도,제주시,도심,숙박,내국인관광객,20대미만,여,2018-09-01,5,5,284500
제주도,제주시,도심,숙박,내국인관광객,20대미만,남,2018-09-01,5,7,186400
제주도,제주시,도심,숙박,내국인관광객,20대,여,2018-09-01,847,977,69999088
제주도,제주시,도심,숙박,내국인관광객,20대,남,2018-09-01,766,916,67114795
제주도,제주시,도심,쇼핑,제주도민,60대이상,여,2018-09-01,12928,40900,1477572929
제주도,제주시,도심,쇼핑,제주도민,60대이상,남,2018-09-01,16675,51476,1598644376
제주도,제주시,도심,쇼핑,제주도민,50대,여,2018-09-01,23320,79818,2342402864
제주도,제주시,도심,쇼핑,제주도민,50대,남,2018-09-01,30560,104302,2445699167
제주도,제주시,도심,쇼핑,제주도민,40대,여,2018-09-01,31279,106909,2653540164
제주도,제주시,도심,쇼핑,제주도민,40대,남,2018-09-01,39609,142200,2829838142
제주도,제주시,도심,쇼핑,제주도민,30대,여,2018-09-01,25264,79877,1635542329
제주도,제주시,도심,쇼핑,제주도민,30대,남,2018-09-01,32659,117014,1772767638
제주도,제주시,도심,쇼핑,제주도민,20대미만,여,2018-09-01,1631,4738,28271938
제주도,제주시,도심,쇼핑,제주도민,20대미만,남,2018-09-01,1932,7731,36760800
제주도,제주시,도심,쇼핑,제주도민,20대,여,2018-09-01,21148,68953,820331270
제주도,제주시,도심,쇼핑,제주도민,20대,남,2018-09-01,23950,90502,813701158
제주도,제주시,도심,쇼핑,내국인관광객,60대이상,여,2018-09-01,5118,10035,458280175
제주도,제주시,도심,쇼핑,내국인관광객,60대이상,남,2018-09-01,7873,15379,669097373
제주도,제주시,도심,쇼핑,내국인관광객,50대,여,2018-09-01,10785,20896,919623650
제주도,제주시,도심,쇼핑,내국인관광객,50대,남,2018-09-01,18072,39588,1312563086
제주도,제주시,도심,쇼핑,내국인관광객,40대,여,2018-09-01,13865,27801,1064810653
제주도,제주시,도심,쇼핑,내국인관광객,40대,남,2018-09-01,24796,55557,1594824416
제주도,제주시,도심,쇼핑,내국인관광객,30대,여,2018-09-01,20039,36991,1298778410
제주도,제주시,도심,쇼핑,내국인관광객,30대,남,2018-09-01,27639,58145,1519415406
제주도,제주시,도심,쇼핑,내국인관광객,20대미만,여,2018-09-01,679,1208,24941510
제주도,제주시,도심,쇼핑,내국인관광객,20대미만,남,2018-09-01,536,925,10830290
제주도,제주시,도심,쇼핑,내국인관광객,20대,여,2018-09-01,19639,37159,957205703
제주도,제주시,도심,쇼핑,내국인관광객,20대,남,2018-09-01,17970,41002,732369006
제주도,제주시,도심,소매,제주도민,60대이상,여,2018-09-01,6336,9967,966144807
제주도,제주시,도심,소매,제주도민,60대이상,남,2018-09-01,5620,8182,861662665
제주도,제주시,도심,소매,제주도민,50대,여,2018-09-01,9042,14098,1390947875
제주도,제주시,도심,소매,제주도민,50대,남,2018-09-01,8155,12112,1161668650
제주도,제주시,도심,소매,제주도민,40대,여,2018-09-01,10922,18047,1305709881
제주도,제주시,도심,소매,제주도민,40대,남,2018-09-01,9076,14223,1130048279
제주도,제주시,도심,소매,제주도민,30대,여,2018-09-01,7479,12123,759826275
제주도,제주시,도심,소매,제주도민,30대,남,2018-09-01,5726,8667,571701873
제주도,제주시,도심,소매,제주도민,20대미만,여,2018-09-01,443,706,17939660
제주도,제주시,도심,소매,제주도민,20대미만,남,2018-09-01,374,540,18694644
제주도,제주시,도심,소매,제주도민,20대,여,2018-09-01,5200,7902,393758081
제주도,제주시,도심,소매,제주도민,20대,남,2018-09-01,3741,5488,321226566
제주도,제주시,도심,소매,내국인관광객,60대이상,여,2018-09-01,2562,3130,189889212
제주도,제주시,도심,소매,내국인관광객,60대이상,남,2018-09-01,3036,3688,308723010
제주도,제주시,도심,소매,내국인관광객,50대,여,2018-09-01,4844,6078,328015832
제주도,제주시,도심,소매,내국인관광객,50대,남,2018-09-01,5424,6645,408747425
제주도,제주시,도심,소매,내국인관광객,40대,여,2018-09-01,5656,7119,314146925
제주도,제주시,도심,소매,내국인관광객,40대,남,2018-09-01,6921,8715,391743160
제주도,제주시,도심,소매,내국인관광객,30대,여,2018-09-01,8372,10588,367950242
제주도,제주시,도심,소매,내국인관광객,30대,남,2018-09-01,8233,10287,385786349
제주도,제주시,도심,소매,내국인관광객,20대미만,여,2018-09-01,380,465,8430300
제주도,제주시,도심,소매,내국인관광객,20대미만,남,2018-09-01,444,543,10820500
제주도,제주시,도심,소매,내국인관광객,20대,여,2018-09-01,7939,10119,272911210
제주도,제주시,도심,소매,내국인관광객,20대,남,2018-09-01,4771,5948,184041329
제주도,제주시,도심,문화/레져,제주도민,60대이상,여,2018-09-01,646,922,40249881
제주도,제주시,도심,문화/레져,제주도민,60대이상,남,2018-09-01,1384,1966,113266726
제주도,제주시,도심,문화/레져,제주도민,50대,여,2018-09-01,2270,3412,127875641
제주도,제주시,도심,문화/레져,제주도민,50대,남,2018-09-01,3429,4995,251696257
제주도,제주시,도심,문화/레져,제주도민,40대,여,2018-09-01,5168,7616,221708853
제주도,제주시,도심,문화/레져,제주도민,40대,남,2018-09-01,5023,7772,271079074
제주도,제주시,도심,문화/레져,제주도민,30대,여,2018-09-01,3732,5474,135089067
제주도,제주시,도심,문화/레져,제주도민,30대,남,2018-09-01,3365,5943,153609710
제주도,제주시,도심,문화/레져,제주도민,20대미만,여,2018-09-01,552,930,8729039
제주도,제주시,도심,문화/레져,제주도민,20대미만,남,2018-09-01,815,3065,24946764
제주도,제주시,도심,문화/레져,제주도민,20대,여,2018-09-01,3951,6659,104048451
제주도,제주시,도심,문화/레져,제주도민,20대,남,2018-09-01,5198,15347,162230337
제주도,제주시,도심,문화/레져,내국인관광객,60대이상,여,2018-09-01,171,274,10808630
제주도,제주시,도심,문화/레져,내국인관광객,60대이상,남,2018-09-01,368,496,46596767
제주도,제주시,도심,문화/레져,내국인관광객,50대,여,2018-09-01,442,576,27825281
제주도,제주시,도심,문화/레져,내국인관광객,50대,남,2018-09-01,907,1173,82581466
제주도,제주시,도심,문화/레져,내국인관광객,40대,여,2018-09-01,852,1159,32836635
제주도,제주시,도심,문화/레져,내국인관광객,40대,남,2018-09-01,1375,1978,76485732
제주도,제주시,도심,문화/레져,내국인관광객,30대,여,2018-09-01,996,1347,32604760
제주도,제주시,도심,문화/레져,내국인관광객,30대,남,2018-09-01,1541,2516,52577262
제주도,제주시,도심,문화/레져,내국인관광객,20대미만,여,2018-09-01,85,127,1426540
제주도,제주시,도심,문화/레져,내국인관광객,20대미만,남,2018-09-01,127,263,1622250
제주도,제주시,도심,문화/레져,내국인관광객,20대,여,2018-09-01,1192,1789,28995920
제주도,제주시,도심,문화/레져,내국인관광객,20대,남,2018-09-01,1919,4600,45313770
제주도,제주시,도심,교통,제주도민,60대이상,여,2018-09-01,2884,4121,226732773
제주도,제주시,도심,교통,제주도민,60대이상,남,2018-09-01,6777,10405,592591512
제주도,제주시,도심,교통,제주도민,50대,여,2018-09-01,6428,9150,516988049
제주도,제주시,도심,교통,제주도민,50대,남,2018-09-01,10274,15778,958301473
제주도,제주시,도심,교통,제주도민,40대,여,2018-09-01,7420,10457,531544836
제주도,제주시,도심,교통,제주도민,40대,남,2018-09-01,11132,16762,914914283
제주도,제주시,도심,교통,제주도민,30대,여,2018-09-01,5152,6916,319796058
제주도,제주시,도심,교통,제주도민,30대,남,2018-09-01,7655,11012,511007963
제주도,제주시,도심,교통,제주도민,20대미만,여,2018-09-01,27,33,1345114
제주도,제주시,도심,교통,제주도민,20대미만,남,2018-09-01,47,52,1657415
제주도,제주시,도심,교통,제주도민,20대,여,2018-09-01,2422,3034,119132639
제주도,제주시,도심,교통,제주도민,20대,남,2018-09-01,3529,4843,196607421
제주도,제주시,도심,교통,내국인관광객,60대이상,여,2018-09-01,1299,1484,132677899
제주도,제주시,도심,교통,내국인관광객,60대이상,남,2018-09-01,2716,3148,249228841
제주도,제주시,도심,교통,내국인관광객,50대,여,2018-09-01,3516,3797,307232165
제주도,제주시,도심,교통,내국인관광객,50대,남,2018-09-01,6162,6985,552666478
제주도,제주시,도심,교통,내국인관광객,40대,여,2018-09-01,5086,5639,510600320
제주도,제주시,도심,교통,내국인관광객,40대,남,2018-09-01,9278,10650,799549515
제주도,제주시,도심,교통,내국인관광객,30대,여,2018-09-01,8078,8474,658414313
제주도,제주시,도심,교통,내국인관광객,30대,남,2018-09-01,11630,12922,927463454
제주도,제주시,도심,교통,내국인관광객,20대미만,여,2018-09-01,29,33,1740256
제주도,제주시,도심,교통,내국인관광객,20대미만,남,2018-09-01,33,38,3454307
제주도,제주시,도심,교통,내국인관광객,20대,여,2018-09-01,6201,6333,532841005
제주도,제주시,도심,교통,내국인관광객,20대,남,2018-09-01,5804,6336,390360049
제주도,서귀포시,읍면,유흥,제주도민,60대이상,여,2018-09-01,31,36,4471500
제주도,서귀포시,읍면,유흥,제주도민,60대이상,남,2018-09-01,179,318,38815415
제주도,서귀포시,읍면,유흥,제주도민,50대,여,2018-09-01,82,115,12182900
제주도,서귀포시,읍면,유흥,제주도민,50대,남,2018-09-01,412,759,123788495
제주도,서귀포시,읍면,유흥,제주도민,40대,여,2018-09-01,89,110,8611500
제주도,서귀포시,읍면,유흥,제주도민,40대,남,2018-09-01,385,754,131380200
제주도,서귀포시,읍면,유흥,제주도민,30대,여,2018-09-01,52,71,5652250
제주도,서귀포시,읍면,유흥,제주도민,30대,남,2018-09-01,155,267,41550100
제주도,서귀포시,읍면,유흥,제주도민,20대미만,여,2018-09-01,3,13,3105000
제주도,서귀포시,읍면,유흥,제주도민,20대미만,남,2018-09-01,5,5,459000
제주도,서귀포시,읍면,유흥,제주도민,20대,여,2018-09-01,42,51,3084900
제주도,서귀포시,읍면,유흥,제주도민,20대,남,2018-09-01,88,112,11112900
제주도,서귀포시,읍면,유흥,내국인관광객,60대이상,여,2018-09-01,25,37,6007700
제주도,서귀포시,읍면,유흥,내국인관광객,60대이상,남,2018-09-01,65,84,11909000
제주도,서귀포시,읍면,유흥,내국인관광객,50대,여,2018-09-01,49,67,6771500
제주도,서귀포시,읍면,유흥,내국인관광객,50대,남,2018-09-01,137,245,34881500
제주도,서귀포시,읍면,유흥,내국인관광객,40대,여,2018-09-01,39,54,4169700
제주도,서귀포시,읍면,유흥,내국인관광객,40대,남,2018-09-01,138,204,31665600
제주도,서귀포시,읍면,유흥,내국인관광객,30대,여,2018-09-01,44,50,2375300
제주도,서귀포시,읍면,유흥,내국인관광객,30대,남,2018-09-01,132,193,20404200
제주도,서귀포시,읍면,유흥,내국인관광객,20대,여,2018-09-01,60,67,3901000
제주도,서귀포시,읍면,유흥,내국인관광객,20대,남,2018-09-01,54,77,6074200
제주도,서귀포시,읍면,식음료,제주도민,60대이상,여,2018-09-01,1069,1927,81451925
제주도,서귀포시,읍면,식음료,제주도민,60대이상,남,2018-09-01,2530,5316,250384174
제주도,서귀포시,읍면,식음료,제주도민,50대,여,2018-09-01,2158,4490,158231073
제주도,서귀포시,읍면,식음료,제주도민,50대,남,2018-09-01,3564,8254,367477915
제주도,서귀포시,읍면,식음료,제주도민,40대,여,2018-09-01,2683,6649,185589461
제주도,서귀포시,읍면,식음료,제주도민,40대,남,2018-09-01,3878,9104,329504094
제주도,서귀포시,읍면,식음료,제주도민,30대,여,2018-09-01,2267,5019,123516154
제주도,서귀포시,읍면,식음료,제주도민,30대,남,2018-09-01,2531,5605,160415956
제주도,서귀포시,읍면,식음료,제주도민,20대미만,여,2018-09-01,66,194,4037030
제주도,서귀포시,읍면,식음료,제주도민,20대미만,남,2018-09-01,83,185,3539650
제주도,서귀포시,읍면,식음료,제주도민,20대,여,2018-09-01,1311,2636,56998179
제주도,서귀포시,읍면,식음료,제주도민,20대,남,2018-09-01,1251,2667,69814640
제주도,서귀포시,읍면,식음료,내국인관광객,60대이상,여,2018-09-01,1670,2418,113714753
제주도,서귀포시,읍면,식음료,내국인관광객,60대이상,남,2018-09-01,2629,4000,198223436
제주도,서귀포시,읍면,식음료,내국인관광객,50대,여,2018-09-01,3502,5148,204610777
제주도,서귀포시,읍면,식음료,내국인관광객,50대,남,2018-09-01,4512,7325,321595226
제주도,서귀포시,읍면,식음료,내국인관광객,40대,여,2018-09-01,5039,8119,273918755
제주도,서귀포시,읍면,식음료,내국인관광객,40대,남,2018-09-01,6950,11279,420849475
제주도,서귀포시,읍면,식음료,내국인관광객,30대,여,2018-09-01,8409,12784,402029285
제주도,서귀포시,읍면,식음료,내국인관광객,30대,남,2018-09-01,9202,14400,468689361
제주도,서귀포시,읍면,식음료,내국인관광객,20대미만,여,2018-09-01,391,556,8326710
제주도,서귀포시,읍면,식음료,내국인관광객,20대미만,남,2018-09-01,284,364,4963530
제주도,서귀포시,읍면,식음료,내국인관광객,20대,여,2018-09-01,6370,9446,249050209
제주도,서귀포시,읍면,식음료,내국인관광객,20대,남,2018-09-01,4445,6699,183194622
제주도,서귀포시,읍면,숙박,제주도민,60대이상,여,2018-09-01,37,57,4283300
제주도,서귀포시,읍면,숙박,제주도민,60대이상,남,2018-09-01,71,93,6894700
제주도,서귀포시,읍면,숙박,제주도민,50대,여,2018-09-01,81,114,8049840
제주도,서귀포시,읍면,숙박,제주도민,50대,남,2018-09-01,156,249,20657460
제주도,서귀포시,읍면,숙박,제주도민,40대,여,2018-09-01,305,585,26875700
제주도,서귀포시,읍면,숙박,제주도민,40대,남,2018-09-01,390,728,38527502
제주도,서귀포시,읍면,숙박,제주도민,30대,여,2018-09-01,347,603,25908006
제주도,서귀포시,읍면,숙박,제주도민,30대,남,2018-09-01,260,391,18189430
제주도,서귀포시,읍면,숙박,제주도민,20대미만,여,2018-09-01,5,8,200700
제주도,서귀포시,읍면,숙박,제주도민,20대미만,남,2018-09-01,3,5,163000
제주도,서귀포시,읍면,숙박,제주도민,20대,여,2018-09-01,193,259,6977860
제주도,서귀포시,읍면,숙박,제주도민,20대,남,2018-09-01,143,213,6178218
제주도,서귀포시,읍면,숙박,내국인관광객,60대이상,여,2018-09-01,219,324,22559364
제주도,서귀포시,읍면,숙박,내국인관광객,60대이상,남,2018-09-01,288,409,30772495
제주도,서귀포시,읍면,숙박,내국인관광객,50대,여,2018-09-01,534,691,41515162
제주도,서귀포시,읍면,숙박,내국인관광객,50대,남,2018-09-01,565,794,62299783
제주도,서귀포시,읍면,숙박,내국인관광객,40대,여,2018-09-01,833,1232,82461303
제주도,서귀포시,읍면,숙박,내국인관광객,40대,남,2018-09-01,1093,1691,117525081
제주도,서귀포시,읍면,숙박,내국인관광객,30대,여,2018-09-01,1325,1879,103996343
제주도,서귀포시,읍면,숙박,내국인관광객,30대,남,2018-09-01,1293,1858,118506313
제주도,서귀포시,읍면,숙박,내국인관광객,20대미만,여,2018-09-01,33,39,364800
제주도,서귀포시,읍면,숙박,내국인관광객,20대미만,남,2018-09-01,38,48,669730
제주도,서귀포시,읍면,숙박,내국인관광객,20대,여,2018-09-01,1044,1278,42095328
제주도,서귀포시,읍면,숙박,내국인관광객,20대,남,2018-09-01,629,788,26162356
제주도,서귀포시,읍면,쇼핑,제주도민,60대이상,여,2018-09-01,1188,4340,138335709
제주도,서귀포시,읍면,쇼핑,제주도민,60대이상,남,2018-09-01,2190,8148,246363809
제주도,서귀포시,읍면,쇼핑,제주도민,50대,여,2018-09-01,2284,9255,281011280
제주도,서귀포시,읍면,쇼핑,제주도민,50대,남,2018-09-01,3841,14979,313796373
제주도,서귀포시,읍면,쇼핑,제주도민,40대,여,2018-09-01,2854,11231,249358381
제주도,서귀포시,읍면,쇼핑,제주도민,40대,남,2018-09-01,5217,19810,324607270
제주도,서귀포시,읍면,쇼핑,제주도민,30대,여,2018-09-01,2178,7609,116653795
제주도,서귀포시,읍면,쇼핑,제주도민,30대,남,2018-09-01,3699,13254,174447339
제주도,서귀포시,읍면,쇼핑,제주도민,20대미만,여,2018-09-01,95,502,2743830
제주도,서귀포시,읍면,쇼핑,제주도민,20대미만,남,2018-09-01,155,612,3402930
제주도,서귀포시,읍면,쇼핑,제주도민,20대,여,2018-09-01,1310,5528,49564158
제주도,서귀포시,읍면,쇼핑,제주도민,20대,남,2018-09-01,2116,9287,84820845
제주도,서귀포시,읍면,쇼핑,내국인관광객,60대이상,여,2018-09-01,1036,2396,63121990
제주도,서귀포시,읍면,쇼핑,내국인관광객,60대이상,남,2018-09-01,1658,3702,72735380
제주도,서귀포시,읍면,쇼핑,내국인관광객,50대,여,2018-09-01,2173,5048,90405640
제주도,서귀포시,읍면,쇼핑,내국인관광객,50대,남,2018-09-01,3537,9027,142021342
제주도,서귀포시,읍면,쇼핑,내국인관광객,40대,여,2018-09-01,3402,7349,115609090
제주도,서귀포시,읍면,쇼핑,내국인관광객,40대,남,2018-09-01,5923,13971,201479320
제주도,서귀포시,읍면,쇼핑,내국인관광객,30대,여,2018-09-01,5048,9766,132336035
제주도,서귀포시,읍면,쇼핑,내국인관광객,30대,남,2018-09-01,7341,15603,187155958
제주도,서귀포시,읍면,쇼핑,내국인관광객,20대미만,여,2018-09-01,191,446,3002880
제주도,서귀포시,읍면,쇼핑,내국인관광객,20대미만,남,2018-09-01,381,688,3816250
제주도,서귀포시,읍면,쇼핑,내국인관광객,20대,여,2018-09-01,3836,7789,74146370
제주도,서귀포시,읍면,쇼핑,내국인관광객,20대,남,2018-09-01,3982,9396,83757720
제주도,서귀포시,읍면,소매,제주도민,60대이상,여,2018-09-01,480,917,76355996
제주도,서귀포시,읍면,소매,제주도민,60대이상,남,2018-09-01,621,1063,74491718
제주도,서귀포시,읍면,소매,제주도민,50대,여,2018-09-01,782,1595,128058219
제주도,서귀포시,읍면,소매,제주도민,50대,남,2018-09-01,964,1909,150659570
제주도,서귀포시,읍면,소매,제주도민,40대,여,2018-09-01,851,1531,74556039
제주도,서귀포시,읍면,소매,제주도민,40대,남,2018-09-01,994,1865,103983853
제주도,서귀포시,읍면,소매,제주도민,30대,여,2018-09-01,637,1137,37743330
제주도,서귀포시,읍면,소매,제주도민,30대,남,2018-09-01,667,1161,43011534
제주도,서귀포시,읍면,소매,제주도민,20대미만,여,2018-09-01,26,43,516460
제주도,서귀포시,읍면,소매,제주도민,20대미만,남,2018-09-01,18,48,676920
제주도,서귀포시,읍면,소매,제주도민,20대,여,2018-09-01,266,437,9752883
제주도,서귀포시,읍면,소매,제주도민,20대,남,2018-09-01,349,679,13077079
제주도,서귀포시,읍면,소매,내국인관광객,60대이상,여,2018-09-01,801,1022,95010940
제주도,서귀포시,읍면,소매,내국인관광객,60대이상,남,2018-09-01,884,1123,88378351
제주도,서귀포시,읍면,소매,내국인관광객,50대,여,2018-09-01,1228,1635,100218621
제주도,서귀포시,읍면,소매,내국인관광객,50대,남,2018-09-01,1286,1753,104583949
제주도,서귀포시,읍면,소매,내국인관광객,40대,여,2018-09-01,1606,2223,83771973
제주도,서귀포시,읍면,소매,내국인관광객,40대,남,2018-09-01,2091,2975,101919398
제주도,서귀포시,읍면,소매,내국인관광객,30대,여,2018-09-01,2187,2773,87059859
제주도,서귀포시,읍면,소매,내국인관광객,30대,남,2018-09-01,2394,3030,107004488
제주도,서귀포시,읍면,소매,내국인관광객,20대미만,여,2018-09-01,74,101,1020210
제주도,서귀포시,읍면,소매,내국인관광객,20대미만,남,2018-09-01,95,120,1295100
제주도,서귀포시,읍면,소매,내국인관광객,20대,여,2018-09-01,1434,1725,40616004
제주도,서귀포시,읍면,소매,내국인관광객,20대,남,2018-09-01,1036,1420,30570470
제주도,서귀포시,읍면,문화/레져,제주도민,60대이상,여,2018-09-01,202,263,17929395
제주도,서귀포시,읍면,문화/레져,제주도민,60대이상,남,2018-09-01,706,1232,93978525
제주도,서귀포시,읍면,문화/레져,제주도민,50대,여,2018-09-01,392,534,36972875
제주도,서귀포시,읍면,문화/레져,제주도민,50대,남,2018-09-01,1007,1393,138631466
제주도,서귀포시,읍면,문화/레져,제주도민,40대,여,2018-09-01,611,798,47578995
제주도,서귀포시,읍면,문화/레져,제주도민,40대,남,2018-09-01,1058,1398,96646778
제주도,서귀포시,읍면,문화/레져,제주도민,30대,여,2018-09-01,615,740,27788470
제주도,서귀포시,읍면,문화/레져,제주도민,30대,남,2018-09-01,602,750,33156200
제주도,서귀포시,읍면,문화/레져,제주도민,20대미만,여,2018-09-01,18,17,202630
제주도,서귀포시,읍면,문화/레져,제주도민,20대미만,남,2018-09-01,11,50,217450
제주도,서귀포시,읍면,문화/레져,제주도민,20대,여,2018-09-01,257,286,7884796
제주도,서귀포시,읍면,문화/레져,제주도민,20대,남,2018-09-01,200,216,7168961
제주도,서귀포시,읍면,문화/레져,내국인관광객,60대이상,여,2018-09-01,470,640,52937865
제주도,서귀포시,읍면,문화/레져,내국인관광객,60대이상,남,2018-09-01,837,1224,149235374
제주도,서귀포시,읍면,문화/레져,내국인관광객,50대,여,2018-09-01,838,1056,65717263
제주도,서귀포시,읍면,문화/레져,내국인관광객,50대,남,2018-09-01,1359,1766,175104047
제주도,서귀포시,읍면,문화/레져,내국인관광객,40대,여,2018-09-01,1579,1994,117203879
제주도,서귀포시,읍면,문화/레져,내국인관광객,40대,남,2018-09-01,2266,2975,180122866
제주도,서귀포시,읍면,문화/레져,내국인관광객,30대,여,2018-09-01,2364,3039,122099675
제주도,서귀포시,읍면,문화/레져,내국인관광객,30대,남,2018-09-01,2495,3170,133644989
제주도,서귀포시,읍면,문화/레져,내국인관광객,20대미만,여,2018-09-01,35,37,509600
제주도,서귀포시,읍면,문화/레져,내국인관광객,20대미만,남,2018-09-01,51,61,719700
제주도,서귀포시,읍면,문화/레져,내국인관광객,20대,여,2018-09-01,1258,1519,43029993
제주도,서귀포시,읍면,문화/레져,내국인관광객,20대,남,2018-09-01,1021,1210,35715516
제주도,서귀포시,읍면,교통,제주도민,60대이상,여,2018-09-01,714,1219,62025676
제주도,서귀포시,읍면,교통,제주도민,60대이상,남,2018-09-01,3533,7167,346447537
제주도,서귀포시,읍면,교통,제주도민,50대,여,2018-09-01,1114,1952,103363616
제주도,서귀포시,읍면,교통,제주도민,50대,남,2018-09-01,2526,5126,321671740
제주도,서귀포시,읍면,교통,제주도민,40대,여,2018-09-01,1073,1837,99476688
제주도,서귀포시,읍면,교통,제주도민,40대,남,2018-09-01,2078,3929,244647483
제주도,서귀포시,읍면,교통,제주도민,30대,여,2018-09-01,705,1118,54368192
제주도,서귀포시,읍면,교통,제주도민,30대,남,2018-09-01,1030,1791,100586849
제주도,서귀포시,읍면,교통,제주도민,20대미만,여,2018-09-01,7,16,736439
제주도,서귀포시,읍면,교통,제주도민,20대미만,남,2018-09-01,10,14,436746
제주도,서귀포시,읍면,교통,제주도민,20대,여,2018-09-01,300,427,16840368
제주도,서귀포시,읍면,교통,제주도민,20대,남,2018-09-01,436,698,27743152
제주도,서귀포시,읍면,교통,내국인관광객,60대이상,여,2018-09-01,242,315,16314014
제주도,서귀포시,읍면,교통,내국인관광객,60대이상,남,2018-09-01,533,684,34278632
제주도,서귀포시,읍면,교통,내국인관광객,50대,여,2018-09-01,519,641,32823039
제주도,서귀포시,읍면,교통,내국인관광객,50대,남,2018-09-01,925,1200,56304701
제주도,서귀포시,읍면,교통,내국인관광객,40대,여,2018-09-01,714,845,36276413
제주도,서귀포시,읍면,교통,내국인관광객,40대,남,2018-09-01,1415,1741,73502778
제주도,서귀포시,읍면,교통,내국인관광객,30대,여,2018-09-01,1042,1184,41443274
제주도,서귀포시,읍면,교통,내국인관광객,30대,남,2018-09-01,1579,1813,67429407
제주도,서귀포시,읍면,교통,내국인관광객,20대미만,여,2018-09-01,2,3,132000
제주도,서귀포시,읍면,교통,내국인관광객,20대미만,남,2018-09-01,1,1,3000
제주도,서귀포시,읍면,교통,내국인관광객,20대,여,2018-09-01,677,775,25398846
제주도,서귀포시,읍면,교통,내국인관광객,20대,남,2018-09-01,742,839,26977875
제주도,서귀포시,도심,유흥,제주도민,60대이상,여,2018-09-01,63,83,10418400
제주도,서귀포시,도심,유흥,제주도민,60대이상,남,2018-09-01,289,460,60004360
제주도,서귀포시,도심,유흥,제주도민,50대,여,2018-09-01,183,229,23883510
제주도,서귀포시,도심,유흥,제주도민,50대,남,2018-09-01,885,1328,209157200
제주도,서귀포시,도심,유흥,제주도민,40대,여,2018-09-01,278,330,20875500
제주도,서귀포시,도심,유흥,제주도민,40대,남,2018-09-01,1013,1416,245992650
제주도,서귀포시,도심,유흥,제주도민,30대,여,2018-09-01,218,277,17920100
제주도,서귀포시,도심,유흥,제주도민,30대,남,2018-09-01,575,831,100548900
제주도,서귀포시,도심,유흥,제주도민,20대미만,여,2018-09-01,5,5,342900
제주도,서귀포시,도심,유흥,제주도민,20대미만,남,2018-09-01,4,4,244000
제주도,서귀포시,도심,유흥,제주도민,20대,여,2018-09-01,304,417,17871500
제주도,서귀포시,도심,유흥,제주도민,20대,남,2018-09-01,446,672,41851300
제주도,서귀포시,도심,유흥,내국인관광객,60대이상,여,2018-09-01,30,41,4618000
제주도,서귀포시,도심,유흥,내국인관광객,60대이상,남,2018-09-01,79,106,15848350
제주도,서귀포시,도심,유흥,내국인관광객,50대,여,2018-09-01,67,83,6499500
제주도,서귀포시,도심,유흥,내국인관광객,50대,남,2018-09-01,258,348,60922800
제주도,서귀포시,도심,유흥,내국인관광객,40대,여,2018-09-01,83,101,7477700
제주도,서귀포시,도심,유흥,내국인관광객,40대,남,2018-09-01,282,370,58584600
제주도,서귀포시,도심,유흥,내국인관광객,30대,여,2018-09-01,161,196,8172908
제주도,서귀포시,도심,유흥,내국인관광객,30대,남,2018-09-01,376,508,36767400
제주도,서귀포시,도심,유흥,내국인관광객,20대,여,2018-09-01,205,276,8912500
제주도,서귀포시,도심,유흥,내국인관광객,20대,남,2018-09-01,267,376,17520420
제주도,서귀포시,도심,식음료,제주도민,60대이상,여,2018-09-01,2487,3912,134151562
제주도,서귀포시,도심,식음료,제주도민,60대이상,남,2018-09-01,4586,7808,343588310
제주도,서귀포시,도심,식음료,제주도민,50대,여,2018-09-01,5319,9178,278780697
제주도,서귀포시,도심,식음료,제주도민,50대,남,2018-09-01,7512,14031,546577646
제주도,서귀포시,도심,식음료,제주도민,40대,여,2018-09-01,7765,14788,354903841
제주도,서귀포시,도심,식음료,제주도민,40대,남,2018-09-01,10101,19464,660625222
제주도,서귀포시,도심,식음료,제주도민,30대,여,2018-09-01,6482,12462,264923112
제주도,서귀포시,도심,식음료,제주도민,30대,남,2018-09-01,7087,13682,369287810
제주도,서귀포시,도심,식음료,제주도민,20대미만,여,2018-09-01,415,764,9483320
제주도,서귀포시,도심,식음료,제주도민,20대미만,남,2018-09-01,262,457,5733080
제주도,서귀포시,도심,식음료,제주도민,20대,여,2018-09-01,4047,7393,135006536
제주도,서귀포시,도심,식음료,제주도민,20대,남,2018-09-01,3581,6573,155836380
제주도,서귀포시,도심,식음료,내국인관광객,60대이상,여,2018-09-01,2041,2760,117854995
제주도,서귀포시,도심,식음료,내국인관광객,60대이상,남,2018-09-01,3217,4607,212975748
제주도,서귀포시,도심,식음료,내국인관광객,50대,여,2018-09-01,4035,5375,230087100
제주도,서귀포시,도심,식음료,내국인관광객,50대,남,2018-09-01,5916,8784,390463858
제주도,서귀포시,도심,식음료,내국인관광객,40대,여,2018-09-01,6127,8555,316890380
제주도,서귀포시,도심,식음료,내국인관광객,40대,남,2018-09-01,9148,13515,518446865
제주도,서귀포시,도심,식음료,내국인관광객,30대,여,2018-09-01,10651,14457,463932664
제주도,서귀포시,도심,식음료,내국인관광객,30대,남,2018-09-01,12507,17455,570211610
제주도,서귀포시,도심,식음료,내국인관광객,20대미만,여,2018-09-01,211,307,3411050
제주도,서귀포시,도심,식음료,내국인관광객,20대미만,남,2018-09-01,228,245,3197950
제주도,서귀포시,도심,식음료,내국인관광객,20대,여,2018-09-01,7984,10855,280175691
제주도,서귀포시,도심,식음료,내국인관광객,20대,남,2018-09-01,6395,9352,239429895
제주도,서귀포시,도심,숙박,제주도민,60대이상,여,2018-09-01,67,92,6952367
제주도,서귀포시,도심,숙박,제주도민,60대이상,남,2018-09-01,100,135,20853357
제주도,서귀포시,도심,숙박,제주도민,50대,여,2018-09-01,113,157,10883358
제주도,서귀포시,도심,숙박,제주도민,50대,남,2018-09-01,178,242,25134618
제주도,서귀포시,도심,숙박,제주도민,40대,여,2018-09-01,155,227,32156385
제주도,서귀포시,도심,숙박,제주도민,40대,남,2018-09-01,355,511,48383201
제주도,서귀포시,도심,숙박,제주도민,30대,여,2018-09-01,129,169,17807074
제주도,서귀포시,도심,숙박,제주도민,30대,남,2018-09-01,208,262,17122469
제주도,서귀포시,도심,숙박,제주도민,20대미만,여,2018-09-01,5,5,174900
제주도,서귀포시,도심,숙박,제주도민,20대,여,2018-09-01,108,145,8177540
제주도,서귀포시,도심,숙박,제주도민,20대,남,2018-09-01,122,164,12529160
제주도,서귀포시,도심,숙박,내국인관광객,60대이상,여,2018-09-01,217,277,61251807
제주도,서귀포시,도심,숙박,내국인관광객,60대이상,남,2018-09-01,391,524,84612975
제주도,서귀포시,도심,숙박,내국인관광객,50대,여,2018-09-01,430,528,65628241
제주도,서귀포시,도심,숙박,내국인관광객,50대,남,2018-09-01,715,964,157407225
제주도,서귀포시,도심,숙박,내국인관광객,40대,여,2018-09-01,766,976,149658401
제주도,서귀포시,도심,숙박,내국인관광객,40대,남,2018-09-01,1189,1615,279221436
제주도,서귀포시,도심,숙박,내국인관광객,30대,여,2018-09-01,1462,1859,268696307
제주도,서귀포시,도심,숙박,내국인관광객,30대,남,2018-09-01,1692,2202,331231705
제주도,서귀포시,도심,숙박,내국인관광객,20대미만,여,2018-09-01,9,10,125500
제주도,서귀포시,도심,숙박,내국인관광객,20대미만,남,2018-09-01,12,17,602397
제주도,서귀포시,도심,숙박,내국인관광객,20대,여,2018-09-01,874,1018,104098296
제주도,서귀포시,도심,숙박,내국인관광객,20대,남,2018-09-01,542,637,66306023
제주도,서귀포시,도심,쇼핑,제주도민,60대이상,여,2018-09-01,3359,10043,438046590
제주도,서귀포시,도심,쇼핑,제주도민,60대이상,남,2018-09-01,4526,13094,446098190
제주도,서귀포시,도심,쇼핑,제주도민,50대,여,2018-09-01,5497,17805,581550340
제주도,서귀포시,도심,쇼핑,제주도민,50대,남,2018-09-01,7129,22264,575119490
제주도,서귀포시,도심,쇼핑,제주도민,40대,여,2018-09-01,7136,22482,632740740
제주도,서귀포시,도심,쇼핑,제주도민,40대,남,2018-09-01,10477,34165,719699459
제주도,서귀포시,도심,쇼핑,제주도민,30대,여,2018-09-01,5650,16115,368974240
제주도,서귀포시,도심,쇼핑,제주도민,30대,남,2018-09-01,7483,23537,373023239
제주도,서귀포시,도심,쇼핑,제주도민,20대미만,여,2018-09-01,416,1042,6570210
제주도,서귀포시,도심,쇼핑,제주도민,20대미만,남,2018-09-01,353,1038,5837540
제주도,서귀포시,도심,쇼핑,제주도민,20대,여,2018-09-01,3501,9883,137916320
제주도,서귀포시,도심,쇼핑,제주도민,20대,남,2018-09-01,4271,13156,134208490
제주도,서귀포시,도심,쇼핑,내국인관광객,60대이상,여,2018-09-01,1679,3376,114601820
제주도,서귀포시,도심,쇼핑,내국인관광객,60대이상,남,2018-09-01,2413,5180,145308110
제주도,서귀포시,도심,쇼핑,내국인관광객,50대,여,2018-09-01,3211,6194,182783425
제주도,서귀포시,도심,쇼핑,내국인관광객,50대,남,2018-09-01,4834,10752,239401340
제주도,서귀포시,도심,쇼핑,내국인관광객,40대,여,2018-09-01,4905,8982,229848500
제주도,서귀포시,도심,쇼핑,내국인관광객,40대,남,2018-09-01,8283,17391,349130050
제주도,서귀포시,도심,쇼핑,내국인관광객,30대,여,2018-09-01,7674,12668,263301510
제주도,서귀포시,도심,쇼핑,내국인관광객,30대,남,2018-09-01,10693,20375,347737927
제주도,서귀포시,도심,쇼핑,내국인관광객,20대미만,여,2018-09-01,348,624,3699880
제주도,서귀포시,도심,쇼핑,내국인관광객,20대미만,남,2018-09-01,526,888,4385960
제주도,서귀포시,도심,쇼핑,내국인관광객,20대,여,2018-09-01,5772,9637,138299771
제주도,서귀포시,도심,쇼핑,내국인관광객,20대,남,2018-09-01,6216,13900,154944110
제주도,서귀포시,도심,소매,제주도민,60대이상,여,2018-09-01,1446,2291,301234781
제주도,서귀포시,도심,소매,제주도민,60대이상,남,2018-09-01,1320,1922,252523009
제주도,서귀포시,도심,소매,제주도민,50대,여,2018-09-01,2124,3178,319558604
제주도,서귀포시,도심,소매,제주도민,50대,남,2018-09-01,1741,2593,238795559
제주도,서귀포시,도심,소매,제주도민,40대,여,2018-09-01,2267,3284,238403727
제주도,서귀포시,도심,소매,제주도민,40대,남,2018-09-01,2041,3148,247732626
제주도,서귀포시,도심,소매,제주도민,30대,여,2018-09-01,1543,2221,132612659
제주도,서귀포시,도심,소매,제주도민,30대,남,2018-09-01,1144,1653,95268085
제주도,서귀포시,도심,소매,제주도민,20대미만,여,2018-09-01,83,106,2812121
제주도,서귀포시,도심,소매,제주도민,20대미만,남,2018-09-01,57,70,2591850
제주도,서귀포시,도심,소매,제주도민,20대,여,2018-09-01,740,1028,39052240
제주도,서귀포시,도심,소매,제주도민,20대,남,2018-09-01,566,751,35047160
제주도,서귀포시,도심,소매,내국인관광객,60대이상,여,2018-09-01,818,1051,105013550
제주도,서귀포시,도심,소매,내국인관광객,60대이상,남,2018-09-01,973,1244,123341151
제주도,서귀포시,도심,소매,내국인관광객,50대,여,2018-09-01,1536,1986,118707370
제주도,서귀포시,도심,소매,내국인관광객,50대,남,2018-09-01,1448,1936,128886754
제주도,서귀포시,도심,소매,내국인관광객,40대,여,2018-09-01,1860,2504,100749054
제주도,서귀포시,도심,소매,내국인관광객,40대,남,2018-09-01,2203,3023,129866453
제주도,서귀포시,도심,소매,내국인관광객,30대,여,2018-09-01,2978,4068,124361237
제주도,서귀포시,도심,소매,내국인관광객,30대,남,2018-09-01,2963,4018,129673935
제주도,서귀포시,도심,소매,내국인관광객,20대미만,여,2018-09-01,171,221,3293470
제주도,서귀포시,도심,소매,내국인관광객,20대미만,남,2018-09-01,107,121,1807700
제주도,서귀포시,도심,소매,내국인관광객,20대,여,2018-09-01,2278,3152,64489616
제주도,서귀포시,도심,소매,내국인관광객,20대,남,2018-09-01,1438,1957,43651840
제주도,서귀포시,도심,문화/레져,제주도민,60대이상,여,2018-09-01,184,320,12386110
제주도,서귀포시,도심,문화/레져,제주도민,60대이상,남,2018-09-01,464,698,42285150
제주도,서귀포시,도심,문화/레져,제주도민,50대,여,2018-09-01,519,709,25442946
제주도,서귀포시,도심,문화/레져,제주도민,50대,남,2018-09-01,993,1509,85314080
제주도,서귀포시,도심,문화/레져,제주도민,40대,여,2018-09-01,1063,1616,48686955
제주도,서귀포시,도심,문화/레져,제주도민,40대,남,2018-09-01,1228,1871,75436085
제주도,서귀포시,도심,문화/레져,제주도민,30대,여,2018-09-01,647,895,23353670
제주도,서귀포시,도심,문화/레져,제주도민,30대,남,2018-09-01,601,852,21889450
제주도,서귀포시,도심,문화/레져,제주도민,20대미만,여,2018-09-01,113,136,1213020
제주도,서귀포시,도심,문화/레져,제주도민,20대미만,남,2018-09-01,54,87,757300
제주도,서귀포시,도심,문화/레져,제주도민,20대,여,2018-09-01,420,522,10760325
제주도,서귀포시,도심,문화/레져,제주도민,20대,남,2018-09-01,385,537,9331700
제주도,서귀포시,도심,문화/레져,내국인관광객,60대이상,여,2018-09-01,192,223,11303710
제주도,서귀포시,도심,문화/레져,내국인관광객,60대이상,남,2018-09-01,356,484,44860280
제주도,서귀포시,도심,문화/레져,내국인관광객,50대,여,2018-09-01,396,507,21858460
제주도,서귀포시,도심,문화/레져,내국인관광객,50대,남,2018-09-01,728,937,72618910
제주도,서귀포시,도심,문화/레져,내국인관광객,40대,여,2018-09-01,640,767,28048265
제주도,서귀포시,도심,문화/레져,내국인관광객,40대,남,2018-09-01,1052,1354,65671010
제주도,서귀포시,도심,문화/레져,내국인관광객,30대,여,2018-09-01,818,1018,28523700
제주도,서귀포시,도심,문화/레져,내국인관광객,30대,남,2018-09-01,940,1207,33834391
제주도,서귀포시,도심,문화/레져,내국인관광객,20대미만,여,2018-09-01,26,43,538500
제주도,서귀포시,도심,문화/레져,내국인관광객,20대미만,남,2018-09-01,20,21,293100
제주도,서귀포시,도심,문화/레져,내국인관광객,20대,여,2018-09-01,447,506,12933690
제주도,서귀포시,도심,문화/레져,내국인관광객,20대,남,2018-09-01,596,756,20297721
제주도,서귀포시,도심,교통,제주도민,60대이상,여,2018-09-01,960,1487,75779821
제주도,서귀포시,도심,교통,제주도민,60대이상,남,2018-09-01,3330,5565,247139829
제주도,서귀포시,도심,교통,제주도민,50대,여,2018-09-01,1751,2669,138162066
제주도,서귀포시,도심,교통,제주도민,50대,남,2018-09-01,3032,4975,269141884
제주도,서귀포시,도심,교통,제주도민,40대,여,2018-09-01,1794,2763,138719777
제주도,서귀포시,도심,교통,제주도민,40대,남,2018-09-01,3177,5218,284581691
제주도,서귀포시,도심,교통,제주도민,30대,여,2018-09-01,1324,1929,84475265
제주도,서귀포시,도심,교통,제주도민,30대,남,2018-09-01,1947,3012,135590072
제주도,서귀포시,도심,교통,제주도민,20대미만,여,2018-09-01,7,9,318300
제주도,서귀포시,도심,교통,제주도민,20대미만,남,2018-09-01,8,10,284000
제주도,서귀포시,도심,교통,제주도민,20대,여,2018-09-01,439,599,23609347
제주도,서귀포시,도심,교통,제주도민,20대,남,2018-09-01,664,1003,37829562
제주도,서귀포시,도심,교통,내국인관광객,60대이상,여,2018-09-01,285,333,16405971
제주도,서귀포시,도심,교통,내국인관광객,60대이상,남,2018-09-01,612,739,37415321
제주도,서귀포시,도심,교통,내국인관광객,50대,여,2018-09-01,624,732,34803885
제주도,서귀포시,도심,교통,내국인관광객,50대,남,2018-09-01,1077,1373,66274233
제주도,서귀포시,도심,교통,내국인관광객,40대,여,2018-09-01,816,950,37817000
제주도,서귀포시,도심,교통,내국인관광객,40대,남,2018-09-01,1656,1975,85651240
제주도,서귀포시,도심,교통,내국인관광객,30대,여,2018-09-01,1251,1397,51702219
제주도,서귀포시,도심,교통,내국인관광객,30대,남,2018-09-01,1920,2188,81630988
제주도,서귀포시,도심,교통,내국인관광객,20대미만,여,2018-09-01,8,11,518360
제주도,서귀포시,도심,교통,내국인관광객,20대,여,2018-09-01,700,750,23689917
제주도,서귀포시,도심,교통,내국인관광객,20대,남,2018-09-01,821,900,28960742
제주도,제주시,읍면,유흥,제주도민,60대이상,여,2018-08-01,20,33,3893700
제주도,제주시,읍면,유흥,제주도민,60대이상,남,2018-08-01,110,168,23948500
제주도,제주시,읍면,유흥,제주도민,50대,여,2018-08-01,59,74,7375100
제주도,제주시,읍면,유흥,제주도민,50대,남,2018-08-01,253,421,75250200
제주도,제주시,읍면,유흥,제주도민,40대,여,2018-08-01,87,104,8177000
제주도,제주시,읍면,유흥,제주도민,40대,남,2018-08-01,230,384,68311300
제주도,제주시,읍면,유흥,제주도민,30대,여,2018-08-01,67,79,6843100
제주도,제주시,읍면,유흥,제주도민,30대,남,2018-08-01,142,197,25714000
제주도,제주시,읍면,유흥,제주도민,20대미만,남,2018-08-01,6,14,458900
제주도,제주시,읍면,유흥,제주도민,20대,여,2018-08-01,58,64,2889000
제주도,제주시,읍면,유흥,제주도민,20대,남,2018-08-01,62,74,5651000
제주도,제주시,읍면,유흥,내국인관광객,60대이상,여,2018-08-01,20,32,3580500
제주도,제주시,읍면,유흥,내국인관광객,60대이상,남,2018-08-01,65,96,12755100
제주도,제주시,읍면,유흥,내국인관광객,50대,여,2018-08-01,46,55,3677300
제주도,제주시,읍면,유흥,내국인관광객,50대,남,2018-08-01,149,224,32286800
제주도,제주시,읍면,유흥,내국인관광객,40대,여,2018-08-01,135,153,7587100
제주도,제주시,읍면,유흥,내국인관광객,40대,남,2018-08-01,209,283,35751800
제주도,제주시,읍면,유흥,내국인관광객,30대,여,2018-08-01,211,237,7023700
제주도,제주시,읍면,유흥,내국인관광객,30대,남,2018-08-01,272,306,15184500
제주도,제주시,읍면,유흥,내국인관광객,20대미만,여,2018-08-01,3,3,26000
제주도,제주시,읍면,유흥,내국인관광객,20대미만,남,2018-08-01,3,4,166000
제주도,제주시,읍면,유흥,내국인관광객,20대,여,2018-08-01,275,303,7591500
제주도,제주시,읍면,유흥,내국인관광객,20대,남,2018-08-01,169,195,6622600
제주도,제주시,읍면,식음료,제주도민,60대이상,여,2018-08-01,1483,2570,91257151
제주도,제주시,읍면,식음료,제주도민,60대이상,남,2018-08-01,3213,6955,262715052
제주도,제주시,읍면,식음료,제주도민,50대,여,2018-08-01,3254,5884,191554119
제주도,제주시,읍면,식음료,제주도민,50대,남,2018-08-01,5335,12089,427810226
제주도,제주시,읍면,식음료,제주도민,40대,여,2018-08-01,4344,9279,266663595
제주도,제주시,읍면,식음료,제주도민,40대,남,2018-08-01,5778,13353,433577189
제주도,제주시,읍면,식음료,제주도민,30대,여,2018-08-01,3841,7276,178034807
제주도,제주시,읍면,식음료,제주도민,30대,남,2018-08-01,4251,8744,241911303
제주도,제주시,읍면,식음료,제주도민,20대미만,여,2018-08-01,94,134,2528425
제주도,제주시,읍면,식음료,제주도민,20대미만,남,2018-08-01,105,171,3718325
제주도,제주시,읍면,식음료,제주도민,20대,여,2018-08-01,2660,4256,94336345
제주도,제주시,읍면,식음료,제주도민,20대,남,2018-08-01,2264,3981,98143280
제주도,제주시,읍면,식음료,내국인관광객,60대이상,여,2018-08-01,2264,3441,127576970
제주도,제주시,읍면,식음료,내국인관광객,60대이상,남,2018-08-01,3291,5472,233973390
제주도,제주시,읍면,식음료,내국인관광객,50대,여,2018-08-01,5641,8450,288254506
제주도,제주시,읍면,식음료,내국인관광객,50대,남,2018-08-01,7874,12824,465025159
제주도,제주시,읍면,식음료,내국인관광객,40대,여,2018-08-01,10925,18538,608315452
제주도,제주시,읍면,식음료,내국인관광객,40대,남,2018-08-01,14371,24939,849841265
제주도,제주시,읍면,식음료,내국인관광객,30대,여,2018-08-01,16067,27008,751965130
제주도,제주시,읍면,식음료,내국인관광객,30대,남,2018-08-01,16838,27991,798577661
제주도,제주시,읍면,식음료,내국인관광객,20대미만,여,2018-08-01,131,198,3889750
제주도,제주시,읍면,식음료,내국인관광객,20대미만,남,2018-08-01,131,219,4679450
제주도,제주시,읍면,식음료,내국인관광객,20대,여,2018-08-01,17933,28838,672353345
제주도,제주시,읍면,식음료,내국인관광객,20대,남,2018-08-01,12089,18669,467608838
제주도,제주시,읍면,숙박,제주도민,60대이상,여,2018-08-01,34,42,2500450
제주도,제주시,읍면,숙박,제주도민,60대이상,남,2018-08-01,90,153,8241700
제주도,제주시,읍면,숙박,제주도민,50대,여,2018-08-01,113,152,10511358
제주도,제주시,읍면,숙박,제주도민,50대,남,2018-08-01,168,240,20784320
제주도,제주시,읍면,숙박,제주도민,40대,여,2018-08-01,275,441,26227310
제주도,제주시,읍면,숙박,제주도민,40대,남,2018-08-01,301,481,30471660
제주도,제주시,읍면,숙박,제주도민,30대,여,2018-08-01,228,319,14484880
제주도,제주시,읍면,숙박,제주도민,30대,남,2018-08-01,318,481,25395220
제주도,제주시,읍면,숙박,제주도민,20대미만,여,2018-08-01,6,6,676000
제주도,제주시,읍면,숙박,제주도민,20대미만,남,2018-08-01,2,2,45000
제주도,제주시,읍면,숙박,제주도민,20대,여,2018-08-01,172,206,6178828
제주도,제주시,읍면,숙박,제주도민,20대,남,2018-08-01,167,220,8217930
제주도,제주시,읍면,숙박,내국인관광객,60대이상,여,2018-08-01,174,262,27713574
제주도,제주시,읍면,숙박,내국인관광객,60대이상,남,2018-08-01,305,455,48291795
제주도,제주시,읍면,숙박,내국인관광객,50대,여,2018-08-01,470,595,52314340
제주도,제주시,읍면,숙박,내국인관광객,50대,남,2018-08-01,743,1052,117462706
제주도,제주시,읍면,숙박,내국인관광객,40대,여,2018-08-01,1176,1642,152258991
제주도,제주시,읍면,숙박,내국인관광객,40대,남,2018-08-01,1601,2266,214239955
제주도,제주시,읍면,숙박,내국인관광객,30대,여,2018-08-01,1580,2084,165525060
제주도,제주시,읍면,숙박,내국인관광객,30대,남,2018-08-01,1555,2076,136469378
제주도,제주시,읍면,숙박,내국인관광객,20대미만,여,2018-08-01,8,8,622700
제주도,제주시,읍면,숙박,내국인관광객,20대미만,남,2018-08-01,19,35,921600
제주도,제주시,읍면,숙박,내국인관광객,20대,여,2018-08-01,1466,1696,66314461
제주도,제주시,읍면,숙박,내국인관광객,20대,남,2018-08-01,924,1097,43400278
제주도,제주시,읍면,쇼핑,제주도민,60대이상,여,2018-08-01,1834,6086,194277895
제주도,제주시,읍면,쇼핑,제주도민,60대이상,남,2018-08-01,3334,12048,341809207
제주도,제주시,읍면,쇼핑,제주도민,50대,여,2018-08-01,3442,12086,357902692
제주도,제주시,읍면,쇼핑,제주도민,50대,남,2018-08-01,5971,22253,450792212
제주도,제주시,읍면,쇼핑,제주도민,40대,여,2018-08-01,4785,16968,393401438
제주도,제주시,읍면,쇼핑,제주도민,40대,남,2018-08-01,7980,29440,522408984
제주도,제주시,읍면,쇼핑,제주도민,30대,여,2018-08-01,3663,12146,236221079
제주도,제주시,읍면,쇼핑,제주도민,30대,남,2018-08-01,5872,21081,299906064
제주도,제주시,읍면,쇼핑,제주도민,20대미만,여,2018-08-01,162,553,2995660
제주도,제주시,읍면,쇼핑,제주도민,20대미만,남,2018-08-01,239,781,4905890
제주도,제주시,읍면,쇼핑,제주도민,20대,여,2018-08-01,2263,5909,72677633
제주도,제주시,읍면,쇼핑,제주도민,20대,남,2018-08-01,3513,12291,117228893
제주도,제주시,읍면,쇼핑,내국인관광객,60대이상,여,2018-08-01,1460,3413,80749650
제주도,제주시,읍면,쇼핑,내국인관광객,60대이상,남,2018-08-01,2181,5383,115945913
제주도,제주시,읍면,쇼핑,내국인관광객,50대,여,2018-08-01,3025,6217,139347590
제주도,제주시,읍면,쇼핑,내국인관광객,50대,남,2018-08-01,5444,13084,216183732
제주도,제주시,읍면,쇼핑,내국인관광객,40대,여,2018-08-01,7040,13941,264610464
제주도,제주시,읍면,쇼핑,내국인관광객,40대,남,2018-08-01,11400,26096,421568966
제주도,제주시,읍면,쇼핑,내국인관광객,30대,여,2018-08-01,8989,16746,270123629
제주도,제주시,읍면,쇼핑,내국인관광객,30대,남,2018-08-01,11814,24219,327873831
제주도,제주시,읍면,쇼핑,내국인관광객,20대미만,여,2018-08-01,103,169,1356230
제주도,제주시,읍면,쇼핑,내국인관광객,20대미만,남,2018-08-01,222,545,3739600
제주도,제주시,읍면,쇼핑,내국인관광객,20대,여,2018-08-01,8710,15166,153804168
제주도,제주시,읍면,쇼핑,내국인관광객,20대,남,2018-08-01,9075,17830,177567020
제주도,제주시,읍면,소매,제주도민,60대이상,여,2018-08-01,345,502,38330831
제주도,제주시,읍면,소매,제주도민,60대이상,남,2018-08-01,545,845,52924670
제주도,제주시,읍면,소매,제주도민,50대,여,2018-08-01,663,995,66261164
제주도,제주시,읍면,소매,제주도민,50대,남,2018-08-01,982,1483,80563163
제주도,제주시,읍면,소매,제주도민,40대,여,2018-08-01,904,1323,53002626
제주도,제주시,읍면,소매,제주도민,40대,남,2018-08-01,1202,1841,83397121
제주도,제주시,읍면,소매,제주도민,30대,여,2018-08-01,593,812,31716108
제주도,제주시,읍면,소매,제주도민,30대,남,2018-08-01,772,1114,29937425
제주도,제주시,읍면,소매,제주도민,20대미만,여,2018-08-01,15,16,151500
제주도,제주시,읍면,소매,제주도민,20대미만,남,2018-08-01,25,62,971660
제주도,제주시,읍면,소매,제주도민,20대,여,2018-08-01,290,394,7852316
제주도,제주시,읍면,소매,제주도민,20대,남,2018-08-01,386,537,12056142
제주도,제주시,읍면,소매,내국인관광객,60대이상,여,2018-08-01,484,595,25641374
제주도,제주시,읍면,소매,내국인관광객,60대이상,남,2018-08-01,594,755,34061996
제주도,제주시,읍면,소매,내국인관광객,50대,여,2018-08-01,1020,1252,42703410
제주도,제주시,읍면,소매,내국인관광객,50대,남,2018-08-01,1375,1692,55067396
제주도,제주시,읍면,소매,내국인관광객,40대,여,2018-08-01,2071,2659,70580094
제주도,제주시,읍면,소매,내국인관광객,40대,남,2018-08-01,2525,3266,95418860
제주도,제주시,읍면,소매,내국인관광객,30대,여,2018-08-01,2617,3169,73549828
제주도,제주시,읍면,소매,내국인관광객,30대,남,2018-08-01,2609,3222,71522502
제주도,제주시,읍면,소매,내국인관광객,20대미만,여,2018-08-01,70,92,1316150
제주도,제주시,읍면,소매,내국인관광객,20대미만,남,2018-08-01,96,145,1636400
제주도,제주시,읍면,소매,내국인관광객,20대,여,2018-08-01,3532,4108,83427140
제주도,제주시,읍면,소매,내국인관광객,20대,남,2018-08-01,2183,2570,55430954
제주도,제주시,읍면,문화/레져,제주도민,60대이상,여,2018-08-01,132,172,9189855
제주도,제주시,읍면,문화/레져,제주도민,60대이상,남,2018-08-01,521,778,62458981
제주도,제주시,읍면,문화/레져,제주도민,50대,여,2018-08-01,411,524,44581065
제주도,제주시,읍면,문화/레져,제주도민,50대,남,2018-08-01,1188,1654,150486935
제주도,제주시,읍면,문화/레져,제주도민,40대,여,2018-08-01,633,943,62978251
제주도,제주시,읍면,문화/레져,제주도민,40대,남,2018-08-01,1198,1718,130438075
제주도,제주시,읍면,문화/레져,제주도민,30대,여,2018-08-01,542,804,21499665
제주도,제주시,읍면,문화/레져,제주도민,30대,남,2018-08-01,565,876,33688035
제주도,제주시,읍면,문화/레져,제주도민,20대미만,여,2018-08-01,17,41,640565
제주도,제주시,읍면,문화/레져,제주도민,20대미만,남,2018-08-01,34,132,768410
제주도,제주시,읍면,문화/레져,제주도민,20대,여,2018-08-01,223,311,7824445
제주도,제주시,읍면,문화/레져,제주도민,20대,남,2018-08-01,277,819,10008930
제주도,제주시,읍면,문화/레져,내국인관광객,60대이상,여,2018-08-01,495,695,65893090
제주도,제주시,읍면,문화/레져,내국인관광객,60대이상,남,2018-08-01,838,1258,215369216
제주도,제주시,읍면,문화/레져,내국인관광객,50대,여,2018-08-01,1092,1433,80218245
제주도,제주시,읍면,문화/레져,내국인관광객,50대,남,2018-08-01,1977,2609,212973035
제주도,제주시,읍면,문화/레져,내국인관광객,40대,여,2018-08-01,2237,3104,102853475
제주도,제주시,읍면,문화/레져,내국인관광객,40대,남,2018-08-01,2962,4191,173571905
제주도,제주시,읍면,문화/레져,내국인관광객,30대,여,2018-08-01,2251,3016,65786015
제주도,제주시,읍면,문화/레져,내국인관광객,30대,남,2018-08-01,2194,3035,82688389
제주도,제주시,읍면,문화/레져,내국인관광객,20대미만,여,2018-08-01,28,32,404000
제주도,제주시,읍면,문화/레져,내국인관광객,20대미만,남,2018-08-01,33,45,456900
제주도,제주시,읍면,문화/레져,내국인관광객,20대,여,2018-08-01,1580,2007,38068560
제주도,제주시,읍면,문화/레져,내국인관광객,20대,남,2018-08-01,1129,1560,28749090
제주도,제주시,읍면,교통,제주도민,60대이상,여,2018-08-01,936,1750,101960016
제주도,제주시,읍면,교통,제주도민,60대이상,남,2018-08-01,3765,8634,438066767
제주도,제주시,읍면,교통,제주도민,50대,여,2018-08-01,1389,2358,127740069
제주도,제주시,읍면,교통,제주도민,50대,남,2018-08-01,3049,6471,379957668
제주도,제주시,읍면,교통,제주도민,40대,여,2018-08-01,1392,2312,118682602
제주도,제주시,읍면,교통,제주도민,40대,남,2018-08-01,2773,5288,317295785
제주도,제주시,읍면,교통,제주도민,30대,여,2018-08-01,1018,1579,68165681
제주도,제주시,읍면,교통,제주도민,30대,남,2018-08-01,1541,2549,124067583
제주도,제주시,읍면,교통,제주도민,20대미만,여,2018-08-01,3,4,152100
제주도,제주시,읍면,교통,제주도민,20대미만,남,2018-08-01,9,10,338500
제주도,제주시,읍면,교통,제주도민,20대,여,2018-08-01,391,542,19286717
제주도,제주시,읍면,교통,제주도민,20대,남,2018-08-01,623,965,34764350
제주도,제주시,읍면,교통,내국인관광객,60대이상,여,2018-08-01,649,811,41651251
제주도,제주시,읍면,교통,내국인관광객,60대이상,남,2018-08-01,1446,1795,98764078
제주도,제주시,읍면,교통,내국인관광객,50대,여,2018-08-01,1696,2096,93697605
제주도,제주시,읍면,교통,내국인관광객,50대,남,2018-08-01,3532,4423,237533539
제주도,제주시,읍면,교통,내국인관광객,40대,여,2018-08-01,2686,3269,135563919
제주도,제주시,읍면,교통,내국인관광객,40대,남,2018-08-01,5348,6593,306961239
제주도,제주시,읍면,교통,내국인관광객,30대,여,2018-08-01,3368,3988,133393832
제주도,제주시,읍면,교통,내국인관광객,30대,남,2018-08-01,5357,6258,238014188
제주도,제주시,읍면,교통,내국인관광객,20대미만,여,2018-08-01,11,14,260500
제주도,제주시,읍면,교통,내국인관광객,20대미만,남,2018-08-01,21,22,411796
제주도,제주시,읍면,교통,내국인관광객,20대,여,2018-08-01,3659,4358,104673199
제주도,제주시,읍면,교통,내국인관광객,20대,남,2018-08-01,3526,3977,116552335
제주도,제주시,도심,유흥,제주도민,60대이상,여,2018-08-01,267,341,32353800
제주도,제주시,도심,유흥,제주도민,60대이상,남,2018-08-01,1033,1404,160510869
제주도,제주시,도심,유흥,제주도민,50대,여,2018-08-01,864,1142,88447550
제주도,제주시,도심,유흥,제주도민,50대,남,2018-08-01,3601,5493,695501440
제주도,제주시,도심,유흥,제주도민,40대,여,2018-08-01,1285,1610,110490600
제주도,제주시,도심,유흥,제주도민,40대,남,2018-08-01,4364,6363,962773245
제주도,제주시,도심,유흥,제주도민,30대,여,2018-08-01,1046,1325,79294625
제주도,제주시,도심,유흥,제주도민,30대,남,2018-08-01,2866,4009,444738157
제주도,제주시,도심,유흥,제주도민,20대미만,여,2018-08-01,31,36,1787100
제주도,제주시,도심,유흥,제주도민,20대미만,남,2018-08-01,47,55,2343000
제주도,제주시,도심,유흥,제주도민,20대,여,2018-08-01,1756,2572,109013820
제주도,제주시,도심,유흥,제주도민,20대,남,2018-08-01,2558,3954,222792855
제주도,제주시,도심,유흥,내국인관광객,60대이상,여,2018-08-01,63,76,8959100
제주도,제주시,도심,유흥,내국인관광객,60대이상,남,2018-08-01,191,270,38674900
제주도,제주시,도심,유흥,내국인관광객,50대,여,2018-08-01,133,165,19145600
제주도,제주시,도심,유흥,내국인관광객,50대,남,2018-08-01,730,1018,161530600
제주도,제주시,도심,유흥,내국인관광객,40대,여,2018-08-01,256,310,24715900
제주도,제주시,도심,유흥,내국인관광객,40대,남,2018-08-01,879,1203,210688500
제주도,제주시,도심,유흥,내국인관광객,30대,여,2018-08-01,266,350,19826500
제주도,제주시,도심,유흥,내국인관광객,30대,남,2018-08-01,874,1172,119122500
제주도,제주시,도심,유흥,내국인관광객,20대미만,여,2018-08-01,3,5,813000
제주도,제주시,도심,유흥,내국인관광객,20대미만,남,2018-08-01,7,10,294000
제주도,제주시,도심,유흥,내국인관광객,20대,여,2018-08-01,479,612,26580240
제주도,제주시,도심,유흥,내국인관광객,20대,남,2018-08-01,726,1007,52071950
제주도,제주시,도심,식음료,제주도민,60대이상,여,2018-08-01,10409,18609,564580265
제주도,제주시,도심,식음료,제주도민,60대이상,남,2018-08-01,17836,35824,1295246556
제주도,제주시,도심,식음료,제주도민,50대,여,2018-08-01,23602,51211,1408176436
제주도,제주시,도심,식음료,제주도민,50대,남,2018-08-01,32274,75791,2588407321
제주도,제주시,도심,식음료,제주도민,40대,여,2018-08-01,33662,83674,2005592343
제주도,제주시,도심,식음료,제주도민,40대,남,2018-08-01,38587,92163,2972879234
제주도,제주시,도심,식음료,제주도민,30대,여,2018-08-01,27869,65712,1399673078
제주도,제주시,도심,식음료,제주도민,30대,남,2018-08-01,30553,73326,1932936846
제주도,제주시,도심,식음료,제주도민,20대미만,여,2018-08-01,1559,3687,42982479
제주도,제주시,도심,식음료,제주도민,20대미만,남,2018-08-01,1435,3515,49980806
제주도,제주시,도심,식음료,제주도민,20대,여,2018-08-01,23572,60388,1078786857
제주도,제주시,도심,식음료,제주도민,20대,남,2018-08-01,20960,52997,1144857681
제주도,제주시,도심,식음료,내국인관광객,60대이상,여,2018-08-01,4194,5859,222120688
제주도,제주시,도심,식음료,내국인관광객,60대이상,남,2018-08-01,6898,10487,411323216
제주도,제주시,도심,식음료,내국인관광객,50대,여,2018-08-01,10020,14072,464761372
제주도,제주시,도심,식음료,내국인관광객,50대,남,2018-08-01,16889,26946,1012007615
제주도,제주시,도심,식음료,내국인관광객,40대,여,2018-08-01,17484,26340,772572556
제주도,제주시,도심,식음료,내국인관광객,40대,남,2018-08-01,26247,40424,1348497920
제주도,제주시,도심,식음료,내국인관광객,30대,여,2018-08-01,22400,32137,800655985
제주도,제주시,도심,식음료,내국인관광객,30대,남,2018-08-01,27214,41278,1116808350
제주도,제주시,도심,식음료,내국인관광객,20대미만,여,2018-08-01,283,517,7648210
제주도,제주시,도심,식음료,내국인관광객,20대미만,남,2018-08-01,381,562,9963430
제주도,제주시,도심,식음료,내국인관광객,20대,여,2018-08-01,24417,34602,734629147
제주도,제주시,도심,식음료,내국인관광객,20대,남,2018-08-01,20609,31131,701498950
제주도,제주시,도심,숙박,제주도민,60대이상,여,2018-08-01,216,346,51303570
제주도,제주시,도심,숙박,제주도민,60대이상,남,2018-08-01,385,614,64067695
제주도,제주시,도심,숙박,제주도민,50대,여,2018-08-01,318,474,63369353
제주도,제주시,도심,숙박,제주도민,50대,남,2018-08-01,710,987,100798656
제주도,제주시,도심,숙박,제주도민,40대,여,2018-08-01,512,748,59847176
제주도,제주시,도심,숙박,제주도민,40대,남,2018-08-01,974,1373,104861667
제주도,제주시,도심,숙박,제주도민,30대,여,2018-08-01,445,594,44474578
제주도,제주시,도심,숙박,제주도민,30대,남,2018-08-01,785,1099,70119183
제주도,제주시,도심,숙박,제주도민,20대미만,여,2018-08-01,14,16,577400
제주도,제주시,도심,숙박,제주도민,20대미만,남,2018-08-01,29,36,1263300
제주도,제주시,도심,숙박,제주도민,20대,여,2018-08-01,455,592,24907300
제주도,제주시,도심,숙박,제주도민,20대,남,2018-08-01,708,927,38947225
제주도,제주시,도심,숙박,내국인관광객,60대이상,여,2018-08-01,238,342,43493893
제주도,제주시,도심,숙박,내국인관광객,60대이상,남,2018-08-01,520,692,82743815
제주도,제주시,도심,숙박,내국인관광객,50대,여,2018-08-01,726,958,105589179
제주도,제주시,도심,숙박,내국인관광객,50대,남,2018-08-01,1462,1944,241088275
제주도,제주시,도심,숙박,내국인관광객,40대,여,2018-08-01,1293,1813,200931639
제주도,제주시,도심,숙박,내국인관광객,40대,남,2018-08-01,2094,2852,317953115
제주도,제주시,도심,숙박,내국인관광객,30대,여,2018-08-01,1386,1799,193808802
제주도,제주시,도심,숙박,내국인관광객,30대,남,2018-08-01,1816,2355,223204994
제주도,제주시,도심,숙박,내국인관광객,20대미만,여,2018-08-01,13,20,785300
제주도,제주시,도심,숙박,내국인관광객,20대미만,남,2018-08-01,14,20,936000
제주도,제주시,도심,숙박,내국인관광객,20대,여,2018-08-01,1346,1567,137109723
제주도,제주시,도심,숙박,내국인관광객,20대,남,2018-08-01,1291,1564,112263606
제주도,제주시,도심,쇼핑,제주도민,60대이상,여,2018-08-01,12832,41415,1275343479
제주도,제주시,도심,쇼핑,제주도민,60대이상,남,2018-08-01,16310,52631,1354730922
제주도,제주시,도심,쇼핑,제주도민,50대,여,2018-08-01,24040,83148,2243103556
제주도,제주시,도심,쇼핑,제주도민,50대,남,2018-08-01,30449,110802,2323888342
제주도,제주시,도심,쇼핑,제주도민,40대,여,2018-08-01,31796,113342,2706326653
제주도,제주시,도심,쇼핑,제주도민,40대,남,2018-08-01,39749,149274,2774032803
제주도,제주시,도심,쇼핑,제주도민,30대,여,2018-08-01,25736,84510,1671168624
제주도,제주시,도심,쇼핑,제주도민,30대,남,2018-08-01,32672,123582,1769940539
제주도,제주시,도심,쇼핑,제주도민,20대미만,여,2018-08-01,1576,4556,25623302
제주도,제주시,도심,쇼핑,제주도민,20대미만,남,2018-08-01,2047,7672,36634452
제주도,제주시,도심,쇼핑,제주도민,20대,여,2018-08-01,21285,70538,807580461
제주도,제주시,도심,쇼핑,제주도민,20대,남,2018-08-01,24209,93461,812072871
제주도,제주시,도심,쇼핑,내국인관광객,60대이상,여,2018-08-01,4995,10122,430709735
제주도,제주시,도심,쇼핑,내국인관광객,60대이상,남,2018-08-01,7131,15301,611676385
제주도,제주시,도심,쇼핑,내국인관광객,50대,여,2018-08-01,11195,21720,917565727
제주도,제주시,도심,쇼핑,내국인관광객,50대,남,2018-08-01,18763,44058,1410592639
제주도,제주시,도심,쇼핑,내국인관광객,40대,여,2018-08-01,18939,36990,1454490502
제주도,제주시,도심,쇼핑,내국인관광객,40대,남,2018-08-01,29675,67248,1972726665
제주도,제주시,도심,쇼핑,내국인관광객,30대,여,2018-08-01,22421,41955,1438408736
제주도,제주시,도심,쇼핑,내국인관광객,30대,남,2018-08-01,30266,64362,1658281297
제주도,제주시,도심,쇼핑,내국인관광객,20대미만,여,2018-08-01,439,772,15213090
제주도,제주시,도심,쇼핑,내국인관광객,20대미만,남,2018-08-01,630,1581,13846086
제주도,제주시,도심,쇼핑,내국인관광객,20대,여,2018-08-01,24624,43796,1106680397
제주도,제주시,도심,쇼핑,내국인관광객,20대,남,2018-08-01,24784,51618,948073518
제주도,제주시,도심,소매,제주도민,60대이상,여,2018-08-01,5362,8176,647659043
제주도,제주시,도심,소매,제주도민,60대이상,남,2018-08-01,4932,7280,588774765
제주도,제주시,도심,소매,제주도민,50대,여,2018-08-01,8223,12866,1056071418
제주도,제주시,도심,소매,제주도민,50대,남,2018-08-01,7370,11100,813096503
제주도,제주시,도심,소매,제주도민,40대,여,2018-08-01,9572,15488,920473533
제주도,제주시,도심,소매,제주도민,40대,남,2018-08-01,7982,12448,782967103
제주도,제주시,도심,소매,제주도민,30대,여,2018-08-01,6564,10473,550955981
제주도,제주시,도심,소매,제주도민,30대,남,2018-08-01,5328,7908,407662721
제주도,제주시,도심,소매,제주도민,20대미만,여,2018-08-01,431,671,14949940
제주도,제주시,도심,소매,제주도민,20대미만,남,2018-08-01,325,449,9857320
제주도,제주시,도심,소매,제주도민,20대,여,2018-08-01,5241,7789,340410895
제주도,제주시,도심,소매,제주도민,20대,남,2018-08-01,3630,5266,240787676
제주도,제주시,도심,소매,내국인관광객,60대이상,여,2018-08-01,2174,2651,147268308
제주도,제주시,도심,소매,내국인관광객,60대이상,남,2018-08-01,2324,2805,171132449
제주도,제주시,도심,소매,내국인관광객,50대,여,2018-08-01,4676,5815,283900760
제주도,제주시,도심,소매,내국인관광객,50대,남,2018-08-01,5205,6489,308518451
제주도,제주시,도심,소매,내국인관광객,40대,여,2018-08-01,7243,9061,349094610
제주도,제주시,도심,소매,내국인관광객,40대,남,2018-08-01,8196,10197,398790935
제주도,제주시,도심,소매,내국인관광객,30대,여,2018-08-01,8661,10829,335874387
제주도,제주시,도심,소매,내국인관광객,30대,남,2018-08-01,8474,10597,359225916
제주도,제주시,도심,소매,내국인관광객,20대미만,여,2018-08-01,207,239,4863430
제주도,제주시,도심,소매,내국인관광객,20대미만,남,2018-08-01,259,337,8180720
제주도,제주시,도심,소매,내국인관광객,20대,여,2018-08-01,10439,13106,327853114
제주도,제주시,도심,소매,내국인관광객,20대,남,2018-08-01,6955,8560,225795000
제주도,제주시,도심,문화/레져,제주도민,60대이상,여,2018-08-01,658,900,31310690
제주도,제주시,도심,문화/레져,제주도민,60대이상,남,2018-08-01,1377,1978,105490678
제주도,제주시,도심,문화/레져,제주도민,50대,여,2018-08-01,2500,3784,132791644
제주도,제주시,도심,문화/레져,제주도민,50대,남,2018-08-01,3590,5342,240447362
제주도,제주시,도심,문화/레져,제주도민,40대,여,2018-08-01,5792,9041,237057958
제주도,제주시,도심,문화/레져,제주도민,40대,남,2018-08-01,5448,8344,292773275
제주도,제주시,도심,문화/레져,제주도민,30대,여,2018-08-01,4122,6256,145638922
제주도,제주시,도심,문화/레져,제주도민,30대,남,2018-08-01,3749,6806,160176265
제주도,제주시,도심,문화/레져,제주도민,20대미만,여,2018-08-01,579,1102,10747351
제주도,제주시,도심,문화/레져,제주도민,20대미만,남,2018-08-01,791,2757,23945950
제주도,제주시,도심,문화/레져,제주도민,20대,여,2018-08-01,4171,7254,105854684
제주도,제주시,도심,문화/레져,제주도민,20대,남,2018-08-01,5534,16702,165675869
제주도,제주시,도심,문화/레져,내국인관광객,60대이상,여,2018-08-01,229,364,14521730
제주도,제주시,도심,문화/레져,내국인관광객,60대이상,남,2018-08-01,400,537,46005994
제주도,제주시,도심,문화/레져,내국인관광객,50대,여,2018-08-01,557,750,25900795
제주도,제주시,도심,문화/레져,내국인관광객,50대,남,2018-08-01,1205,1639,101969979
제주도,제주시,도심,문화/레져,내국인관광객,40대,여,2018-08-01,1467,2003,55501540
제주도,제주시,도심,문화/레져,내국인관광객,40대,남,2018-08-01,1997,2718,92737195
제주도,제주시,도심,문화/레져,내국인관광객,30대,여,2018-08-01,1384,1826,41326580
제주도,제주시,도심,문화/레져,내국인관광객,30대,남,2018-08-01,1796,2835,58759453
제주도,제주시,도심,문화/레져,내국인관광객,20대미만,여,2018-08-01,59,90,761390
제주도,제주시,도심,문화/레져,내국인관광객,20대미만,남,2018-08-01,112,250,1711660
제주도,제주시,도심,문화/레져,내국인관광객,20대,여,2018-08-01,1822,2679,41273220
제주도,제주시,도심,문화/레져,내국인관광객,20대,남,2018-08-01,2738,5901,61034615
제주도,제주시,도심,교통,제주도민,60대이상,여,2018-08-01,2934,4303,241620663
제주도,제주시,도심,교통,제주도민,60대이상,남,2018-08-01,6581,10509,561556923
제주도,제주시,도심,교통,제주도민,50대,여,2018-08-01,6460,9395,540398073
제주도,제주시,도심,교통,제주도민,50대,남,2018-08-01,10227,16388,945074877
제주도,제주시,도심,교통,제주도민,40대,여,2018-08-01,7566,11061,535811870
제주도,제주시,도심,교통,제주도민,40대,남,2018-08-01,11227,17588,947287624
제주도,제주시,도심,교통,제주도민,30대,여,2018-08-01,5477,7632,347988786
제주도,제주시,도심,교통,제주도민,30대,남,2018-08-01,7869,11737,545766019
제주도,제주시,도심,교통,제주도민,20대미만,여,2018-08-01,27,24,971542
제주도,제주시,도심,교통,제주도민,20대미만,남,2018-08-01,38,44,1408235
제주도,제주시,도심,교통,제주도민,20대,여,2018-08-01,2522,3274,136646178
제주도,제주시,도심,교통,제주도민,20대,남,2018-08-01,3743,5326,217543491
제주도,제주시,도심,교통,내국인관광객,60대이상,여,2018-08-01,1330,1554,165707246
제주도,제주시,도심,교통,내국인관광객,60대이상,남,2018-08-01,2767,3294,270112772
제주도,제주시,도심,교통,내국인관광객,50대,여,2018-08-01,3716,3998,359589211
제주도,제주시,도심,교통,내국인관광객,50대,남,2018-08-01,7654,8877,759653285
제주도,제주시,도심,교통,내국인관광객,40대,여,2018-08-01,6582,7188,596883567
제주도,제주시,도심,교통,내국인관광객,40대,남,2018-08-01,12455,14240,1129614904
제주도,제주시,도심,교통,내국인관광객,30대,여,2018-08-01,9004,9511,792026865
제주도,제주시,도심,교통,내국인관광객,30대,남,2018-08-01,13274,14702,1111221931
제주도,제주시,도심,교통,내국인관광객,20대미만,여,2018-08-01,33,37,4464316
제주도,제주시,도심,교통,내국인관광객,20대미만,남,2018-08-01,50,50,3146384
제주도,제주시,도심,교통,내국인관광객,20대,여,2018-08-01,7651,7734,613354308
제주도,제주시,도심,교통,내국인관광객,20대,남,2018-08-01,7828,8497,568833026
제주도,서귀포시,읍면,유흥,제주도민,60대이상,여,2018-08-01,40,45,3383400
제주도,서귀포시,읍면,유흥,제주도민,60대이상,남,2018-08-01,175,319,34708100
제주도,서귀포시,읍면,유흥,제주도민,50대,여,2018-08-01,85,126,15046600
제주도,서귀포시,읍면,유흥,제주도민,50대,남,2018-08-01,399,766,128021050
제주도,서귀포시,읍면,유흥,제주도민,40대,여,2018-08-01,99,124,11003340
제주도,서귀포시,읍면,유흥,제주도민,40대,남,2018-08-01,329,616,103950890
제주도,서귀포시,읍면,유흥,제주도민,30대,여,2018-08-01,49,76,4475450
제주도,서귀포시,읍면,유흥,제주도민,30대,남,2018-08-01,164,263,34565650
제주도,서귀포시,읍면,유흥,제주도민,20대미만,여,2018-08-01,4,11,1725300
제주도,서귀포시,읍면,유흥,제주도민,20대미만,남,2018-08-01,5,11,1663000
제주도,서귀포시,읍면,유흥,제주도민,20대,여,2018-08-01,30,41,2482900
제주도,서귀포시,읍면,유흥,제주도민,20대,남,2018-08-01,94,124,10018700
제주도,서귀포시,읍면,유흥,내국인관광객,60대이상,여,2018-08-01,17,19,2249900
제주도,서귀포시,읍면,유흥,내국인관광객,60대이상,남,2018-08-01,67,87,12196850
제주도,서귀포시,읍면,유흥,내국인관광객,50대,여,2018-08-01,42,58,5600300
제주도,서귀포시,읍면,유흥,내국인관광객,50대,남,2018-08-01,155,259,33804900
제주도,서귀포시,읍면,유흥,내국인관광객,40대,여,2018-08-01,42,55,3264950
제주도,서귀포시,읍면,유흥,내국인관광객,40대,남,2018-08-01,126,183,23253600
제주도,서귀포시,읍면,유흥,내국인관광객,30대,여,2018-08-01,53,60,2760900
제주도,서귀포시,읍면,유흥,내국인관광객,30대,남,2018-08-01,146,197,15271100
제주도,서귀포시,읍면,유흥,내국인관광객,20대미만,남,2018-08-01,1,1,37800
제주도,서귀포시,읍면,유흥,내국인관광객,20대,여,2018-08-01,55,72,4055900
제주도,서귀포시,읍면,유흥,내국인관광객,20대,남,2018-08-01,81,119,4511700
제주도,서귀포시,읍면,식음료,제주도민,60대이상,여,2018-08-01,1129,2112,91882930
제주도,서귀포시,읍면,식음료,제주도민,60대이상,남,2018-08-01,2559,5635,260643162
제주도,서귀포시,읍면,식음료,제주도민,50대,여,2018-08-01,2329,5190,180690890
제주도,서귀포시,읍면,식음료,제주도민,50대,남,2018-08-01,3677,9029,387070707
제주도,서귀포시,읍면,식음료,제주도민,40대,여,2018-08-01,2830,7033,213171744
제주도,서귀포시,읍면,식음료,제주도민,40대,남,2018-08-01,4015,10133,368234562
제주도,서귀포시,읍면,식음료,제주도민,30대,여,2018-08-01,2238,4994,127568825
제주도,서귀포시,읍면,식음료,제주도민,30대,남,2018-08-01,2668,5838,170282950
제주도,서귀포시,읍면,식음료,제주도민,20대미만,여,2018-08-01,65,198,3459920
제주도,서귀포시,읍면,식음료,제주도민,20대미만,남,2018-08-01,81,207,3557340
제주도,서귀포시,읍면,식음료,제주도민,20대,여,2018-08-01,1261,2748,58474558
제주도,서귀포시,읍면,식음료,제주도민,20대,남,2018-08-01,1389,2976,76479440
제주도,서귀포시,읍면,식음료,내국인관광객,60대이상,여,2018-08-01,1794,2617,114085745
제주도,서귀포시,읍면,식음료,내국인관광객,60대이상,남,2018-08-01,2596,4163,203944820
제주도,서귀포시,읍면,식음료,내국인관광객,50대,여,2018-08-01,3880,5949,232140993
제주도,서귀포시,읍면,식음료,내국인관광객,50대,남,2018-08-01,5842,9477,403979180
제주도,서귀포시,읍면,식음료,내국인관광객,40대,여,2018-08-01,7316,11759,398634182
제주도,서귀포시,읍면,식음료,내국인관광객,40대,남,2018-08-01,10066,16614,619665368
제주도,서귀포시,읍면,식음료,내국인관광객,30대,여,2018-08-01,9342,14388,443571538
제주도,서귀포시,읍면,식음료,내국인관광객,30대,남,2018-08-01,10422,16675,541549524
제주도,서귀포시,읍면,식음료,내국인관광객,20대미만,여,2018-08-01,161,229,3972955
제주도,서귀포시,읍면,식음료,내국인관광객,20대미만,남,2018-08-01,167,226,4215540
제주도,서귀포시,읍면,식음료,내국인관광객,20대,여,2018-08-01,8459,12418,340638267
제주도,서귀포시,읍면,식음료,내국인관광객,20대,남,2018-08-01,6682,9980,285457501
제주도,서귀포시,읍면,숙박,제주도민,60대이상,여,2018-08-01,47,93,5194390
제주도,서귀포시,읍면,숙박,제주도민,60대이상,남,2018-08-01,102,170,38724140
제주도,서귀포시,읍면,숙박,제주도민,50대,여,2018-08-01,119,187,9274066
제주도,서귀포시,읍면,숙박,제주도민,50대,남,2018-08-01,211,376,24692360
제주도,서귀포시,읍면,숙박,제주도민,40대,여,2018-08-01,615,1291,82185074
제주도,서귀포시,읍면,숙박,제주도민,40대,남,2018-08-01,661,1388,98222350
제주도,서귀포시,읍면,숙박,제주도민,30대,여,2018-08-01,608,1256,65580240
제주도,서귀포시,읍면,숙박,제주도민,30대,남,2018-08-01,510,994,53579922
제주도,서귀포시,읍면,숙박,제주도민,20대미만,여,2018-08-01,24,38,1037500
제주도,서귀포시,읍면,숙박,제주도민,20대미만,남,2018-08-01,26,49,1303300
제주도,서귀포시,읍면,숙박,제주도민,20대,여,2018-08-01,326,517,16508520
제주도,서귀포시,읍면,숙박,제주도민,20대,남,2018-08-01,262,422,14830905
제주도,서귀포시,읍면,숙박,내국인관광객,60대이상,여,2018-08-01,216,311,20055346
제주도,서귀포시,읍면,숙박,내국인관광객,60대이상,남,2018-08-01,321,495,42030493
제주도,서귀포시,읍면,숙박,내국인관광객,50대,여,2018-08-01,534,753,54093808
제주도,서귀포시,읍면,숙박,내국인관광객,50대,남,2018-08-01,787,1126,85448948
제주도,서귀포시,읍면,숙박,내국인관광객,40대,여,2018-08-01,1322,2197,140116039
제주도,서귀포시,읍면,숙박,내국인관광객,40대,남,2018-08-01,1811,3275,247741373
제주도,서귀포시,읍면,숙박,내국인관광객,30대,여,2018-08-01,1563,2502,137329390
제주도,서귀포시,읍면,숙박,내국인관광객,30대,남,2018-08-01,1674,2596,158783239
제주도,서귀포시,읍면,숙박,내국인관광객,20대미만,여,2018-08-01,22,33,385100
제주도,서귀포시,읍면,숙박,내국인관광객,20대미만,남,2018-08-01,22,35,454100
제주도,서귀포시,읍면,숙박,내국인관광객,20대,여,2018-08-01,1746,2235,66067752
제주도,서귀포시,읍면,숙박,내국인관광객,20대,남,2018-08-01,1095,1377,44052609
제주도,서귀포시,읍면,쇼핑,제주도민,60대이상,여,2018-08-01,1181,4339,117473568
제주도,서귀포시,읍면,쇼핑,제주도민,60대이상,남,2018-08-01,2328,8831,215160061
제주도,서귀포시,읍면,쇼핑,제주도민,50대,여,2018-08-01,2302,9712,242402126
제주도,서귀포시,읍면,쇼핑,제주도민,50대,남,2018-08-01,3858,16275,328046959
제주도,서귀포시,읍면,쇼핑,제주도민,40대,여,2018-08-01,2973,11880,239183681
제주도,서귀포시,읍면,쇼핑,제주도민,40대,남,2018-08-01,5091,21053,326656266
제주도,서귀포시,읍면,쇼핑,제주도민,30대,여,2018-08-01,2298,8126,125964286
제주도,서귀포시,읍면,쇼핑,제주도민,30대,남,2018-08-01,3745,14135,182335435
제주도,서귀포시,읍면,쇼핑,제주도민,20대미만,여,2018-08-01,101,406,2488021
제주도,서귀포시,읍면,쇼핑,제주도민,20대미만,남,2018-08-01,156,642,3272050
제주도,서귀포시,읍면,쇼핑,제주도민,20대,여,2018-08-01,1344,6012,54116239
제주도,서귀포시,읍면,쇼핑,제주도민,20대,남,2018-08-01,2194,10210,91609155
제주도,서귀포시,읍면,쇼핑,내국인관광객,60대이상,여,2018-08-01,1118,2654,59637600
제주도,서귀포시,읍면,쇼핑,내국인관광객,60대이상,남,2018-08-01,1717,4342,83174541
제주도,서귀포시,읍면,쇼핑,내국인관광객,50대,여,2018-08-01,2438,5770,96441040
제주도,서귀포시,읍면,쇼핑,내국인관광객,50대,남,2018-08-01,4261,11014,169565652
제주도,서귀포시,읍면,쇼핑,내국인관광객,40대,여,2018-08-01,4955,10325,170739614
제주도,서귀포시,읍면,쇼핑,내국인관광객,40대,남,2018-08-01,8370,19508,284499352
제주도,서귀포시,읍면,쇼핑,내국인관광객,30대,여,2018-08-01,5895,11634,165966255
제주도,서귀포시,읍면,쇼핑,내국인관광객,30대,남,2018-08-01,8386,18447,225859209
제주도,서귀포시,읍면,쇼핑,내국인관광객,20대미만,여,2018-08-01,116,236,1699030
제주도,서귀포시,읍면,쇼핑,내국인관광객,20대미만,남,2018-08-01,192,398,2632200
제주도,서귀포시,읍면,쇼핑,내국인관광객,20대,여,2018-08-01,5203,10756,98288265
제주도,서귀포시,읍면,쇼핑,내국인관광객,20대,남,2018-08-01,6082,14056,123186505
제주도,서귀포시,읍면,소매,제주도민,60대이상,여,2018-08-01,451,861,61786137
제주도,서귀포시,읍면,소매,제주도민,60대이상,남,2018-08-01,590,1006,62793270
제주도,서귀포시,읍면,소매,제주도민,50대,여,2018-08-01,759,1572,93171624
제주도,서귀포시,읍면,소매,제주도민,50대,남,2018-08-01,862,1713,77092316
제주도,서귀포시,읍면,소매,제주도민,40대,여,2018-08-01,802,1424,60043295
제주도,서귀포시,읍면,소매,제주도민,40대,남,2018-08-01,942,1900,97236044
제주도,서귀포시,읍면,소매,제주도민,30대,여,2018-08-01,670,1209,41138889
제주도,서귀포시,읍면,소매,제주도민,30대,남,2018-08-01,622,1216,46486900
제주도,서귀포시,읍면,소매,제주도민,20대미만,여,2018-08-01,16,29,340270
제주도,서귀포시,읍면,소매,제주도민,20대미만,남,2018-08-01,25,64,857220
제주도,서귀포시,읍면,소매,제주도민,20대,여,2018-08-01,261,445,9421709
제주도,서귀포시,읍면,소매,제주도민,20대,남,2018-08-01,365,702,12131107
제주도,서귀포시,읍면,소매,내국인관광객,60대이상,여,2018-08-01,640,884,61899402
제주도,서귀포시,읍면,소매,내국인관광객,60대이상,남,2018-08-01,711,940,52899820
제주도,서귀포시,읍면,소매,내국인관광객,50대,여,2018-08-01,1196,1646,81224242
제주도,서귀포시,읍면,소매,내국인관광객,50대,남,2018-08-01,1443,1938,82478920
제주도,서귀포시,읍면,소매,내국인관광객,40대,여,2018-08-01,2098,2943,101569672
제주도,서귀포시,읍면,소매,내국인관광객,40대,남,2018-08-01,2808,3894,132948625
제주도,서귀포시,읍면,소매,내국인관광객,30대,여,2018-08-01,2355,3108,90831739
제주도,서귀포시,읍면,소매,내국인관광객,30대,남,2018-08-01,2573,3385,98780405
제주도,서귀포시,읍면,소매,내국인관광객,20대미만,여,2018-08-01,47,63,704450
제주도,서귀포시,읍면,소매,내국인관광객,20대미만,남,2018-08-01,55,65,1146400
제주도,서귀포시,읍면,소매,내국인관광객,20대,여,2018-08-01,1707,2024,49311386
제주도,서귀포시,읍면,소매,내국인관광객,20대,남,2018-08-01,1396,1826,38316110
제주도,서귀포시,읍면,문화/레져,제주도민,60대이상,여,2018-08-01,174,250,19549230
제주도,서귀포시,읍면,문화/레져,제주도민,60대이상,남,2018-08-01,572,1200,87210124
제주도,서귀포시,읍면,문화/레져,제주도민,50대,여,2018-08-01,457,655,45520780
제주도,서귀포시,읍면,문화/레져,제주도민,50대,남,2018-08-01,981,1427,124132462
제주도,서귀포시,읍면,문화/레져,제주도민,40대,여,2018-08-01,630,888,56854089
제주도,서귀포시,읍면,문화/레져,제주도민,40대,남,2018-08-01,1032,1376,96293365
제주도,서귀포시,읍면,문화/레져,제주도민,30대,여,2018-08-01,651,875,32841751
제주도,서귀포시,읍면,문화/레져,제주도민,30대,남,2018-08-01,562,789,36155354
제주도,서귀포시,읍면,문화/레져,제주도민,20대미만,여,2018-08-01,15,18,433340
제주도,서귀포시,읍면,문화/레져,제주도민,20대미만,남,2018-08-01,12,46,321980
제주도,서귀포시,읍면,문화/레져,제주도민,20대,여,2018-08-01,197,238,7234435
제주도,서귀포시,읍면,문화/레져,제주도민,20대,남,2018-08-01,187,236,8696512
제주도,서귀포시,읍면,문화/레져,내국인관광객,60대이상,여,2018-08-01,491,706,55773839
제주도,서귀포시,읍면,문화/레져,내국인관광객,60대이상,남,2018-08-01,821,1295,168452390
제주도,서귀포시,읍면,문화/레져,내국인관광객,50대,여,2018-08-01,1022,1243,94953501
제주도,서귀포시,읍면,문화/레져,내국인관광객,50대,남,2018-08-01,1783,2327,184131218
제주도,서귀포시,읍면,문화/레져,내국인관광객,40대,여,2018-08-01,2645,3474,148918274
제주도,서귀포시,읍면,문화/레져,내국인관광객,40대,남,2018-08-01,3829,5088,253333139
제주도,서귀포시,읍면,문화/레져,내국인관광객,30대,여,2018-08-01,2848,3630,145080185
제주도,서귀포시,읍면,문화/레져,내국인관광객,30대,남,2018-08-01,2896,3859,162792625
제주도,서귀포시,읍면,문화/레져,내국인관광객,20대미만,여,2018-08-01,21,24,434400
제주도,서귀포시,읍면,문화/레져,내국인관광객,20대미만,남,2018-08-01,40,42,988700
제주도,서귀포시,읍면,문화/레져,내국인관광객,20대,여,2018-08-01,1797,2078,63230164
제주도,서귀포시,읍면,문화/레져,내국인관광객,20대,남,2018-08-01,1641,1929,59501886
제주도,서귀포시,읍면,교통,제주도민,60대이상,여,2018-08-01,691,1234,59791745
제주도,서귀포시,읍면,교통,제주도민,60대이상,남,2018-08-01,3554,7738,368930350
제주도,서귀포시,읍면,교통,제주도민,50대,여,2018-08-01,1083,1973,100288523
제주도,서귀포시,읍면,교통,제주도민,50대,남,2018-08-01,2514,5087,285176102
제주도,서귀포시,읍면,교통,제주도민,40대,여,2018-08-01,1083,1920,100548773
제주도,서귀포시,읍면,교통,제주도민,40대,남,2018-08-01,2101,4202,256568574
제주도,서귀포시,읍면,교통,제주도민,30대,여,2018-08-01,704,1160,55906117
제주도,서귀포시,읍면,교통,제주도민,30대,남,2018-08-01,1063,1818,96367389
제주도,서귀포시,읍면,교통,제주도민,20대미만,여,2018-08-01,5,13,464502
제주도,서귀포시,읍면,교통,제주도민,20대미만,남,2018-08-01,7,12,413855
제주도,서귀포시,읍면,교통,제주도민,20대,여,2018-08-01,281,447,17703326
제주도,서귀포시,읍면,교통,제주도민,20대,남,2018-08-01,446,745,30486553
제주도,서귀포시,읍면,교통,내국인관광객,60대이상,여,2018-08-01,263,352,17311010
제주도,서귀포시,읍면,교통,내국인관광객,60대이상,남,2018-08-01,537,743,37493600
제주도,서귀포시,읍면,교통,내국인관광객,50대,여,2018-08-01,569,726,36800010
제주도,서귀포시,읍면,교통,내국인관광객,50대,남,2018-08-01,1217,1559,69939337
제주도,서귀포시,읍면,교통,내국인관광객,40대,여,2018-08-01,926,1135,49215847
제주도,서귀포시,읍면,교통,내국인관광객,40대,남,2018-08-01,2041,2489,106636106
제주도,서귀포시,읍면,교통,내국인관광객,30대,여,2018-08-01,1098,1254,47460368
제주도,서귀포시,읍면,교통,내국인관광객,30대,남,2018-08-01,1859,2142,83252020
제주도,서귀포시,읍면,교통,내국인관광객,20대미만,여,2018-08-01,1,1,30000
제주도,서귀포시,읍면,교통,내국인관광객,20대미만,남,2018-08-01,8,12,269793
제주도,서귀포시,읍면,교통,내국인관광객,20대,여,2018-08-01,896,993,33630571
제주도,서귀포시,읍면,교통,내국인관광객,20대,남,2018-08-01,1056,1182,38017721
제주도,서귀포시,도심,유흥,제주도민,60대이상,여,2018-08-01,81,93,12537600
제주도,서귀포시,도심,유흥,제주도민,60대이상,남,2018-08-01,291,445,52922220
제주도,서귀포시,도심,유흥,제주도민,50대,여,2018-08-01,163,192,14322300
제주도,서귀포시,도심,유흥,제주도민,50대,남,2018-08-01,811,1193,183184969
제주도,서귀포시,도심,유흥,제주도민,40대,여,2018-08-01,312,367,25388300
제주도,서귀포시,도심,유흥,제주도민,40대,남,2018-08-01,989,1429,242908130
제주도,서귀포시,도심,유흥,제주도민,30대,여,2018-08-01,215,258,16696200
제주도,서귀포시,도심,유흥,제주도민,30대,남,2018-08-01,555,784,89916850
제주도,서귀포시,도심,유흥,제주도민,20대미만,여,2018-08-01,7,9,274800
제주도,서귀포시,도심,유흥,제주도민,20대미만,남,2018-08-01,2,2,54900
제주도,서귀포시,도심,유흥,제주도민,20대,여,2018-08-01,287,402,16550700
제주도,서귀포시,도심,유흥,제주도민,20대,남,2018-08-01,484,785,46333390
제주도,서귀포시,도심,유흥,내국인관광객,60대이상,여,2018-08-01,38,46,2653500
제주도,서귀포시,도심,유흥,내국인관광객,60대이상,남,2018-08-01,86,127,17264900
제주도,서귀포시,도심,유흥,내국인관광객,50대,여,2018-08-01,66,77,5874160
제주도,서귀포시,도심,유흥,내국인관광객,50대,남,2018-08-01,225,317,44643400
제주도,서귀포시,도심,유흥,내국인관광객,40대,여,2018-08-01,110,133,10788310
제주도,서귀포시,도심,유흥,내국인관광객,40대,남,2018-08-01,310,400,53425450
제주도,서귀포시,도심,유흥,내국인관광객,30대,여,2018-08-01,177,222,8704950
제주도,서귀포시,도심,유흥,내국인관광객,30대,남,2018-08-01,407,545,30471300
제주도,서귀포시,도심,유흥,내국인관광객,20대미만,남,2018-08-01,2,2,80000
제주도,서귀포시,도심,유흥,내국인관광객,20대,여,2018-08-01,270,375,11854050
제주도,서귀포시,도심,유흥,내국인관광객,20대,남,2018-08-01,421,587,21927300
제주도,서귀포시,도심,식음료,제주도민,60대이상,여,2018-08-01,2789,4506,154402740
제주도,서귀포시,도심,식음료,제주도민,60대이상,남,2018-08-01,4984,8934,361942848
제주도,서귀포시,도심,식음료,제주도민,50대,여,2018-08-01,5844,10366,297600975
제주도,서귀포시,도심,식음료,제주도민,50대,남,2018-08-01,8206,15694,591854510
제주도,서귀포시,도심,식음료,제주도민,40대,여,2018-08-01,8347,16225,402564460
제주도,서귀포시,도심,식음료,제주도민,40대,남,2018-08-01,10667,21096,718522310
제주도,서귀포시,도심,식음료,제주도민,30대,여,2018-08-01,7031,14157,306753583
제주도,서귀포시,도심,식음료,제주도민,30대,남,2018-08-01,7388,14610,385849231
제주도,서귀포시,도심,식음료,제주도민,20대미만,여,2018-08-01,393,705,8158170
제주도,서귀포시,도심,식음료,제주도민,20대미만,남,2018-08-01,239,402,6402850
제주도,서귀포시,도심,식음료,제주도민,20대,여,2018-08-01,4574,8439,156835986
제주도,서귀포시,도심,식음료,제주도민,20대,남,2018-08-01,4139,7519,179949055
제주도,서귀포시,도심,식음료,내국인관광객,60대이상,여,2018-08-01,2212,3095,130239500
제주도,서귀포시,도심,식음료,내국인관광객,60대이상,남,2018-08-01,3500,5397,242485340
제주도,서귀포시,도심,식음료,내국인관광객,50대,여,2018-08-01,4797,6404,247466821
제주도,서귀포시,도심,식음료,내국인관광객,50대,남,2018-08-01,7834,11663,494225777
제주도,서귀포시,도심,식음료,내국인관광객,40대,여,2018-08-01,9199,12935,470598004
제주도,서귀포시,도심,식음료,내국인관광객,40대,남,2018-08-01,13977,20498,784856800
제주도,서귀포시,도심,식음료,내국인관광객,30대,여,2018-08-01,12646,17568,540252570
제주도,서귀포시,도심,식음료,내국인관광객,30대,남,2018-08-01,14706,20929,694257270
제주도,서귀포시,도심,식음료,내국인관광객,20대미만,여,2018-08-01,142,212,3339130
제주도,서귀포시,도심,식음료,내국인관광객,20대미만,남,2018-08-01,152,177,3360250
제주도,서귀포시,도심,식음료,내국인관광객,20대,여,2018-08-01,11486,15789,416939615
제주도,서귀포시,도심,식음료,내국인관광객,20대,남,2018-08-01,9885,14000,380485190
제주도,서귀포시,도심,숙박,제주도민,60대이상,여,2018-08-01,88,125,30280304
제주도,서귀포시,도심,숙박,제주도민,60대이상,남,2018-08-01,138,231,28499406
제주도,서귀포시,도심,숙박,제주도민,50대,여,2018-08-01,136,186,21731770
제주도,서귀포시,도심,숙박,제주도민,50대,남,2018-08-01,228,305,25524845
제주도,서귀포시,도심,숙박,제주도민,40대,여,2018-08-01,264,416,46235238
제주도,서귀포시,도심,숙박,제주도민,40대,남,2018-08-01,396,624,64347240
제주도,서귀포시,도심,숙박,제주도민,30대,여,2018-08-01,261,422,28584763
제주도,서귀포시,도심,숙박,제주도민,30대,남,2018-08-01,295,401,47640031
제주도,서귀포시,도심,숙박,제주도민,20대미만,여,2018-08-01,2,3,90000
제주도,서귀포시,도심,숙박,제주도민,20대미만,남,2018-08-01,1,1,1000
제주도,서귀포시,도심,숙박,제주도민,20대,여,2018-08-01,118,150,9688605
제주도,서귀포시,도심,숙박,제주도민,20대,남,2018-08-01,135,165,9850085
제주도,서귀포시,도심,숙박,내국인관광객,60대이상,여,2018-08-01,254,369,88047793
제주도,서귀포시,도심,숙박,내국인관광객,60대이상,남,2018-08-01,429,662,205587433
제주도,서귀포시,도심,숙박,내국인관광객,50대,여,2018-08-01,555,723,117518971
제주도,서귀포시,도심,숙박,내국인관광객,50대,남,2018-08-01,1050,1464,294242358
제주도,서귀포시,도심,숙박,내국인관광객,40대,여,2018-08-01,1281,1847,299473005
제주도,서귀포시,도심,숙박,내국인관광객,40대,남,2018-08-01,2086,3100,578225076
제주도,서귀포시,도심,숙박,내국인관광객,30대,여,2018-08-01,1836,2565,380025744
제주도,서귀포시,도심,숙박,내국인관광객,30대,남,2018-08-01,1987,2793,430604038
제주도,서귀포시,도심,숙박,내국인관광객,20대미만,여,2018-08-01,6,8,236590
제주도,서귀포시,도심,숙박,내국인관광객,20대미만,남,2018-08-01,8,10,661110
제주도,서귀포시,도심,숙박,내국인관광객,20대,여,2018-08-01,1145,1374,151080739
제주도,서귀포시,도심,숙박,내국인관광객,20대,남,2018-08-01,912,1170,118463198
제주도,서귀포시,도심,쇼핑,제주도민,60대이상,여,2018-08-01,3376,10165,376801475
제주도,서귀포시,도심,쇼핑,제주도민,60대이상,남,2018-08-01,4571,13855,393540190
제주도,서귀포시,도심,쇼핑,제주도민,50대,여,2018-08-01,5703,19001,559164019
제주도,서귀포시,도심,쇼핑,제주도민,50대,남,2018-08-01,7324,24220,561655300
제주도,서귀포시,도심,쇼핑,제주도민,40대,여,2018-08-01,7529,24097,639249350
제주도,서귀포시,도심,쇼핑,제주도민,40대,남,2018-08-01,10712,36449,735445141
제주도,서귀포시,도심,쇼핑,제주도민,30대,여,2018-08-01,5987,17550,395809770
제주도,서귀포시,도심,쇼핑,제주도민,30대,남,2018-08-01,7709,25498,400896770
제주도,서귀포시,도심,쇼핑,제주도민,20대미만,여,2018-08-01,361,924,5217250
제주도,서귀포시,도심,쇼핑,제주도민,20대미만,남,2018-08-01,338,933,5635050
제주도,서귀포시,도심,쇼핑,제주도민,20대,여,2018-08-01,4012,11179,151961690
제주도,서귀포시,도심,쇼핑,제주도민,20대,남,2018-08-01,4820,14881,148044370
제주도,서귀포시,도심,쇼핑,내국인관광객,60대이상,여,2018-08-01,1830,4004,133968900
제주도,서귀포시,도심,쇼핑,내국인관광객,60대이상,남,2018-08-01,2413,5422,137524910
제주도,서귀포시,도심,쇼핑,내국인관광객,50대,여,2018-08-01,3667,7022,188412710
제주도,서귀포시,도심,쇼핑,내국인관광객,50대,남,2018-08-01,6176,13824,311549230
제주도,서귀포시,도심,쇼핑,내국인관광객,40대,여,2018-08-01,7127,12846,322307810
제주도,서귀포시,도심,쇼핑,내국인관광객,40대,남,2018-08-01,11839,24736,509373720
제주도,서귀포시,도심,쇼핑,내국인관광객,30대,여,2018-08-01,9285,15403,318510680
제주도,서귀포시,도심,쇼핑,내국인관광객,30대,남,2018-08-01,12499,23584,392544720
제주도,서귀포시,도심,쇼핑,내국인관광객,20대미만,여,2018-08-01,120,246,2140520
제주도,서귀포시,도심,쇼핑,내국인관광객,20대미만,남,2018-08-01,197,372,2914270
제주도,서귀포시,도심,쇼핑,내국인관광객,20대,여,2018-08-01,8447,14619,203635942
제주도,서귀포시,도심,쇼핑,내국인관광객,20대,남,2018-08-01,9492,19520,227995640
제주도,서귀포시,도심,소매,제주도민,60대이상,여,2018-08-01,1293,2000,184720020
제주도,서귀포시,도심,소매,제주도민,60대이상,남,2018-08-01,1248,1844,174957355
제주도,서귀포시,도심,소매,제주도민,50대,여,2018-08-01,2140,3177,242809150
제주도,서귀포시,도심,소매,제주도민,50대,남,2018-08-01,1722,2573,180709542
제주도,서귀포시,도심,소매,제주도민,40대,여,2018-08-01,2362,3455,189414430
제주도,서귀포시,도심,소매,제주도민,40대,남,2018-08-01,2094,3172,173615248
제주도,서귀포시,도심,소매,제주도민,30대,여,2018-08-01,1554,2219,94792930
제주도,서귀포시,도심,소매,제주도민,30대,남,2018-08-01,1223,1741,64906940
제주도,서귀포시,도심,소매,제주도민,20대미만,여,2018-08-01,79,105,2399221
제주도,서귀포시,도심,소매,제주도민,20대미만,남,2018-08-01,47,66,1522850
제주도,서귀포시,도심,소매,제주도민,20대,여,2018-08-01,890,1156,34494558
제주도,서귀포시,도심,소매,제주도민,20대,남,2018-08-01,657,882,26778833
제주도,서귀포시,도심,소매,내국인관광객,60대이상,여,2018-08-01,731,969,65679883
제주도,서귀포시,도심,소매,내국인관광객,60대이상,남,2018-08-01,723,965,70863202
제주도,서귀포시,도심,소매,내국인관광객,50대,여,2018-08-01,1561,2091,95176182
제주도,서귀포시,도심,소매,내국인관광객,50대,남,2018-08-01,1762,2317,108283907
제주도,서귀포시,도심,소매,내국인관광객,40대,여,2018-08-01,2552,3279,108836470
제주도,서귀포시,도심,소매,내국인관광객,40대,남,2018-08-01,3051,4111,142602382
제주도,서귀포시,도심,소매,내국인관광객,30대,여,2018-08-01,3113,4123,105439207
제주도,서귀포시,도심,소매,내국인관광객,30대,남,2018-08-01,3202,4296,110621480
제주도,서귀포시,도심,소매,내국인관광객,20대미만,여,2018-08-01,48,57,893000
제주도,서귀포시,도심,소매,내국인관광객,20대미만,남,2018-08-01,58,64,1259800
제주도,서귀포시,도심,소매,내국인관광객,20대,여,2018-08-01,3124,4299,80498187
제주도,서귀포시,도심,소매,내국인관광객,20대,남,2018-08-01,2236,3023,54427700
제주도,서귀포시,도심,문화/레져,제주도민,60대이상,여,2018-08-01,215,388,10961705
제주도,서귀포시,도심,문화/레져,제주도민,60대이상,남,2018-08-01,448,700,29605103
제주도,서귀포시,도심,문화/레져,제주도민,50대,여,2018-08-01,632,922,31662492
제주도,서귀포시,도심,문화/레져,제주도민,50대,남,2018-08-01,1012,1560,89243180
제주도,서귀포시,도심,문화/레져,제주도민,40대,여,2018-08-01,1305,2086,54282325
제주도,서귀포시,도심,문화/레져,제주도민,40대,남,2018-08-01,1345,2048,72138777
제주도,서귀포시,도심,문화/레져,제주도민,30대,여,2018-08-01,906,1292,32179962
제주도,서귀포시,도심,문화/레져,제주도민,30대,남,2018-08-01,703,1048,24470970
제주도,서귀포시,도심,문화/레져,제주도민,20대미만,여,2018-08-01,119,146,1745720
제주도,서귀포시,도심,문화/레져,제주도민,20대미만,남,2018-08-01,84,122,1642000
제주도,서귀포시,도심,문화/레져,제주도민,20대,여,2018-08-01,547,670,14380676
제주도,서귀포시,도심,문화/레져,제주도민,20대,남,2018-08-01,492,681,14790665
제주도,서귀포시,도심,문화/레져,내국인관광객,60대이상,여,2018-08-01,214,290,10170500
제주도,서귀포시,도심,문화/레져,내국인관광객,60대이상,남,2018-08-01,384,532,33577100
제주도,서귀포시,도심,문화/레져,내국인관광객,50대,여,2018-08-01,456,541,26401925
제주도,서귀포시,도심,문화/레져,내국인관광객,50대,남,2018-08-01,909,1151,71012101
제주도,서귀포시,도심,문화/레져,내국인관광객,40대,여,2018-08-01,981,1173,44916475
제주도,서귀포시,도심,문화/레져,내국인관광객,40대,남,2018-08-01,1459,1879,76989960
제주도,서귀포시,도심,문화/레져,내국인관광객,30대,여,2018-08-01,1056,1286,35891780
제주도,서귀포시,도심,문화/레져,내국인관광객,30대,남,2018-08-01,1122,1409,44085664
제주도,서귀포시,도심,문화/레져,내국인관광객,20대미만,여,2018-08-01,22,37,677800
제주도,서귀포시,도심,문화/레져,내국인관광객,20대미만,남,2018-08-01,15,15,348000
제주도,서귀포시,도심,문화/레져,내국인관광객,20대,여,2018-08-01,685,776,19866550
제주도,서귀포시,도심,문화/레져,내국인관광객,20대,남,2018-08-01,830,1050,26452980
제주도,서귀포시,도심,교통,제주도민,60대이상,여,2018-08-01,977,1564,76930875
제주도,서귀포시,도심,교통,제주도민,60대이상,남,2018-08-01,3337,5821,250865492
제주도,서귀포시,도심,교통,제주도민,50대,여,2018-08-01,1734,2792,140646934
제주도,서귀포시,도심,교통,제주도민,50대,남,2018-08-01,3074,5271,279888115
제주도,서귀포시,도심,교통,제주도민,40대,여,2018-08-01,1841,2983,147178506
제주도,서귀포시,도심,교통,제주도민,40대,남,2018-08-01,3278,5566,293524301
제주도,서귀포시,도심,교통,제주도민,30대,여,2018-08-01,1378,2034,88313931
제주도,서귀포시,도심,교통,제주도민,30대,남,2018-08-01,1913,3075,140870739
제주도,서귀포시,도심,교통,제주도민,20대미만,여,2018-08-01,3,6,233000
제주도,서귀포시,도심,교통,제주도민,20대미만,남,2018-08-01,10,15,867000
제주도,서귀포시,도심,교통,제주도민,20대,여,2018-08-01,502,702,27333228
제주도,서귀포시,도심,교통,제주도민,20대,남,2018-08-01,725,1061,39581108
제주도,서귀포시,도심,교통,내국인관광객,60대이상,여,2018-08-01,345,406,21122717
제주도,서귀포시,도심,교통,내국인관광객,60대이상,남,2018-08-01,658,810,42651788
제주도,서귀포시,도심,교통,내국인관광객,50대,여,2018-08-01,674,784,38021590
제주도,서귀포시,도심,교통,내국인관광객,50대,남,2018-08-01,1508,1871,87443201
제주도,서귀포시,도심,교통,내국인관광객,40대,여,2018-08-01,1249,1421,61892055
제주도,서귀포시,도심,교통,내국인관광객,40대,남,2018-08-01,2540,2919,127843981
제주도,서귀포시,도심,교통,내국인관광객,30대,여,2018-08-01,1453,1599,60302255
제주도,서귀포시,도심,교통,내국인관광객,30대,남,2018-08-01,2297,2596,103241286
제주도,서귀포시,도심,교통,내국인관광객,20대미만,여,2018-08-01,5,7,273440
제주도,서귀포시,도심,교통,내국인관광객,20대미만,남,2018-08-01,5,5,191517
제주도,서귀포시,도심,교통,내국인관광객,20대,여,2018-08-01,1042,1103,36632826
제주도,서귀포시,도심,교통,내국인관광객,20대,남,2018-08-01,1209,1313,44705955
제주도,제주시,읍면,유흥,제주도민,60대이상,여,2018-07-01,22,26,3374600
제주도,제주시,읍면,유흥,제주도민,60대이상,남,2018-07-01,101,182,26235100
제주도,제주시,읍면,유흥,제주도민,50대,여,2018-07-01,51,65,4564800
제주도,제주시,읍면,유흥,제주도민,50대,남,2018-07-01,231,426,75358600
제주도,제주시,읍면,유흥,제주도민,40대,여,2018-07-01,77,90,6274600
제주도,제주시,읍면,유흥,제주도민,40대,남,2018-07-01,237,350,57008700
제주도,제주시,읍면,유흥,제주도민,30대,여,2018-07-01,58,79,5627500
제주도,제주시,읍면,유흥,제주도민,30대,남,2018-07-01,145,210,25718100
제주도,제주시,읍면,유흥,제주도민,20대미만,남,2018-07-01,5,10,533700
제주도,제주시,읍면,유흥,제주도민,20대,여,2018-07-01,67,78,2812800
제주도,제주시,읍면,유흥,제주도민,20대,남,2018-07-01,79,99,5961900
제주도,제주시,읍면,유흥,내국인관광객,60대이상,여,2018-07-01,26,35,2634700
제주도,제주시,읍면,유흥,내국인관광객,60대이상,남,2018-07-01,50,65,10914800
제주도,제주시,읍면,유흥,내국인관광객,50대,여,2018-07-01,52,70,4825000
제주도,제주시,읍면,유흥,내국인관광객,50대,남,2018-07-01,121,162,24631600
제주도,제주시,읍면,유흥,내국인관광객,40대,여,2018-07-01,94,119,6887600
제주도,제주시,읍면,유흥,내국인관광객,40대,남,2018-07-01,207,288,32124400
제주도,제주시,읍면,유흥,내국인관광객,30대,여,2018-07-01,186,210,5967400
제주도,제주시,읍면,유흥,내국인관광객,30대,남,2018-07-01,181,217,15098000
제주도,제주시,읍면,유흥,내국인관광객,20대미만,여,2018-07-01,1,1,15800
제주도,제주시,읍면,유흥,내국인관광객,20대미만,남,2018-07-01,4,5,69500
제주도,제주시,읍면,유흥,내국인관광객,20대,여,2018-07-01,277,303,8154750
제주도,제주시,읍면,유흥,내국인관광객,20대,남,2018-07-01,187,203,7354500
제주도,제주시,읍면,식음료,제주도민,60대이상,여,2018-07-01,1448,2646,96212436
제주도,제주시,읍면,식음료,제주도민,60대이상,남,2018-07-01,3119,6626,255447357
제주도,제주시,읍면,식음료,제주도민,50대,여,2018-07-01,3100,5784,181397815
제주도,제주시,읍면,식음료,제주도민,50대,남,2018-07-01,5198,12098,438296428
제주도,제주시,읍면,식음료,제주도민,40대,여,2018-07-01,4146,9076,253461105
제주도,제주시,읍면,식음료,제주도민,40대,남,2018-07-01,5648,13219,426499633
제주도,제주시,읍면,식음료,제주도민,30대,여,2018-07-01,3645,7385,181790825
제주도,제주시,읍면,식음료,제주도민,30대,남,2018-07-01,4082,8616,230485744
제주도,제주시,읍면,식음료,제주도민,20대미만,여,2018-07-01,75,137,1777350
제주도,제주시,읍면,식음료,제주도민,20대미만,남,2018-07-01,106,198,3658400
제주도,제주시,읍면,식음료,제주도민,20대,여,2018-07-01,2590,4447,94195235
제주도,제주시,읍면,식음료,제주도민,20대,남,2018-07-01,2236,3902,95033250
제주도,제주시,읍면,식음료,내국인관광객,60대이상,여,2018-07-01,2015,3132,121155130
제주도,제주시,읍면,식음료,내국인관광객,60대이상,남,2018-07-01,2981,4724,194060550
제주도,제주시,읍면,식음료,내국인관광객,50대,여,2018-07-01,5076,7677,254981355
제주도,제주시,읍면,식음료,내국인관광객,50대,남,2018-07-01,6973,11568,411047845
제주도,제주시,읍면,식음료,내국인관광객,40대,여,2018-07-01,8819,14506,453699428
제주도,제주시,읍면,식음료,내국인관광객,40대,남,2018-07-01,11291,19464,660291526
제주도,제주시,읍면,식음료,내국인관광객,30대,여,2018-07-01,14215,23622,649206329
제주도,제주시,읍면,식음료,내국인관광객,30대,남,2018-07-01,14127,23312,661499334
제주도,제주시,읍면,식음료,내국인관광객,20대미만,여,2018-07-01,178,271,6028250
제주도,제주시,읍면,식음료,내국인관광객,20대미만,남,2018-07-01,119,191,4017840
제주도,제주시,읍면,식음료,내국인관광객,20대,여,2018-07-01,18287,29617,679435105
제주도,제주시,읍면,식음료,내국인관광객,20대,남,2018-07-01,11316,17265,423441690
제주도,제주시,읍면,숙박,제주도민,60대이상,여,2018-07-01,41,63,27780500
제주도,제주시,읍면,숙박,제주도민,60대이상,남,2018-07-01,89,164,7232870
제주도,제주시,읍면,숙박,제주도민,50대,여,2018-07-01,95,148,6580754
제주도,제주시,읍면,숙박,제주도민,50대,남,2018-07-01,160,203,12706070
제주도,제주시,읍면,숙박,제주도민,40대,여,2018-07-01,191,319,15239730
제주도,제주시,읍면,숙박,제주도민,40대,남,2018-07-01,277,404,37923774
제주도,제주시,읍면,숙박,제주도민,30대,여,2018-07-01,180,255,8051200
제주도,제주시,읍면,숙박,제주도민,30대,남,2018-07-01,261,414,18904626
제주도,제주시,읍면,숙박,제주도민,20대미만,여,2018-07-01,1,1,29500
제주도,제주시,읍면,숙박,제주도민,20대미만,남,2018-07-01,6,6,225000
제주도,제주시,읍면,숙박,제주도민,20대,여,2018-07-01,153,185,5705886
제주도,제주시,읍면,숙박,제주도민,20대,남,2018-07-01,183,231,8746120
제주도,제주시,읍면,숙박,내국인관광객,60대이상,여,2018-07-01,179,258,25915150
제주도,제주시,읍면,숙박,내국인관광객,60대이상,남,2018-07-01,258,375,40055615
제주도,제주시,읍면,숙박,내국인관광객,50대,여,2018-07-01,465,588,46517784
제주도,제주시,읍면,숙박,내국인관광객,50대,남,2018-07-01,619,821,82261897
제주도,제주시,읍면,숙박,내국인관광객,40대,여,2018-07-01,955,1284,110143895
제주도,제주시,읍면,숙박,내국인관광객,40대,남,2018-07-01,1300,1845,152537730
제주도,제주시,읍면,숙박,내국인관광객,30대,여,2018-07-01,1404,1749,107780521
제주도,제주시,읍면,숙박,내국인관광객,30대,남,2018-07-01,1431,1894,128602420
제주도,제주시,읍면,숙박,내국인관광객,20대미만,여,2018-07-01,17,17,732620
제주도,제주시,읍면,숙박,내국인관광객,20대미만,남,2018-07-01,11,20,232750
제주도,제주시,읍면,숙박,내국인관광객,20대,여,2018-07-01,1594,1801,70575947
제주도,제주시,읍면,숙박,내국인관광객,20대,남,2018-07-01,908,1074,47236801
제주도,제주시,읍면,쇼핑,제주도민,60대이상,여,2018-07-01,1779,6230,186937623
제주도,제주시,읍면,쇼핑,제주도민,60대이상,남,2018-07-01,3370,11711,338777595
제주도,제주시,읍면,쇼핑,제주도민,50대,여,2018-07-01,3385,11905,326084655
제주도,제주시,읍면,쇼핑,제주도민,50대,남,2018-07-01,5803,21761,424192520
제주도,제주시,읍면,쇼핑,제주도민,40대,여,2018-07-01,4667,17409,379481873
제주도,제주시,읍면,쇼핑,제주도민,40대,남,2018-07-01,7883,28188,491255983
제주도,제주시,읍면,쇼핑,제주도민,30대,여,2018-07-01,3584,11921,221434600
제주도,제주시,읍면,쇼핑,제주도민,30대,남,2018-07-01,5918,21135,282455015
제주도,제주시,읍면,쇼핑,제주도민,20대미만,여,2018-07-01,150,518,2256030
제주도,제주시,읍면,쇼핑,제주도민,20대미만,남,2018-07-01,238,871,3918700
제주도,제주시,읍면,쇼핑,제주도민,20대,여,2018-07-01,2102,5746,64235135
제주도,제주시,읍면,쇼핑,제주도민,20대,남,2018-07-01,3399,12183,111143830
제주도,제주시,읍면,쇼핑,내국인관광객,60대이상,여,2018-07-01,1387,3157,72361000
제주도,제주시,읍면,쇼핑,내국인관광객,60대이상,남,2018-07-01,1900,4676,97064037
제주도,제주시,읍면,쇼핑,내국인관광객,50대,여,2018-07-01,2703,5690,116520723
제주도,제주시,읍면,쇼핑,내국인관광객,50대,남,2018-07-01,4765,11929,188644692
제주도,제주시,읍면,쇼핑,내국인관광객,40대,여,2018-07-01,5542,11115,219275116
제주도,제주시,읍면,쇼핑,내국인관광객,40대,남,2018-07-01,8952,21516,341140634
제주도,제주시,읍면,쇼핑,내국인관광객,30대,여,2018-07-01,7693,14660,229500004
제주도,제주시,읍면,쇼핑,내국인관광객,30대,남,2018-07-01,9916,21197,279793268
제주도,제주시,읍면,쇼핑,내국인관광객,20대미만,여,2018-07-01,114,213,1709350
제주도,제주시,읍면,쇼핑,내국인관광객,20대미만,남,2018-07-01,148,324,2530390
제주도,제주시,읍면,쇼핑,내국인관광객,20대,여,2018-07-01,8995,15679,160274001
제주도,제주시,읍면,쇼핑,내국인관광객,20대,남,2018-07-01,8802,17430,167718353
제주도,제주시,읍면,소매,제주도민,60대이상,여,2018-07-01,366,571,45898336
제주도,제주시,읍면,소매,제주도민,60대이상,남,2018-07-01,594,914,65688414
제주도,제주시,읍면,소매,제주도민,50대,여,2018-07-01,689,1009,75158795
제주도,제주시,읍면,소매,제주도민,50대,남,2018-07-01,966,1482,91443612
제주도,제주시,읍면,소매,제주도민,40대,여,2018-07-01,848,1269,46392536
제주도,제주시,읍면,소매,제주도민,40대,남,2018-07-01,1242,1985,112161174
제주도,제주시,읍면,소매,제주도민,30대,여,2018-07-01,594,846,37536240
제주도,제주시,읍면,소매,제주도민,30대,남,2018-07-01,803,1318,33222074
제주도,제주시,읍면,소매,제주도민,20대미만,여,2018-07-01,19,31,122500
제주도,제주시,읍면,소매,제주도민,20대미만,남,2018-07-01,20,46,479950
제주도,제주시,읍면,소매,제주도민,20대,여,2018-07-01,332,427,8764250
제주도,제주시,읍면,소매,제주도민,20대,남,2018-07-01,408,587,11900205
제주도,제주시,읍면,소매,내국인관광객,60대이상,여,2018-07-01,436,565,23773542
제주도,제주시,읍면,소매,내국인관광객,60대이상,남,2018-07-01,527,660,32862124
제주도,제주시,읍면,소매,내국인관광객,50대,여,2018-07-01,1000,1191,41963200
제주도,제주시,읍면,소매,내국인관광객,50대,남,2018-07-01,1230,1633,54144862
제주도,제주시,읍면,소매,내국인관광객,40대,여,2018-07-01,1599,2061,60933208
제주도,제주시,읍면,소매,내국인관광객,40대,남,2018-07-01,1882,2479,70493837
제주도,제주시,읍면,소매,내국인관광객,30대,여,2018-07-01,2046,2519,62753416
제주도,제주시,읍면,소매,내국인관광객,30대,남,2018-07-01,2064,2535,65511350
제주도,제주시,읍면,소매,내국인관광객,20대미만,여,2018-07-01,51,57,904850
제주도,제주시,읍면,소매,내국인관광객,20대미만,남,2018-07-01,58,78,799400
제주도,제주시,읍면,소매,내국인관광객,20대,여,2018-07-01,3627,4199,89436420
제주도,제주시,읍면,소매,내국인관광객,20대,남,2018-07-01,1972,2378,54202650
제주도,제주시,읍면,문화/레져,제주도민,60대이상,여,2018-07-01,119,155,9563765
제주도,제주시,읍면,문화/레져,제주도민,60대이상,남,2018-07-01,496,694,64598480
제주도,제주시,읍면,문화/레져,제주도민,50대,여,2018-07-01,389,568,45330455
제주도,제주시,읍면,문화/레져,제주도민,50대,남,2018-07-01,1183,1563,146476495
제주도,제주시,읍면,문화/레져,제주도민,40대,여,2018-07-01,489,684,46720440
제주도,제주시,읍면,문화/레져,제주도민,40대,남,2018-07-01,1088,1484,120381365
제주도,제주시,읍면,문화/레져,제주도민,30대,여,2018-07-01,400,572,16988510
제주도,제주시,읍면,문화/레져,제주도민,30대,남,2018-07-01,443,726,26548300
제주도,제주시,읍면,문화/레져,제주도민,20대미만,여,2018-07-01,13,26,189130
제주도,제주시,읍면,문화/레져,제주도민,20대미만,남,2018-07-01,37,142,512950
제주도,제주시,읍면,문화/레져,제주도민,20대,여,2018-07-01,161,245,4327735
제주도,제주시,읍면,문화/레져,제주도민,20대,남,2018-07-01,258,763,8389690
제주도,제주시,읍면,문화/레져,내국인관광객,60대이상,여,2018-07-01,427,573,39985110
제주도,제주시,읍면,문화/레져,내국인관광객,60대이상,남,2018-07-01,744,1102,123256190
제주도,제주시,읍면,문화/레져,내국인관광객,50대,여,2018-07-01,969,1279,64642520
제주도,제주시,읍면,문화/레져,내국인관광객,50대,남,2018-07-01,1558,2056,176595605
제주도,제주시,읍면,문화/레져,내국인관광객,40대,여,2018-07-01,1700,2330,76717260
제주도,제주시,읍면,문화/레져,내국인관광객,40대,남,2018-07-01,2244,3062,140018162
제주도,제주시,읍면,문화/레져,내국인관광객,30대,여,2018-07-01,1808,2410,50243135
제주도,제주시,읍면,문화/레져,내국인관광객,30대,남,2018-07-01,1738,2369,61629360
제주도,제주시,읍면,문화/레져,내국인관광객,20대미만,여,2018-07-01,46,49,618300
제주도,제주시,읍면,문화/레져,내국인관광객,20대미만,남,2018-07-01,54,70,691700
제주도,제주시,읍면,문화/레져,내국인관광객,20대,여,2018-07-01,1679,2061,34271240
제주도,제주시,읍면,문화/레져,내국인관광객,20대,남,2018-07-01,1119,1472,26569970
제주도,제주시,읍면,교통,제주도민,60대이상,여,2018-07-01,925,1655,100115687
제주도,제주시,읍면,교통,제주도민,60대이상,남,2018-07-01,3671,7819,413180914
제주도,제주시,읍면,교통,제주도민,50대,여,2018-07-01,1340,2206,115883198
제주도,제주시,읍면,교통,제주도민,50대,남,2018-07-01,2918,6130,361540539
제주도,제주시,읍면,교통,제주도민,40대,여,2018-07-01,1443,2337,123785316
제주도,제주시,읍면,교통,제주도민,40대,남,2018-07-01,2732,5108,341267250
제주도,제주시,읍면,교통,제주도민,30대,여,2018-07-01,985,1542,70570453
제주도,제주시,읍면,교통,제주도민,30대,남,2018-07-01,1538,2502,114829745
제주도,제주시,읍면,교통,제주도민,20대미만,여,2018-07-01,4,5,174600
제주도,제주시,읍면,교통,제주도민,20대미만,남,2018-07-01,8,16,380903
제주도,제주시,읍면,교통,제주도민,20대,여,2018-07-01,349,520,18718734
제주도,제주시,읍면,교통,제주도민,20대,남,2018-07-01,548,873,31366247
제주도,제주시,읍면,교통,내국인관광객,60대이상,여,2018-07-01,584,738,39542871
제주도,제주시,읍면,교통,내국인관광객,60대이상,남,2018-07-01,1328,1612,88294175
제주도,제주시,읍면,교통,내국인관광객,50대,여,2018-07-01,1547,1912,87744133
제주도,제주시,읍면,교통,내국인관광객,50대,남,2018-07-01,3075,3806,209335258
제주도,제주시,읍면,교통,내국인관광객,40대,여,2018-07-01,2196,2668,111837612
제주도,제주시,읍면,교통,내국인관광객,40대,남,2018-07-01,4086,5088,261400711
제주도,제주시,읍면,교통,내국인관광객,30대,여,2018-07-01,2730,3226,106784628
제주도,제주시,읍면,교통,내국인관광객,30대,남,2018-07-01,4472,5159,201572160
제주도,제주시,읍면,교통,내국인관광객,20대미만,여,2018-07-01,14,18,411700
제주도,제주시,읍면,교통,내국인관광객,20대미만,남,2018-07-01,20,20,573890
제주도,제주시,읍면,교통,내국인관광객,20대,여,2018-07-01,3459,4063,98267741
제주도,제주시,읍면,교통,내국인관광객,20대,남,2018-07-01,3087,3481,100560665
제주도,제주시,도심,유흥,제주도민,60대이상,여,2018-07-01,268,381,44033910
제주도,제주시,도심,유흥,제주도민,60대이상,남,2018-07-01,1033,1489,169843610
제주도,제주시,도심,유흥,제주도민,50대,여,2018-07-01,892,1175,92335667
제주도,제주시,도심,유흥,제주도민,50대,남,2018-07-01,3696,5643,722890606
제주도,제주시,도심,유흥,제주도민,40대,여,2018-07-01,1329,1671,114901700
제주도,제주시,도심,유흥,제주도민,40대,남,2018-07-01,4354,6406,987791581
제주도,제주시,도심,유흥,제주도민,30대,여,2018-07-01,1088,1327,71493960
제주도,제주시,도심,유흥,제주도민,30대,남,2018-07-01,2959,4079,464491450
제주도,제주시,도심,유흥,제주도민,20대미만,여,2018-07-01,30,36,1398665
제주도,제주시,도심,유흥,제주도민,20대미만,남,2018-07-01,34,47,2122900
제주도,제주시,도심,유흥,제주도민,20대,여,2018-07-01,1732,2476,103724915
제주도,제주시,도심,유흥,제주도민,20대,남,2018-07-01,2448,3756,222160430
제주도,제주시,도심,유흥,내국인관광객,60대이상,여,2018-07-01,82,110,15214200
제주도,제주시,도심,유흥,내국인관광객,60대이상,남,2018-07-01,208,283,50030100
제주도,제주시,도심,유흥,내국인관광객,50대,여,2018-07-01,178,236,24512000
제주도,제주시,도심,유흥,내국인관광객,50대,남,2018-07-01,697,943,149785000
제주도,제주시,도심,유흥,내국인관광객,40대,여,2018-07-01,256,313,31542800
제주도,제주시,도심,유흥,내국인관광객,40대,남,2018-07-01,935,1236,199369310
제주도,제주시,도심,유흥,내국인관광객,30대,여,2018-07-01,248,312,19457400
제주도,제주시,도심,유흥,내국인관광객,30대,남,2018-07-01,776,1041,103588100
제주도,제주시,도심,유흥,내국인관광객,20대미만,여,2018-07-01,2,3,164000
제주도,제주시,도심,유흥,내국인관광객,20대미만,남,2018-07-01,3,3,156000
제주도,제주시,도심,유흥,내국인관광객,20대,여,2018-07-01,404,502,21729800
제주도,제주시,도심,유흥,내국인관광객,20대,남,2018-07-01,682,960,47630940
제주도,제주시,도심,식음료,제주도민,60대이상,여,2018-07-01,10211,17940,555119505
제주도,제주시,도심,식음료,제주도민,60대이상,남,2018-07-01,17456,34968,1294048218
제주도,제주시,도심,식음료,제주도민,50대,여,2018-07-01,23002,49269,1332220567
제주도,제주시,도심,식음료,제주도민,50대,남,2018-07-01,31917,74517,2591700627
제주도,제주시,도심,식음료,제주도민,40대,여,2018-07-01,32900,81449,1955776832
제주도,제주시,도심,식음료,제주도민,40대,남,2018-07-01,38008,90457,2931715397
제주도,제주시,도심,식음료,제주도민,30대,여,2018-07-01,27356,65486,1386521097
제주도,제주시,도심,식음료,제주도민,30대,남,2018-07-01,30634,73329,1958770679
제주도,제주시,도심,식음료,제주도민,20대미만,여,2018-07-01,1552,3704,41853075
제주도,제주시,도심,식음료,제주도민,20대미만,남,2018-07-01,1411,3336,45632215
제주도,제주시,도심,식음료,제주도민,20대,여,2018-07-01,23302,59300,1058727667
제주도,제주시,도심,식음료,제주도민,20대,남,2018-07-01,20476,51406,1103577230
제주도,제주시,도심,식음료,내국인관광객,60대이상,여,2018-07-01,3852,5352,190356920
제주도,제주시,도심,식음료,내국인관광객,60대이상,남,2018-07-01,6397,9682,359330688
제주도,제주시,도심,식음료,내국인관광객,50대,여,2018-07-01,9167,13031,428823469
제주도,제주시,도심,식음료,내국인관광객,50대,남,2018-07-01,15567,25223,936722087
제주도,제주시,도심,식음료,내국인관광객,40대,여,2018-07-01,14341,21901,645381800
제주도,제주시,도심,식음료,내국인관광객,40대,남,2018-07-01,21392,33652,1139908357
제주도,제주시,도심,식음료,내국인관광객,30대,여,2018-07-01,19241,27627,690478545
제주도,제주시,도심,식음료,내국인관광객,30대,남,2018-07-01,23269,35592,978592948
제주도,제주시,도심,식음료,내국인관광객,20대미만,여,2018-07-01,378,561,8564050
제주도,제주시,도심,식음료,내국인관광객,20대미만,남,2018-07-01,307,446,7550760
제주도,제주시,도심,식음료,내국인관광객,20대,여,2018-07-01,24239,34301,695755173
제주도,제주시,도심,식음료,내국인관광객,20대,남,2018-07-01,19140,28942,641051816
제주도,제주시,도심,숙박,제주도민,60대이상,여,2018-07-01,237,335,34372601
제주도,제주시,도심,숙박,제주도민,60대이상,남,2018-07-01,379,563,80978929
제주도,제주시,도심,숙박,제주도민,50대,여,2018-07-01,342,467,61361776
제주도,제주시,도심,숙박,제주도민,50대,남,2018-07-01,734,1054,118225318
제주도,제주시,도심,숙박,제주도민,40대,여,2018-07-01,405,585,66209762
제주도,제주시,도심,숙박,제주도민,40대,남,2018-07-01,814,1135,101737531
제주도,제주시,도심,숙박,제주도민,30대,여,2018-07-01,374,478,34898407
제주도,제주시,도심,숙박,제주도민,30대,남,2018-07-01,677,955,70566123
제주도,제주시,도심,숙박,제주도민,20대미만,여,2018-07-01,12,14,544000
제주도,제주시,도심,숙박,제주도민,20대미만,남,2018-07-01,14,16,672600
제주도,제주시,도심,숙박,제주도민,20대,여,2018-07-01,419,548,22744680
제주도,제주시,도심,숙박,제주도민,20대,남,2018-07-01,667,937,38242113
제주도,제주시,도심,숙박,내국인관광객,60대이상,여,2018-07-01,190,256,28438654
제주도,제주시,도심,숙박,내국인관광객,60대이상,남,2018-07-01,459,587,62320584
제주도,제주시,도심,숙박,내국인관광객,50대,여,2018-07-01,512,644,80647014
제주도,제주시,도심,숙박,내국인관광객,50대,남,2018-07-01,1216,1623,182788190
제주도,제주시,도심,숙박,내국인관광객,40대,여,2018-07-01,864,1153,142322297
제주도,제주시,도심,숙박,내국인관광객,40대,남,2018-07-01,1583,2058,217317483
제주도,제주시,도심,숙박,내국인관광객,30대,여,2018-07-01,992,1232,108404269
제주도,제주시,도심,숙박,내국인관광객,30대,남,2018-07-01,1408,1771,169571761
제주도,제주시,도심,숙박,내국인관광객,20대미만,여,2018-07-01,8,9,160000
제주도,제주시,도심,숙박,내국인관광객,20대미만,남,2018-07-01,6,8,596500
제주도,제주시,도심,숙박,내국인관광객,20대,여,2018-07-01,1104,1267,103604825
제주도,제주시,도심,숙박,내국인관광객,20대,남,2018-07-01,989,1164,78512367
제주도,제주시,도심,쇼핑,제주도민,60대이상,여,2018-07-01,12601,40530,1194494770
제주도,제주시,도심,쇼핑,제주도민,60대이상,남,2018-07-01,16297,51587,1346917164
제주도,제주시,도심,쇼핑,제주도민,50대,여,2018-07-01,23687,82275,2165672866
제주도,제주시,도심,쇼핑,제주도민,50대,남,2018-07-01,30841,110030,2315056457
제주도,제주시,도심,쇼핑,제주도민,40대,여,2018-07-01,31543,113356,2650330402
제주도,제주시,도심,쇼핑,제주도민,40대,남,2018-07-01,39929,148530,2775303274
제주도,제주시,도심,쇼핑,제주도민,30대,여,2018-07-01,25326,83573,1632446745
제주도,제주시,도심,쇼핑,제주도민,30대,남,2018-07-01,33016,123325,1757431634
제주도,제주시,도심,쇼핑,제주도민,20대미만,여,2018-07-01,1572,4677,23540199
제주도,제주시,도심,쇼핑,제주도민,20대미만,남,2018-07-01,1989,7570,35468872
제주도,제주시,도심,쇼핑,제주도민,20대,여,2018-07-01,20875,69111,785564688
제주도,제주시,도심,쇼핑,제주도민,20대,남,2018-07-01,24014,91072,797688428
제주도,제주시,도심,쇼핑,내국인관광객,60대이상,여,2018-07-01,4644,9742,396148757
제주도,제주시,도심,쇼핑,내국인관광객,60대이상,남,2018-07-01,6718,13997,525454782
제주도,제주시,도심,쇼핑,내국인관광객,50대,여,2018-07-01,10082,19854,781522810
제주도,제주시,도심,쇼핑,내국인관광객,50대,남,2018-07-01,16803,38777,1163649406
제주도,제주시,도심,쇼핑,내국인관광객,40대,여,2018-07-01,14813,29661,1080194279
제주도,제주시,도심,쇼핑,내국인관광객,40대,남,2018-07-01,24167,55457,1492182330
제주도,제주시,도심,쇼핑,내국인관광객,30대,여,2018-07-01,18554,35007,1117567635
제주도,제주시,도심,쇼핑,내국인관광객,30대,남,2018-07-01,25015,53950,1296792404
제주도,제주시,도심,쇼핑,내국인관광객,20대미만,여,2018-07-01,453,692,16631460
제주도,제주시,도심,쇼핑,내국인관광객,20대미만,남,2018-07-01,394,746,8625135
제주도,제주시,도심,쇼핑,내국인관광객,20대,여,2018-07-01,23645,41682,1015319433
제주도,제주시,도심,쇼핑,내국인관광객,20대,남,2018-07-01,22423,46706,815036196
제주도,제주시,도심,소매,제주도민,60대이상,여,2018-07-01,6087,9358,822087560
제주도,제주시,도심,소매,제주도민,60대이상,남,2018-07-01,5485,8105,707193388
제주도,제주시,도심,소매,제주도민,50대,여,2018-07-01,9279,14940,1277001225
제주도,제주시,도심,소매,제주도민,50대,남,2018-07-01,8372,12880,1068470487
제주도,제주시,도심,소매,제주도민,40대,여,2018-07-01,10716,18090,1081036259
제주도,제주시,도심,소매,제주도민,40대,남,2018-07-01,9236,14913,989783005
제주도,제주시,도심,소매,제주도민,30대,여,2018-07-01,7681,12444,656646801
제주도,제주시,도심,소매,제주도민,30대,남,2018-07-01,6066,9113,525591181
제주도,제주시,도심,소매,제주도민,20대미만,여,2018-07-01,451,736,14771330
제주도,제주시,도심,소매,제주도민,20대미만,남,2018-07-01,329,494,13946450
제주도,제주시,도심,소매,제주도민,20대,여,2018-07-01,5472,8434,357177613
제주도,제주시,도심,소매,제주도민,20대,남,2018-07-01,3882,5625,259071733
제주도,제주시,도심,소매,내국인관광객,60대이상,여,2018-07-01,2191,2743,156270494
제주도,제주시,도심,소매,내국인관광객,60대이상,남,2018-07-01,2389,2952,172055449
제주도,제주시,도심,소매,내국인관광객,50대,여,2018-07-01,4505,5643,272484820
제주도,제주시,도심,소매,내국인관광객,50대,남,2018-07-01,5078,6351,309806668
제주도,제주시,도심,소매,내국인관광객,40대,여,2018-07-01,6272,8036,327285739
제주도,제주시,도심,소매,내국인관광객,40대,남,2018-07-01,7195,9156,377837270
제주도,제주시,도심,소매,내국인관광객,30대,여,2018-07-01,7940,9948,318888923
제주도,제주시,도심,소매,내국인관광객,30대,남,2018-07-01,7530,9484,328937325
제주도,제주시,도심,소매,내국인관광객,20대미만,여,2018-07-01,258,310,6856024
제주도,제주시,도심,소매,내국인관광객,20대미만,남,2018-07-01,193,240,5473900
제주도,제주시,도심,소매,내국인관광객,20대,여,2018-07-01,10804,13693,328912966
제주도,제주시,도심,소매,내국인관광객,20대,남,2018-07-01,6719,8303,213323745
제주도,제주시,도심,문화/레져,제주도민,60대이상,여,2018-07-01,637,871,40296675
제주도,제주시,도심,문화/레져,제주도민,60대이상,남,2018-07-01,1305,1855,110421805
제주도,제주시,도심,문화/레져,제주도민,50대,여,2018-07-01,2191,3215,125810644
제주도,제주시,도심,문화/레져,제주도민,50대,남,2018-07-01,3462,5102,267795214
제주도,제주시,도심,문화/레져,제주도민,40대,여,2018-07-01,5304,7927,232547550
제주도,제주시,도심,문화/레져,제주도민,40대,남,2018-07-01,5032,7717,294021456
제주도,제주시,도심,문화/레져,제주도민,30대,여,2018-07-01,3560,5326,129309432
제주도,제주시,도심,문화/레져,제주도민,30대,남,2018-07-01,3451,5885,138919031
제주도,제주시,도심,문화/레져,제주도민,20대미만,여,2018-07-01,502,998,10417572
제주도,제주시,도심,문화/레져,제주도민,20대미만,남,2018-07-01,772,2528,19532325
제주도,제주시,도심,문화/레져,제주도민,20대,여,2018-07-01,3808,6928,110376733
제주도,제주시,도심,문화/레져,제주도민,20대,남,2018-07-01,4971,14950,151572678
제주도,제주시,도심,문화/레져,내국인관광객,60대이상,여,2018-07-01,165,227,13812651
제주도,제주시,도심,문화/레져,내국인관광객,60대이상,남,2018-07-01,313,399,34492575
제주도,제주시,도심,문화/레져,내국인관광객,50대,여,2018-07-01,474,640,26778560
제주도,제주시,도심,문화/레져,내국인관광객,50대,남,2018-07-01,932,1281,86000457
제주도,제주시,도심,문화/레져,내국인관광객,40대,여,2018-07-01,975,1350,37110080
제주도,제주시,도심,문화/레져,내국인관광객,40대,남,2018-07-01,1491,2185,81304928
제주도,제주시,도심,문화/레져,내국인관광객,30대,여,2018-07-01,1060,1408,37948146
제주도,제주시,도심,문화/레져,내국인관광객,30대,남,2018-07-01,1421,2280,51658925
제주도,제주시,도심,문화/레져,내국인관광객,20대미만,여,2018-07-01,66,89,898270
제주도,제주시,도심,문화/레져,내국인관광객,20대미만,남,2018-07-01,66,131,1404720
제주도,제주시,도심,문화/레져,내국인관광객,20대,여,2018-07-01,1627,2402,37448833
제주도,제주시,도심,문화/레져,내국인관광객,20대,남,2018-07-01,2350,5001,51488810
제주도,제주시,도심,교통,제주도민,60대이상,여,2018-07-01,2905,4242,222529181
제주도,제주시,도심,교통,제주도민,60대이상,남,2018-07-01,6575,10355,571007477
제주도,제주시,도심,교통,제주도민,50대,여,2018-07-01,6577,9678,551226760
제주도,제주시,도심,교통,제주도민,50대,남,2018-07-01,10317,16207,937601965
제주도,제주시,도심,교통,제주도민,40대,여,2018-07-01,7552,11085,537867759
제주도,제주시,도심,교통,제주도민,40대,남,2018-07-01,11233,17753,923471924
제주도,제주시,도심,교통,제주도민,30대,여,2018-07-01,5576,7770,361133731
제주도,제주시,도심,교통,제주도민,30대,남,2018-07-01,7890,11682,545363943
제주도,제주시,도심,교통,제주도민,20대미만,여,2018-07-01,23,24,715302
제주도,제주시,도심,교통,제주도민,20대미만,남,2018-07-01,34,44,1404522
제주도,제주시,도심,교통,제주도민,20대,여,2018-07-01,2596,3361,133788226
제주도,제주시,도심,교통,제주도민,20대,남,2018-07-01,3574,5120,211116880
제주도,제주시,도심,교통,내국인관광객,60대이상,여,2018-07-01,1358,1569,155930397
제주도,제주시,도심,교통,내국인관광객,60대이상,남,2018-07-01,2598,3103,291476909
제주도,제주시,도심,교통,내국인관광객,50대,여,2018-07-01,3673,4061,412513634
제주도,제주시,도심,교통,내국인관광객,50대,남,2018-07-01,7224,8310,775641287
제주도,제주시,도심,교통,내국인관광객,40대,여,2018-07-01,6230,6906,703965613
제주도,제주시,도심,교통,내국인관광객,40대,남,2018-07-01,10827,12577,1184218312
제주도,제주시,도심,교통,내국인관광객,30대,여,2018-07-01,8743,9436,1047546657
제주도,제주시,도심,교통,내국인관광객,30대,남,2018-07-01,12100,13554,1301478296
제주도,제주시,도심,교통,내국인관광객,20대미만,여,2018-07-01,29,30,1549721
제주도,제주시,도심,교통,내국인관광객,20대미만,남,2018-07-01,40,41,3717482
제주도,제주시,도심,교통,내국인관광객,20대,여,2018-07-01,7936,8240,889883693
제주도,제주시,도심,교통,내국인관광객,20대,남,2018-07-01,7878,8571,707156913
제주도,서귀포시,읍면,유흥,제주도민,60대이상,여,2018-07-01,32,37,4178200
제주도,서귀포시,읍면,유흥,제주도민,60대이상,남,2018-07-01,170,296,33552300
제주도,서귀포시,읍면,유흥,제주도민,50대,여,2018-07-01,92,153,20111950
제주도,서귀포시,읍면,유흥,제주도민,50대,남,2018-07-01,403,778,115834260
제주도,서귀포시,읍면,유흥,제주도민,40대,여,2018-07-01,87,113,7828000
제주도,서귀포시,읍면,유흥,제주도민,40대,남,2018-07-01,351,685,114975150
제주도,서귀포시,읍면,유흥,제주도민,30대,여,2018-07-01,51,75,4454550
제주도,서귀포시,읍면,유흥,제주도민,30대,남,2018-07-01,161,251,33776800
제주도,서귀포시,읍면,유흥,제주도민,20대미만,여,2018-07-01,4,8,836200
제주도,서귀포시,읍면,유흥,제주도민,20대미만,남,2018-07-01,3,5,910000
제주도,서귀포시,읍면,유흥,제주도민,20대,여,2018-07-01,40,47,2063100
제주도,서귀포시,읍면,유흥,제주도민,20대,남,2018-07-01,82,118,9195000
제주도,서귀포시,읍면,유흥,내국인관광객,60대이상,여,2018-07-01,15,20,4514700
제주도,서귀포시,읍면,유흥,내국인관광객,60대이상,남,2018-07-01,63,75,11326900
제주도,서귀포시,읍면,유흥,내국인관광객,50대,여,2018-07-01,43,60,5904050
제주도,서귀포시,읍면,유흥,내국인관광객,50대,남,2018-07-01,143,258,33622500
제주도,서귀포시,읍면,유흥,내국인관광객,40대,여,2018-07-01,47,58,3683200
제주도,서귀포시,읍면,유흥,내국인관광객,40대,남,2018-07-01,105,171,27102600
제주도,서귀포시,읍면,유흥,내국인관광객,30대,여,2018-07-01,47,54,2326650
제주도,서귀포시,읍면,유흥,내국인관광객,30대,남,2018-07-01,117,173,14506750
제주도,서귀포시,읍면,유흥,내국인관광객,20대미만,남,2018-07-01,1,1,57000
제주도,서귀포시,읍면,유흥,내국인관광객,20대,여,2018-07-01,55,79,4018500
제주도,서귀포시,읍면,유흥,내국인관광객,20대,남,2018-07-01,82,93,6030200
제주도,서귀포시,읍면,식음료,제주도민,60대이상,여,2018-07-01,1047,1955,81295598
제주도,서귀포시,읍면,식음료,제주도민,60대이상,남,2018-07-01,2386,5264,240416081
제주도,서귀포시,읍면,식음료,제주도민,50대,여,2018-07-01,2182,4779,171933270
제주도,서귀포시,읍면,식음료,제주도민,50대,남,2018-07-01,3714,8999,365381349
제주도,서귀포시,읍면,식음료,제주도민,40대,여,2018-07-01,2560,6333,182029998
제주도,서귀포시,읍면,식음료,제주도민,40대,남,2018-07-01,3802,9518,337040258
제주도,서귀포시,읍면,식음료,제주도민,30대,여,2018-07-01,2158,4651,117903776
제주도,서귀포시,읍면,식음료,제주도민,30대,남,2018-07-01,2484,5497,165297085
제주도,서귀포시,읍면,식음료,제주도민,20대미만,여,2018-07-01,61,175,3081670
제주도,서귀포시,읍면,식음료,제주도민,20대미만,남,2018-07-01,76,173,3717955
제주도,서귀포시,읍면,식음료,제주도민,20대,여,2018-07-01,1294,2704,59551955
제주도,서귀포시,읍면,식음료,제주도민,20대,남,2018-07-01,1333,2866,73979395
제주도,서귀포시,읍면,식음료,내국인관광객,60대이상,여,2018-07-01,1513,2290,103368815
제주도,서귀포시,읍면,식음료,내국인관광객,60대이상,남,2018-07-01,2403,3794,171006423
제주도,서귀포시,읍면,식음료,내국인관광객,50대,여,2018-07-01,3570,5425,202882393
제주도,서귀포시,읍면,식음료,내국인관광객,50대,남,2018-07-01,5092,8266,356125750
제주도,서귀포시,읍면,식음료,내국인관광객,40대,여,2018-07-01,5694,9144,319465584
제주도,서귀포시,읍면,식음료,내국인관광객,40대,남,2018-07-01,7790,12500,468045964
제주도,서귀포시,읍면,식음료,내국인관광객,30대,여,2018-07-01,7971,12206,385401852
제주도,서귀포시,읍면,식음료,내국인관광객,30대,남,2018-07-01,8730,13800,449242592
제주도,서귀포시,읍면,식음료,내국인관광객,20대미만,여,2018-07-01,250,343,6212120
제주도,서귀포시,읍면,식음료,내국인관광객,20대미만,남,2018-07-01,102,131,2283400
제주도,서귀포시,읍면,식음료,내국인관광객,20대,여,2018-07-01,8857,12945,339642589
제주도,서귀포시,읍면,식음료,내국인관광객,20대,남,2018-07-01,6290,9349,252548578
제주도,서귀포시,읍면,숙박,제주도민,60대이상,여,2018-07-01,39,62,2810800
제주도,서귀포시,읍면,숙박,제주도민,60대이상,남,2018-07-01,58,71,5458100
제주도,서귀포시,읍면,숙박,제주도민,50대,여,2018-07-01,79,112,6361260
제주도,서귀포시,읍면,숙박,제주도민,50대,남,2018-07-01,150,195,12547884
제주도,서귀포시,읍면,숙박,제주도민,40대,여,2018-07-01,149,228,10762360
제주도,서귀포시,읍면,숙박,제주도민,40대,남,2018-07-01,219,349,24279340
제주도,서귀포시,읍면,숙박,제주도민,30대,여,2018-07-01,249,371,16913919
제주도,서귀포시,읍면,숙박,제주도민,30대,남,2018-07-01,246,403,15965039
제주도,서귀포시,읍면,숙박,제주도민,20대미만,여,2018-07-01,1,2,20000
제주도,서귀포시,읍면,숙박,제주도민,20대미만,남,2018-07-01,2,2,34500
제주도,서귀포시,읍면,숙박,제주도민,20대,여,2018-07-01,177,235,5952217
제주도,서귀포시,읍면,숙박,제주도민,20대,남,2018-07-01,156,219,8677937
제주도,서귀포시,읍면,숙박,내국인관광객,60대이상,여,2018-07-01,195,257,27877630
제주도,서귀포시,읍면,숙박,내국인관광객,60대이상,남,2018-07-01,277,411,46876325
제주도,서귀포시,읍면,숙박,내국인관광객,50대,여,2018-07-01,577,762,41688612
제주도,서귀포시,읍면,숙박,내국인관광객,50대,남,2018-07-01,738,999,91688113
제주도,서귀포시,읍면,숙박,내국인관광객,40대,여,2018-07-01,1007,1457,85338152
제주도,서귀포시,읍면,숙박,내국인관광객,40대,남,2018-07-01,1237,2004,161500237
제주도,서귀포시,읍면,숙박,내국인관광객,30대,여,2018-07-01,1335,1823,94517978
제주도,서귀포시,읍면,숙박,내국인관광객,30대,남,2018-07-01,1297,1751,120726408
제주도,서귀포시,읍면,숙박,내국인관광객,20대미만,여,2018-07-01,45,54,797300
제주도,서귀포시,읍면,숙박,내국인관광객,20대미만,남,2018-07-01,8,12,449216
제주도,서귀포시,읍면,숙박,내국인관광객,20대,여,2018-07-01,2253,2859,66925059
제주도,서귀포시,읍면,숙박,내국인관광객,20대,남,2018-07-01,1136,1456,38470451
제주도,서귀포시,읍면,쇼핑,제주도민,60대이상,여,2018-07-01,1123,4236,117016320
제주도,서귀포시,읍면,쇼핑,제주도민,60대이상,남,2018-07-01,2209,8439,229117202
제주도,서귀포시,읍면,쇼핑,제주도민,50대,여,2018-07-01,2285,9253,231445578
제주도,서귀포시,읍면,쇼핑,제주도민,50대,남,2018-07-01,3777,15925,318594652
제주도,서귀포시,읍면,쇼핑,제주도민,40대,여,2018-07-01,2658,11594,219874012
제주도,서귀포시,읍면,쇼핑,제주도민,40대,남,2018-07-01,4839,20117,307454108
제주도,서귀포시,읍면,쇼핑,제주도민,30대,여,2018-07-01,1983,7674,110858756
제주도,서귀포시,읍면,쇼핑,제주도민,30대,남,2018-07-01,3548,13322,162235594
제주도,서귀포시,읍면,쇼핑,제주도민,20대미만,여,2018-07-01,95,419,2192970
제주도,서귀포시,읍면,쇼핑,제주도민,20대미만,남,2018-07-01,145,694,3623070
제주도,서귀포시,읍면,쇼핑,제주도민,20대,여,2018-07-01,1289,5774,48139102
제주도,서귀포시,읍면,쇼핑,제주도민,20대,남,2018-07-01,2067,10229,89005017
제주도,서귀포시,읍면,쇼핑,내국인관광객,60대이상,여,2018-07-01,1010,2752,58918970
제주도,서귀포시,읍면,쇼핑,내국인관광객,60대이상,남,2018-07-01,1629,4022,71771360
제주도,서귀포시,읍면,쇼핑,내국인관광객,50대,여,2018-07-01,2145,5075,84939771
제주도,서귀포시,읍면,쇼핑,내국인관광객,50대,남,2018-07-01,3873,10085,154445205
제주도,서귀포시,읍면,쇼핑,내국인관광객,40대,여,2018-07-01,3828,7896,127725304
제주도,서귀포시,읍면,쇼핑,내국인관광객,40대,남,2018-07-01,6637,15564,224347462
제주도,서귀포시,읍면,쇼핑,내국인관광객,30대,여,2018-07-01,4912,9589,134537960
제주도,서귀포시,읍면,쇼핑,내국인관광객,30대,남,2018-07-01,6973,15740,189280344
제주도,서귀포시,읍면,쇼핑,내국인관광객,20대미만,여,2018-07-01,177,302,1553640
제주도,서귀포시,읍면,쇼핑,내국인관광객,20대미만,남,2018-07-01,182,354,1718260
제주도,서귀포시,읍면,쇼핑,내국인관광객,20대,여,2018-07-01,5177,10709,94792013
제주도,서귀포시,읍면,쇼핑,내국인관광객,20대,남,2018-07-01,5677,13383,120485776
제주도,서귀포시,읍면,소매,제주도민,60대이상,여,2018-07-01,458,883,59626815
제주도,서귀포시,읍면,소매,제주도민,60대이상,남,2018-07-01,674,1094,71130765
제주도,서귀포시,읍면,소매,제주도민,50대,여,2018-07-01,802,1707,126312358
제주도,서귀포시,읍면,소매,제주도민,50대,남,2018-07-01,949,1930,99930801
제주도,서귀포시,읍면,소매,제주도민,40대,여,2018-07-01,812,1573,56910170
제주도,서귀포시,읍면,소매,제주도민,40대,남,2018-07-01,976,1926,83510388
제주도,서귀포시,읍면,소매,제주도민,30대,여,2018-07-01,603,1118,34908172
제주도,서귀포시,읍면,소매,제주도민,30대,남,2018-07-01,649,1198,36360393
제주도,서귀포시,읍면,소매,제주도민,20대미만,여,2018-07-01,17,31,216400
제주도,서귀포시,읍면,소매,제주도민,20대미만,남,2018-07-01,16,27,436648
제주도,서귀포시,읍면,소매,제주도민,20대,여,2018-07-01,276,420,10063384
제주도,서귀포시,읍면,소매,제주도민,20대,남,2018-07-01,390,816,16505738
제주도,서귀포시,읍면,소매,내국인관광객,60대이상,여,2018-07-01,610,871,66670570
제주도,서귀포시,읍면,소매,내국인관광객,60대이상,남,2018-07-01,690,938,53657720
제주도,서귀포시,읍면,소매,내국인관광객,50대,여,2018-07-01,1069,1457,76791315
제주도,서귀포시,읍면,소매,내국인관광객,50대,남,2018-07-01,1345,1747,79114824
제주도,서귀포시,읍면,소매,내국인관광객,40대,여,2018-07-01,1611,2221,83386072
제주도,서귀포시,읍면,소매,내국인관광객,40대,남,2018-07-01,2115,2999,99531380
제주도,서귀포시,읍면,소매,내국인관광객,30대,여,2018-07-01,1927,2533,69656688
제주도,서귀포시,읍면,소매,내국인관광객,30대,남,2018-07-01,2033,2775,79246827
제주도,서귀포시,읍면,소매,내국인관광객,20대미만,여,2018-07-01,32,41,499090
제주도,서귀포시,읍면,소매,내국인관광객,20대미만,남,2018-07-01,23,24,465690
제주도,서귀포시,읍면,소매,내국인관광객,20대,여,2018-07-01,1709,2027,43876894
제주도,서귀포시,읍면,소매,내국인관광객,20대,남,2018-07-01,1304,1834,36701860
제주도,서귀포시,읍면,문화/레져,제주도민,60대이상,여,2018-07-01,169,231,14348215
제주도,서귀포시,읍면,문화/레져,제주도민,60대이상,남,2018-07-01,683,1254,101225700
제주도,서귀포시,읍면,문화/레져,제주도민,50대,여,2018-07-01,435,590,38118005
제주도,서귀포시,읍면,문화/레져,제주도민,50대,남,2018-07-01,973,1405,122573449
제주도,서귀포시,읍면,문화/레져,제주도민,40대,여,2018-07-01,515,698,48823356
제주도,서귀포시,읍면,문화/레져,제주도민,40대,남,2018-07-01,944,1281,94303588
제주도,서귀포시,읍면,문화/레져,제주도민,30대,여,2018-07-01,553,726,34495435
제주도,서귀포시,읍면,문화/레져,제주도민,30대,남,2018-07-01,471,645,31277105
제주도,서귀포시,읍면,문화/레져,제주도민,20대미만,여,2018-07-01,9,13,233100
제주도,서귀포시,읍면,문화/레져,제주도민,20대미만,남,2018-07-01,7,36,191330
제주도,서귀포시,읍면,문화/레져,제주도민,20대,여,2018-07-01,211,237,6195560
제주도,서귀포시,읍면,문화/레져,제주도민,20대,남,2018-07-01,179,215,7134345
제주도,서귀포시,읍면,문화/레져,내국인관광객,60대이상,여,2018-07-01,402,529,34973492
제주도,서귀포시,읍면,문화/레져,내국인관광객,60대이상,남,2018-07-01,745,1101,114668177
제주도,서귀포시,읍면,문화/레져,내국인관광객,50대,여,2018-07-01,922,1113,58363916
제주도,서귀포시,읍면,문화/레져,내국인관광객,50대,남,2018-07-01,1577,1990,171932748
제주도,서귀포시,읍면,문화/레져,내국인관광객,40대,여,2018-07-01,2000,2564,113804515
제주도,서귀포시,읍면,문화/레져,내국인관광객,40대,남,2018-07-01,2658,3471,177866421
제주도,서귀포시,읍면,문화/레져,내국인관광객,30대,여,2018-07-01,2296,2940,110550070
제주도,서귀포시,읍면,문화/레져,내국인관광객,30대,남,2018-07-01,2341,3038,125572211
제주도,서귀포시,읍면,문화/레져,내국인관광객,20대미만,여,2018-07-01,39,43,888100
제주도,서귀포시,읍면,문화/레져,내국인관광객,20대미만,남,2018-07-01,24,30,579700
제주도,서귀포시,읍면,문화/레져,내국인관광객,20대,여,2018-07-01,1945,2250,60120178
제주도,서귀포시,읍면,문화/레져,내국인관광객,20대,남,2018-07-01,1545,1847,53610760
제주도,서귀포시,읍면,교통,제주도민,60대이상,여,2018-07-01,708,1223,62491076
제주도,서귀포시,읍면,교통,제주도민,60대이상,남,2018-07-01,3490,6893,318973240
제주도,서귀포시,읍면,교통,제주도민,50대,여,2018-07-01,1059,1875,97238238
제주도,서귀포시,읍면,교통,제주도민,50대,남,2018-07-01,2507,5026,305938907
제주도,서귀포시,읍면,교통,제주도민,40대,여,2018-07-01,1016,1820,93472575
제주도,서귀포시,읍면,교통,제주도민,40대,남,2018-07-01,2049,4000,240740209
제주도,서귀포시,읍면,교통,제주도민,30대,여,2018-07-01,662,1101,51106700
제주도,서귀포시,읍면,교통,제주도민,30대,남,2018-07-01,979,1704,85729029
제주도,서귀포시,읍면,교통,제주도민,20대미만,여,2018-07-01,1,7,220000
제주도,서귀포시,읍면,교통,제주도민,20대미만,남,2018-07-01,8,13,361778
제주도,서귀포시,읍면,교통,제주도민,20대,여,2018-07-01,268,420,15555747
제주도,서귀포시,읍면,교통,제주도민,20대,남,2018-07-01,430,669,26438064
제주도,서귀포시,읍면,교통,내국인관광객,60대이상,여,2018-07-01,264,337,17355809
제주도,서귀포시,읍면,교통,내국인관광객,60대이상,남,2018-07-01,500,696,34460817
제주도,서귀포시,읍면,교통,내국인관광객,50대,여,2018-07-01,503,658,32389936
제주도,서귀포시,읍면,교통,내국인관광객,50대,남,2018-07-01,1091,1414,65297405
제주도,서귀포시,읍면,교통,내국인관광객,40대,여,2018-07-01,789,952,38210480
제주도,서귀포시,읍면,교통,내국인관광객,40대,남,2018-07-01,1551,1944,80472244
제주도,서귀포시,읍면,교통,내국인관광객,30대,여,2018-07-01,978,1118,38909560
제주도,서귀포시,읍면,교통,내국인관광객,30대,남,2018-07-01,1509,1780,67850283
제주도,서귀포시,읍면,교통,내국인관광객,20대미만,여,2018-07-01,2,3,38000
제주도,서귀포시,읍면,교통,내국인관광객,20대미만,남,2018-07-01,8,8,172691
제주도,서귀포시,읍면,교통,내국인관광객,20대,여,2018-07-01,844,954,31432427
제주도,서귀포시,읍면,교통,내국인관광객,20대,남,2018-07-01,988,1119,35711615
제주도,서귀포시,도심,유흥,제주도민,60대이상,여,2018-07-01,62,70,8151900
제주도,서귀포시,도심,유흥,제주도민,60대이상,남,2018-07-01,276,398,51067080
제주도,서귀포시,도심,유흥,제주도민,50대,여,2018-07-01,160,187,14760600
제주도,서귀포시,도심,유흥,제주도민,50대,남,2018-07-01,814,1220,189031200
제주도,서귀포시,도심,유흥,제주도민,40대,여,2018-07-01,260,323,24527000
제주도,서귀포시,도심,유흥,제주도민,40대,남,2018-07-01,1017,1439,252868911
제주도,서귀포시,도심,유흥,제주도민,30대,여,2018-07-01,216,264,15981200
제주도,서귀포시,도심,유흥,제주도민,30대,남,2018-07-01,541,748,86704350
제주도,서귀포시,도심,유흥,제주도민,20대미만,여,2018-07-01,4,4,155800
제주도,서귀포시,도심,유흥,제주도민,20대미만,남,2018-07-01,8,8,654700
제주도,서귀포시,도심,유흥,제주도민,20대,여,2018-07-01,270,389,16050900
제주도,서귀포시,도심,유흥,제주도민,20대,남,2018-07-01,462,708,45009300
제주도,서귀포시,도심,유흥,내국인관광객,60대이상,여,2018-07-01,40,49,5036400
제주도,서귀포시,도심,유흥,내국인관광객,60대이상,남,2018-07-01,62,83,13563200
제주도,서귀포시,도심,유흥,내국인관광객,50대,여,2018-07-01,71,103,7527500
제주도,서귀포시,도심,유흥,내국인관광객,50대,남,2018-07-01,228,335,47213600
제주도,서귀포시,도심,유흥,내국인관광객,40대,여,2018-07-01,87,101,6735300
제주도,서귀포시,도심,유흥,내국인관광객,40대,남,2018-07-01,286,378,48018800
제주도,서귀포시,도심,유흥,내국인관광객,30대,여,2018-07-01,134,155,6999900
제주도,서귀포시,도심,유흥,내국인관광객,30대,남,2018-07-01,344,482,30863800
제주도,서귀포시,도심,유흥,내국인관광객,20대미만,여,2018-07-01,2,2,104500
제주도,서귀포시,도심,유흥,내국인관광객,20대미만,남,2018-07-01,4,4,351000
제주도,서귀포시,도심,유흥,내국인관광객,20대,여,2018-07-01,276,348,11713900
제주도,서귀포시,도심,유흥,내국인관광객,20대,남,2018-07-01,376,576,23242000
제주도,서귀포시,도심,식음료,제주도민,60대이상,여,2018-07-01,2735,4308,143257083
제주도,서귀포시,도심,식음료,제주도민,60대이상,남,2018-07-01,4961,8606,357702837
제주도,서귀포시,도심,식음료,제주도민,50대,여,2018-07-01,5784,10251,314670132
제주도,서귀포시,도심,식음료,제주도민,50대,남,2018-07-01,8020,15610,599162632
제주도,서귀포시,도심,식음료,제주도민,40대,여,2018-07-01,8136,16002,397790524
제주도,서귀포시,도심,식음료,제주도민,40대,남,2018-07-01,10328,20153,668015549
제주도,서귀포시,도심,식음료,제주도민,30대,여,2018-07-01,6826,13308,283878979
제주도,서귀포시,도심,식음료,제주도민,30대,남,2018-07-01,7244,14394,397431209
제주도,서귀포시,도심,식음료,제주도민,20대미만,여,2018-07-01,359,619,7474130
제주도,서귀포시,도심,식음료,제주도민,20대미만,남,2018-07-01,199,310,3775930
제주도,서귀포시,도심,식음료,제주도민,20대,여,2018-07-01,4370,8034,150893978
제주도,서귀포시,도심,식음료,제주도민,20대,남,2018-07-01,4127,7468,173821652
제주도,서귀포시,도심,식음료,내국인관광객,60대이상,여,2018-07-01,2055,2880,119406920
제주도,서귀포시,도심,식음료,내국인관광객,60대이상,남,2018-07-01,3369,4883,219242013
제주도,서귀포시,도심,식음료,내국인관광객,50대,여,2018-07-01,4339,5857,228535959
제주도,서귀포시,도심,식음료,내국인관광객,50대,남,2018-07-01,7072,10395,449365200
제주도,서귀포시,도심,식음료,내국인관광객,40대,여,2018-07-01,7324,10258,373983045
제주도,서귀포시,도심,식음료,내국인관광객,40대,남,2018-07-01,10671,15907,618860524
제주도,서귀포시,도심,식음료,내국인관광객,30대,여,2018-07-01,10913,15110,466134978
제주도,서귀포시,도심,식음료,내국인관광객,30대,남,2018-07-01,12353,17538,575374641
제주도,서귀포시,도심,식음료,내국인관광객,20대미만,여,2018-07-01,139,193,3649560
제주도,서귀포시,도심,식음료,내국인관광객,20대미만,남,2018-07-01,131,157,3021760
제주도,서귀포시,도심,식음료,내국인관광객,20대,여,2018-07-01,11164,15531,402813225
제주도,서귀포시,도심,식음료,내국인관광객,20대,남,2018-07-01,8988,12672,350150747
제주도,서귀포시,도심,숙박,제주도민,60대이상,여,2018-07-01,54,90,11929882
제주도,서귀포시,도심,숙박,제주도민,60대이상,남,2018-07-01,113,150,30720858
제주도,서귀포시,도심,숙박,제주도민,50대,여,2018-07-01,107,152,20508210
제주도,서귀포시,도심,숙박,제주도민,50대,남,2018-07-01,205,301,26446185
제주도,서귀포시,도심,숙박,제주도민,40대,여,2018-07-01,216,352,28416538
제주도,서귀포시,도심,숙박,제주도민,40대,남,2018-07-01,380,583,73753193
제주도,서귀포시,도심,숙박,제주도민,30대,여,2018-07-01,230,373,25829419
제주도,서귀포시,도심,숙박,제주도민,30대,남,2018-07-01,247,348,29167480
제주도,서귀포시,도심,숙박,제주도민,20대미만,여,2018-07-01,2,4,125000
제주도,서귀포시,도심,숙박,제주도민,20대미만,남,2018-07-01,3,8,119000
제주도,서귀포시,도심,숙박,제주도민,20대,여,2018-07-01,116,159,9781524
제주도,서귀포시,도심,숙박,제주도민,20대,남,2018-07-01,132,161,8747248
제주도,서귀포시,도심,숙박,내국인관광객,60대이상,여,2018-07-01,246,333,58942717
제주도,서귀포시,도심,숙박,내국인관광객,60대이상,남,2018-07-01,463,652,168453316
제주도,서귀포시,도심,숙박,내국인관광객,50대,여,2018-07-01,500,627,102045943
제주도,서귀포시,도심,숙박,내국인관광객,50대,남,2018-07-01,905,1177,226094320
제주도,서귀포시,도심,숙박,내국인관광객,40대,여,2018-07-01,1061,1452,241750040
제주도,서귀포시,도심,숙박,내국인관광객,40대,남,2018-07-01,1562,2195,381587824
제주도,서귀포시,도심,숙박,내국인관광객,30대,여,2018-07-01,1533,2042,322000535
제주도,서귀포시,도심,숙박,내국인관광객,30대,남,2018-07-01,1756,2386,355025741
제주도,서귀포시,도심,숙박,내국인관광객,20대미만,여,2018-07-01,7,9,331200
제주도,서귀포시,도심,숙박,내국인관광객,20대미만,남,2018-07-01,3,5,151500
제주도,서귀포시,도심,숙박,내국인관광객,20대,여,2018-07-01,1155,1344,140401486
제주도,서귀포시,도심,숙박,내국인관광객,20대,남,2018-07-01,854,1072,104118376
제주도,서귀포시,도심,쇼핑,제주도민,60대이상,여,2018-07-01,3305,10169,347661310
제주도,서귀포시,도심,쇼핑,제주도민,60대이상,남,2018-07-01,4685,13851,406118739
제주도,서귀포시,도심,쇼핑,제주도민,50대,여,2018-07-01,5623,18815,574294913
제주도,서귀포시,도심,쇼핑,제주도민,50대,남,2018-07-01,7312,24463,550812592
제주도,서귀포시,도심,쇼핑,제주도민,40대,여,2018-07-01,7432,23813,620723299
제주도,서귀포시,도심,쇼핑,제주도민,40대,남,2018-07-01,10474,35895,707139910
제주도,서귀포시,도심,쇼핑,제주도민,30대,여,2018-07-01,6036,17240,376564300
제주도,서귀포시,도심,쇼핑,제주도민,30대,남,2018-07-01,7516,25203,390113760
제주도,서귀포시,도심,쇼핑,제주도민,20대미만,여,2018-07-01,350,951,5417100
제주도,서귀포시,도심,쇼핑,제주도민,20대미만,남,2018-07-01,329,888,5082320
제주도,서귀포시,도심,쇼핑,제주도민,20대,여,2018-07-01,3752,10499,138941666
제주도,서귀포시,도심,쇼핑,제주도민,20대,남,2018-07-01,4819,14820,141791152
제주도,서귀포시,도심,쇼핑,내국인관광객,60대이상,여,2018-07-01,1737,3683,123627150
제주도,서귀포시,도심,쇼핑,내국인관광객,60대이상,남,2018-07-01,2404,5286,140289190
제주도,서귀포시,도심,쇼핑,내국인관광객,50대,여,2018-07-01,3316,6505,165897810
제주도,서귀포시,도심,쇼핑,내국인관광객,50대,남,2018-07-01,5603,12562,271942159
제주도,서귀포시,도심,쇼핑,내국인관광객,40대,여,2018-07-01,5761,10766,264690689
제주도,서귀포시,도심,쇼핑,내국인관광객,40대,남,2018-07-01,9548,20131,398202093
제주도,서귀포시,도심,쇼핑,내국인관광객,30대,여,2018-07-01,7813,13173,260713580
제주도,서귀포시,도심,쇼핑,내국인관광객,30대,남,2018-07-01,10467,20455,337451823
제주도,서귀포시,도심,쇼핑,내국인관광객,20대미만,여,2018-07-01,162,311,2018010
제주도,서귀포시,도심,쇼핑,내국인관광객,20대미만,남,2018-07-01,163,239,1935100
제주도,서귀포시,도심,쇼핑,내국인관광객,20대,여,2018-07-01,8043,14116,187402751
제주도,서귀포시,도심,쇼핑,내국인관광객,20대,남,2018-07-01,8623,18266,203584871
제주도,서귀포시,도심,소매,제주도민,60대이상,여,2018-07-01,1476,2310,235726783
제주도,서귀포시,도심,소매,제주도민,60대이상,남,2018-07-01,1268,1898,187050125
제주도,서귀포시,도심,소매,제주도민,50대,여,2018-07-01,2232,3444,283234090
제주도,서귀포시,도심,소매,제주도민,50대,남,2018-07-01,1751,2668,230249760
제주도,서귀포시,도심,소매,제주도민,40대,여,2018-07-01,2377,3553,211232353
제주도,서귀포시,도심,소매,제주도민,40대,남,2018-07-01,2148,3266,213016308
제주도,서귀포시,도심,소매,제주도민,30대,여,2018-07-01,1606,2364,98181161
제주도,서귀포시,도심,소매,제주도민,30대,남,2018-07-01,1245,1749,79675994
제주도,서귀포시,도심,소매,제주도민,20대미만,여,2018-07-01,70,93,2887050
제주도,서귀포시,도심,소매,제주도민,20대미만,남,2018-07-01,33,42,790150
제주도,서귀포시,도심,소매,제주도민,20대,여,2018-07-01,869,1174,43851237
제주도,서귀포시,도심,소매,제주도민,20대,남,2018-07-01,660,900,26656629
제주도,서귀포시,도심,소매,내국인관광객,60대이상,여,2018-07-01,757,1012,70497232
제주도,서귀포시,도심,소매,내국인관광객,60대이상,남,2018-07-01,811,1031,82304917
제주도,서귀포시,도심,소매,내국인관광객,50대,여,2018-07-01,1347,1776,91772918
제주도,서귀포시,도심,소매,내국인관광객,50대,남,2018-07-01,1711,2290,133260066
제주도,서귀포시,도심,소매,내국인관광객,40대,여,2018-07-01,2030,2701,97235629
제주도,서귀포시,도심,소매,내국인관광객,40대,남,2018-07-01,2487,3388,115104559
제주도,서귀포시,도심,소매,내국인관광객,30대,여,2018-07-01,2694,3601,98274660
제주도,서귀포시,도심,소매,내국인관광객,30대,남,2018-07-01,2701,3774,99973367
제주도,서귀포시,도심,소매,내국인관광객,20대미만,여,2018-07-01,48,60,1133900
제주도,서귀포시,도심,소매,내국인관광객,20대미만,남,2018-07-01,31,38,825300
제주도,서귀포시,도심,소매,내국인관광객,20대,여,2018-07-01,3020,4181,75530171
제주도,서귀포시,도심,소매,내국인관광객,20대,남,2018-07-01,2006,2633,50826675
제주도,서귀포시,도심,문화/레져,제주도민,60대이상,여,2018-07-01,175,297,7953847
제주도,서귀포시,도심,문화/레져,제주도민,60대이상,남,2018-07-01,401,580,29984890
제주도,서귀포시,도심,문화/레져,제주도민,50대,여,2018-07-01,590,781,43260100
제주도,서귀포시,도심,문화/레져,제주도민,50대,남,2018-07-01,940,1368,72973200
제주도,서귀포시,도심,문화/레져,제주도민,40대,여,2018-07-01,1147,1753,48603782
제주도,서귀포시,도심,문화/레져,제주도민,40대,남,2018-07-01,1240,1849,75166920
제주도,서귀포시,도심,문화/레져,제주도민,30대,여,2018-07-01,763,1103,24674492
제주도,서귀포시,도심,문화/레져,제주도민,30대,남,2018-07-01,649,972,25496960
제주도,서귀포시,도심,문화/레져,제주도민,20대미만,여,2018-07-01,100,122,1398600
제주도,서귀포시,도심,문화/레져,제주도민,20대미만,남,2018-07-01,72,100,1314300
제주도,서귀포시,도심,문화/레져,제주도민,20대,여,2018-07-01,487,576,13402700
제주도,서귀포시,도심,문화/레져,제주도민,20대,남,2018-07-01,507,679,15000800
제주도,서귀포시,도심,문화/레져,내국인관광객,60대이상,여,2018-07-01,168,245,9809270
제주도,서귀포시,도심,문화/레져,내국인관광객,60대이상,남,2018-07-01,304,421,29143630
제주도,서귀포시,도심,문화/레져,내국인관광객,50대,여,2018-07-01,422,499,20785700
제주도,서귀포시,도심,문화/레져,내국인관광객,50대,남,2018-07-01,738,923,54768510
제주도,서귀포시,도심,문화/레져,내국인관광객,40대,여,2018-07-01,765,946,36390936
제주도,서귀포시,도심,문화/레져,내국인관광객,40대,남,2018-07-01,1034,1346,58713160
제주도,서귀포시,도심,문화/레져,내국인관광객,30대,여,2018-07-01,844,1047,31261550
제주도,서귀포시,도심,문화/레져,내국인관광객,30대,남,2018-07-01,953,1218,33887430
제주도,서귀포시,도심,문화/레져,내국인관광객,20대미만,여,2018-07-01,17,26,419900
제주도,서귀포시,도심,문화/레져,내국인관광객,20대미만,남,2018-07-01,17,23,262400
제주도,서귀포시,도심,문화/레져,내국인관광객,20대,여,2018-07-01,643,719,17707719
제주도,서귀포시,도심,문화/레져,내국인관광객,20대,남,2018-07-01,739,912,23577550
제주도,서귀포시,도심,교통,제주도민,60대이상,여,2018-07-01,1033,1577,83161803
제주도,서귀포시,도심,교통,제주도민,60대이상,남,2018-07-01,3290,5764,253951656
제주도,서귀포시,도심,교통,제주도민,50대,여,2018-07-01,1776,2827,144362308
제주도,서귀포시,도심,교통,제주도민,50대,남,2018-07-01,3089,5325,282920298
제주도,서귀포시,도심,교통,제주도민,40대,여,2018-07-01,1849,2962,145161889
제주도,서귀포시,도심,교통,제주도민,40대,남,2018-07-01,3206,5424,287701735
제주도,서귀포시,도심,교통,제주도민,30대,여,2018-07-01,1349,2008,85433031
제주도,서귀포시,도심,교통,제주도민,30대,남,2018-07-01,1995,3170,142826751
제주도,서귀포시,도심,교통,제주도민,20대미만,여,2018-07-01,5,10,377800
제주도,서귀포시,도심,교통,제주도민,20대미만,남,2018-07-01,7,8,238000
제주도,서귀포시,도심,교통,제주도민,20대,여,2018-07-01,496,693,26252857
제주도,서귀포시,도심,교통,제주도민,20대,남,2018-07-01,735,1099,41657962
제주도,서귀포시,도심,교통,내국인관광객,60대이상,여,2018-07-01,294,365,18324883
제주도,서귀포시,도심,교통,내국인관광객,60대이상,남,2018-07-01,678,813,41657816
제주도,서귀포시,도심,교통,내국인관광객,50대,여,2018-07-01,648,764,33985254
제주도,서귀포시,도심,교통,내국인관광객,50대,남,2018-07-01,1355,1672,78794688
제주도,서귀포시,도심,교통,내국인관광객,40대,여,2018-07-01,997,1164,47450744
제주도,서귀포시,도심,교통,내국인관광객,40대,남,2018-07-01,1962,2346,103440666
제주도,서귀포시,도심,교통,내국인관광객,30대,여,2018-07-01,1212,1371,51629098
제주도,서귀포시,도심,교통,내국인관광객,30대,남,2018-07-01,1907,2267,86378374
제주도,서귀포시,도심,교통,내국인관광객,20대미만,여,2018-07-01,2,3,176440
제주도,서귀포시,도심,교통,내국인관광객,20대미만,남,2018-07-01,2,2,50000
제주도,서귀포시,도심,교통,내국인관광객,20대,여,2018-07-01,960,1039,33165018
제주도,서귀포시,도심,교통,내국인관광객,20대,남,2018-07-01,1054,1149,37302392
제주도,제주시,읍면,유흥,제주도민,60대이상,여,2018-06-01,21,23,2115300
제주도,제주시,읍면,유흥,제주도민,60대이상,남,2018-06-01,109,178,26986300
제주도,제주시,읍면,유흥,제주도민,50대,여,2018-06-01,44,57,5960800
제주도,제주시,읍면,유흥,제주도민,50대,남,2018-06-01,210,375,64371400
제주도,제주시,읍면,유흥,제주도민,40대,여,2018-06-01,70,88,6285600
제주도,제주시,읍면,유흥,제주도민,40대,남,2018-06-01,224,347,56415800
제주도,제주시,읍면,유흥,제주도민,30대,여,2018-06-01,73,90,5313200
제주도,제주시,읍면,유흥,제주도민,30대,남,2018-06-01,135,213,25593000
제주도,제주시,읍면,유흥,제주도민,20대미만,남,2018-06-01,4,4,264000
제주도,제주시,읍면,유흥,제주도민,20대,여,2018-06-01,54,56,1930600
제주도,제주시,읍면,유흥,제주도민,20대,남,2018-06-01,76,92,4986000
제주도,제주시,읍면,유흥,내국인관광객,60대이상,여,2018-06-01,20,24,1847900
제주도,제주시,읍면,유흥,내국인관광객,60대이상,남,2018-06-01,54,81,10818000
제주도,제주시,읍면,유흥,내국인관광객,50대,여,2018-06-01,48,59,3572800
제주도,제주시,읍면,유흥,내국인관광객,50대,남,2018-06-01,138,183,20691500
제주도,제주시,읍면,유흥,내국인관광객,40대,여,2018-06-01,98,116,5510220
제주도,제주시,읍면,유흥,내국인관광객,40대,남,2018-06-01,156,195,18986800
제주도,제주시,읍면,유흥,내국인관광객,30대,여,2018-06-01,197,215,5799400
제주도,제주시,읍면,유흥,내국인관광객,30대,남,2018-06-01,226,267,15135300
제주도,제주시,읍면,유흥,내국인관광객,20대,여,2018-06-01,272,287,7240800
제주도,제주시,읍면,유흥,내국인관광객,20대,남,2018-06-01,134,143,4879300
제주도,제주시,읍면,식음료,제주도민,60대이상,여,2018-06-01,1427,2465,85419295
제주도,제주시,읍면,식음료,제주도민,60대이상,남,2018-06-01,3115,6582,252434690
제주도,제주시,읍면,식음료,제주도민,50대,여,2018-06-01,3027,5582,177283150
제주도,제주시,읍면,식음료,제주도민,50대,남,2018-06-01,4963,11183,397586639
제주도,제주시,읍면,식음료,제주도민,40대,여,2018-06-01,3985,8812,235798806
제주도,제주시,읍면,식음료,제주도민,40대,남,2018-06-01,5376,12324,386005009
제주도,제주시,읍면,식음료,제주도민,30대,여,2018-06-01,3646,7147,172646875
제주도,제주시,읍면,식음료,제주도민,30대,남,2018-06-01,4109,8575,225989144
제주도,제주시,읍면,식음료,제주도민,20대미만,여,2018-06-01,71,127,1817275
제주도,제주시,읍면,식음료,제주도민,20대미만,남,2018-06-01,81,175,2979850
제주도,제주시,읍면,식음료,제주도민,20대,여,2018-06-01,2519,4111,83329945
제주도,제주시,읍면,식음료,제주도민,20대,남,2018-06-01,2096,3720,84051125
제주도,제주시,읍면,식음료,내국인관광객,60대이상,여,2018-06-01,2367,3310,126292990
제주도,제주시,읍면,식음료,내국인관광객,60대이상,남,2018-06-01,3310,5261,212418920
제주도,제주시,읍면,식음료,내국인관광객,50대,여,2018-06-01,5382,7874,276271960
제주도,제주시,읍면,식음료,내국인관광객,50대,남,2018-06-01,6449,10355,392127180
제주도,제주시,읍면,식음료,내국인관광객,40대,여,2018-06-01,8581,13664,433988525
제주도,제주시,읍면,식음료,내국인관광객,40대,남,2018-06-01,10328,17101,583277455
제주도,제주시,읍면,식음료,내국인관광객,30대,여,2018-06-01,15308,25125,706680182
제주도,제주시,읍면,식음료,내국인관광객,30대,남,2018-06-01,14604,23759,678966829
제주도,제주시,읍면,식음료,내국인관광객,20대미만,여,2018-06-01,111,141,2597750
제주도,제주시,읍면,식음료,내국인관광객,20대미만,남,2018-06-01,101,125,1752000
제주도,제주시,읍면,식음료,내국인관광객,20대,여,2018-06-01,14860,24252,547740394
제주도,제주시,읍면,식음료,내국인관광객,20대,남,2018-06-01,8332,12775,305070978
제주도,제주시,읍면,숙박,제주도민,60대이상,여,2018-06-01,41,66,5715600
제주도,제주시,읍면,숙박,제주도민,60대이상,남,2018-06-01,68,128,8525000
제주도,제주시,읍면,숙박,제주도민,50대,여,2018-06-01,87,135,12393946
제주도,제주시,읍면,숙박,제주도민,50대,남,2018-06-01,144,212,16279210
제주도,제주시,읍면,숙박,제주도민,40대,여,2018-06-01,155,222,9467110
제주도,제주시,읍면,숙박,제주도민,40대,남,2018-06-01,209,314,21719790
제주도,제주시,읍면,숙박,제주도민,30대,여,2018-06-01,131,153,5947530
제주도,제주시,읍면,숙박,제주도민,30대,남,2018-06-01,194,325,16238430
제주도,제주시,읍면,숙박,제주도민,20대미만,여,2018-06-01,2,2,16750
제주도,제주시,읍면,숙박,제주도민,20대미만,남,2018-06-01,3,3,100400
제주도,제주시,읍면,숙박,제주도민,20대,여,2018-06-01,145,177,4755300
제주도,제주시,읍면,숙박,제주도민,20대,남,2018-06-01,141,186,7036614
제주도,제주시,읍면,숙박,내국인관광객,60대이상,여,2018-06-01,190,282,24004974
제주도,제주시,읍면,숙박,내국인관광객,60대이상,남,2018-06-01,350,489,39529455
제주도,제주시,읍면,숙박,내국인관광객,50대,여,2018-06-01,480,588,44831302
제주도,제주시,읍면,숙박,내국인관광객,50대,남,2018-06-01,628,831,83087700
제주도,제주시,읍면,숙박,내국인관광객,40대,여,2018-06-01,880,1130,92155261
제주도,제주시,읍면,숙박,내국인관광객,40대,남,2018-06-01,1132,1491,126081021
제주도,제주시,읍면,숙박,내국인관광객,30대,여,2018-06-01,1404,1792,118291350
제주도,제주시,읍면,숙박,내국인관광객,30대,남,2018-06-01,1360,1765,123363153
제주도,제주시,읍면,숙박,내국인관광객,20대미만,여,2018-06-01,15,19,243530
제주도,제주시,읍면,숙박,내국인관광객,20대미만,남,2018-06-01,8,8,336900
제주도,제주시,읍면,숙박,내국인관광객,20대,여,2018-06-01,1073,1245,47645137
제주도,제주시,읍면,숙박,내국인관광객,20대,남,2018-06-01,618,715,25860365
제주도,제주시,읍면,쇼핑,제주도민,60대이상,여,2018-06-01,1738,5878,197360255
제주도,제주시,읍면,쇼핑,제주도민,60대이상,남,2018-06-01,3211,10637,303205055
제주도,제주시,읍면,쇼핑,제주도민,50대,여,2018-06-01,3218,11129,301811233
제주도,제주시,읍면,쇼핑,제주도민,50대,남,2018-06-01,5565,20132,394704373
제주도,제주시,읍면,쇼핑,제주도민,40대,여,2018-06-01,4264,15700,327315214
제주도,제주시,읍면,쇼핑,제주도민,40대,남,2018-06-01,7280,25893,433755205
제주도,제주시,읍면,쇼핑,제주도민,30대,여,2018-06-01,3376,11260,199584446
제주도,제주시,읍면,쇼핑,제주도민,30대,남,2018-06-01,5367,19107,261585040
제주도,제주시,읍면,쇼핑,제주도민,20대미만,여,2018-06-01,138,529,2297580
제주도,제주시,읍면,쇼핑,제주도민,20대미만,남,2018-06-01,186,837,3591880
제주도,제주시,읍면,쇼핑,제주도민,20대,여,2018-06-01,2028,6285,59790265
제주도,제주시,읍면,쇼핑,제주도민,20대,남,2018-06-01,3034,11382,99983760
제주도,제주시,읍면,쇼핑,내국인관광객,60대이상,여,2018-06-01,1306,2775,64046970
제주도,제주시,읍면,쇼핑,내국인관광객,60대이상,남,2018-06-01,2089,4751,105011460
제주도,제주시,읍면,쇼핑,내국인관광객,50대,여,2018-06-01,2713,5360,112123410
제주도,제주시,읍면,쇼핑,내국인관광객,50대,남,2018-06-01,4326,10381,171645374
제주도,제주시,읍면,쇼핑,내국인관광객,40대,여,2018-06-01,4825,9396,163665899
제주도,제주시,읍면,쇼핑,내국인관광객,40대,남,2018-06-01,7927,18010,288336255
제주도,제주시,읍면,쇼핑,내국인관광객,30대,여,2018-06-01,7785,13948,222895904
제주도,제주시,읍면,쇼핑,내국인관광객,30대,남,2018-06-01,9334,19061,257017020
제주도,제주시,읍면,쇼핑,내국인관광객,20대미만,여,2018-06-01,126,196,1038710
제주도,제주시,읍면,쇼핑,내국인관광객,20대미만,남,2018-06-01,178,299,1897970
제주도,제주시,읍면,쇼핑,내국인관광객,20대,여,2018-06-01,6854,12176,120029740
제주도,제주시,읍면,쇼핑,내국인관광객,20대,남,2018-06-01,6216,12604,119718570
제주도,제주시,읍면,소매,제주도민,60대이상,여,2018-06-01,382,532,39689378
제주도,제주시,읍면,소매,제주도민,60대이상,남,2018-06-01,517,766,60291601
제주도,제주시,읍면,소매,제주도민,50대,여,2018-06-01,712,966,79185242
제주도,제주시,읍면,소매,제주도민,50대,남,2018-06-01,928,1412,75364456
제주도,제주시,읍면,소매,제주도민,40대,여,2018-06-01,768,1168,48714772
제주도,제주시,읍면,소매,제주도민,40대,남,2018-06-01,1117,1771,82928425
제주도,제주시,읍면,소매,제주도민,30대,여,2018-06-01,608,864,35009967
제주도,제주시,읍면,소매,제주도민,30대,남,2018-06-01,753,1128,41933737
제주도,제주시,읍면,소매,제주도민,20대미만,여,2018-06-01,14,20,135500
제주도,제주시,읍면,소매,제주도민,20대미만,남,2018-06-01,12,24,347840
제주도,제주시,읍면,소매,제주도민,20대,여,2018-06-01,317,408,10837530
제주도,제주시,읍면,소매,제주도민,20대,남,2018-06-01,341,476,15807490
제주도,제주시,읍면,소매,내국인관광객,60대이상,여,2018-06-01,643,780,47263798
제주도,제주시,읍면,소매,내국인관광객,60대이상,남,2018-06-01,749,907,47093244
제주도,제주시,읍면,소매,내국인관광객,50대,여,2018-06-01,1102,1320,56212950
제주도,제주시,읍면,소매,내국인관광객,50대,남,2018-06-01,1236,1601,62524560
제주도,제주시,읍면,소매,내국인관광객,40대,여,2018-06-01,1520,1899,52586490
제주도,제주시,읍면,소매,내국인관광객,40대,남,2018-06-01,1756,2235,72269738
제주도,제주시,읍면,소매,내국인관광객,30대,여,2018-06-01,2328,2745,73102333
제주도,제주시,읍면,소매,내국인관광객,30대,남,2018-06-01,2007,2413,68447685
제주도,제주시,읍면,소매,내국인관광객,20대미만,여,2018-06-01,107,147,2146160
제주도,제주시,읍면,소매,내국인관광객,20대미만,남,2018-06-01,136,185,1748600
제주도,제주시,읍면,소매,내국인관광객,20대,여,2018-06-01,2856,3229,71277525
제주도,제주시,읍면,소매,내국인관광객,20대,남,2018-06-01,1387,1609,39254872
제주도,제주시,읍면,문화/레져,제주도민,60대이상,여,2018-06-01,161,205,13559240
제주도,제주시,읍면,문화/레져,제주도민,60대이상,남,2018-06-01,477,684,62622850
제주도,제주시,읍면,문화/레져,제주도민,50대,여,2018-06-01,442,610,49718285
제주도,제주시,읍면,문화/레져,제주도민,50대,남,2018-06-01,1172,1538,155607590
제주도,제주시,읍면,문화/레져,제주도민,40대,여,2018-06-01,620,829,64846665
제주도,제주시,읍면,문화/레져,제주도민,40대,남,2018-06-01,1232,1661,136928021
제주도,제주시,읍면,문화/레져,제주도민,30대,여,2018-06-01,457,618,16370055
제주도,제주시,읍면,문화/레져,제주도민,30대,남,2018-06-01,547,819,36121870
제주도,제주시,읍면,문화/레져,제주도민,20대미만,여,2018-06-01,18,38,548550
제주도,제주시,읍면,문화/레져,제주도민,20대미만,남,2018-06-01,25,101,313700
제주도,제주시,읍면,문화/레져,제주도민,20대,여,2018-06-01,247,358,4829195
제주도,제주시,읍면,문화/레져,제주도민,20대,남,2018-06-01,239,657,6541950
제주도,제주시,읍면,문화/레져,내국인관광객,60대이상,여,2018-06-01,634,859,51105520
제주도,제주시,읍면,문화/레져,내국인관광객,60대이상,남,2018-06-01,1150,1610,179941435
제주도,제주시,읍면,문화/레져,내국인관광객,50대,여,2018-06-01,1397,1811,107786790
제주도,제주시,읍면,문화/레져,내국인관광객,50대,남,2018-06-01,2077,2701,255258440
제주도,제주시,읍면,문화/레져,내국인관광객,40대,여,2018-06-01,2342,3232,100772830
제주도,제주시,읍면,문화/레져,내국인관광객,40대,남,2018-06-01,3098,4299,192898109
제주도,제주시,읍면,문화/레져,내국인관광객,30대,여,2018-06-01,2873,3925,78377835
제주도,제주시,읍면,문화/레져,내국인관광객,30대,남,2018-06-01,2564,3378,79317860
제주도,제주시,읍면,문화/레져,내국인관광객,20대미만,여,2018-06-01,43,62,407800
제주도,제주시,읍면,문화/레져,내국인관광객,20대미만,남,2018-06-01,63,78,540200
제주도,제주시,읍면,문화/레져,내국인관광객,20대,여,2018-06-01,1744,2142,39177440
제주도,제주시,읍면,문화/레져,내국인관광객,20대,남,2018-06-01,1062,1380,25998690
제주도,제주시,읍면,교통,제주도민,60대이상,여,2018-06-01,943,1555,88602011
제주도,제주시,읍면,교통,제주도민,60대이상,남,2018-06-01,3729,7650,402868087
제주도,제주시,읍면,교통,제주도민,50대,여,2018-06-01,1329,2232,130684905
제주도,제주시,읍면,교통,제주도민,50대,남,2018-06-01,2903,5732,360274837
제주도,제주시,읍면,교통,제주도민,40대,여,2018-06-01,1307,2178,111915556
제주도,제주시,읍면,교통,제주도민,40대,남,2018-06-01,2574,4674,303047077
제주도,제주시,읍면,교통,제주도민,30대,여,2018-06-01,940,1425,62742146
제주도,제주시,읍면,교통,제주도민,30대,남,2018-06-01,1440,2340,118838421
제주도,제주시,읍면,교통,제주도민,20대미만,여,2018-06-01,6,6,173800
제주도,제주시,읍면,교통,제주도민,20대미만,남,2018-06-01,11,12,385600
제주도,제주시,읍면,교통,제주도민,20대,여,2018-06-01,369,512,19387658
제주도,제주시,읍면,교통,제주도민,20대,남,2018-06-01,529,844,30526013
제주도,제주시,읍면,교통,내국인관광객,60대이상,여,2018-06-01,645,782,38634304
제주도,제주시,읍면,교통,내국인관광객,60대이상,남,2018-06-01,1469,1782,96614781
제주도,제주시,읍면,교통,내국인관광객,50대,여,2018-06-01,1636,2012,88925387
제주도,제주시,읍면,교통,내국인관광객,50대,남,2018-06-01,2985,3655,203350278
제주도,제주시,읍면,교통,내국인관광객,40대,여,2018-06-01,2112,2562,103126951
제주도,제주시,읍면,교통,내국인관광객,40대,남,2018-06-01,4051,4883,242157122
제주도,제주시,읍면,교통,내국인관광객,30대,여,2018-06-01,3195,3703,121070532
제주도,제주시,읍면,교통,내국인관광객,30대,남,2018-06-01,4524,5184,203815771
제주도,제주시,읍면,교통,내국인관광객,20대미만,여,2018-06-01,6,7,159500
제주도,제주시,읍면,교통,내국인관광객,20대미만,남,2018-06-01,1,3,130000
제주도,제주시,읍면,교통,내국인관광객,20대,여,2018-06-01,2943,3365,81152129
제주도,제주시,읍면,교통,내국인관광객,20대,남,2018-06-01,2386,2676,78836754
제주도,제주시,도심,유흥,제주도민,60대이상,여,2018-06-01,276,378,37344000
제주도,제주시,도심,유흥,제주도민,60대이상,남,2018-06-01,1146,1629,193671456
제주도,제주시,도심,유흥,제주도민,50대,여,2018-06-01,880,1115,95650710
제주도,제주시,도심,유흥,제주도민,50대,남,2018-06-01,3714,5532,724905158
제주도,제주시,도심,유흥,제주도민,40대,여,2018-06-01,1267,1540,109465300
제주도,제주시,도심,유흥,제주도민,40대,남,2018-06-01,4326,6185,936695295
제주도,제주시,도심,유흥,제주도민,30대,여,2018-06-01,1112,1389,81944490
제주도,제주시,도심,유흥,제주도민,30대,남,2018-06-01,2901,4031,441818845
제주도,제주시,도심,유흥,제주도민,20대미만,여,2018-06-01,32,34,1053900
제주도,제주시,도심,유흥,제주도민,20대미만,남,2018-06-01,32,43,1015500
제주도,제주시,도심,유흥,제주도민,20대,여,2018-06-01,1734,2495,105921458
제주도,제주시,도심,유흥,제주도민,20대,남,2018-06-01,2359,3591,201164210
제주도,제주시,도심,유흥,내국인관광객,60대이상,여,2018-06-01,84,103,16238900
제주도,제주시,도심,유흥,내국인관광객,60대이상,남,2018-06-01,254,330,54870600
제주도,제주시,도심,유흥,내국인관광객,50대,여,2018-06-01,239,309,34468700
제주도,제주시,도심,유흥,내국인관광객,50대,남,2018-06-01,842,1101,207371559
제주도,제주시,도심,유흥,내국인관광객,40대,여,2018-06-01,256,300,29937400
제주도,제주시,도심,유흥,내국인관광객,40대,남,2018-06-01,946,1269,225641900
제주도,제주시,도심,유흥,내국인관광객,30대,여,2018-06-01,274,350,22519200
제주도,제주시,도심,유흥,내국인관광객,30대,남,2018-06-01,834,1123,113329500
제주도,제주시,도심,유흥,내국인관광객,20대미만,여,2018-06-01,4,6,138900
제주도,제주시,도심,유흥,내국인관광객,20대미만,남,2018-06-01,3,2,81800
제주도,제주시,도심,유흥,내국인관광객,20대,여,2018-06-01,375,471,20867400
제주도,제주시,도심,유흥,내국인관광객,20대,남,2018-06-01,571,835,48150150
제주도,제주시,도심,식음료,제주도민,60대이상,여,2018-06-01,9705,16964,537442942
제주도,제주시,도심,식음료,제주도민,60대이상,남,2018-06-01,16979,33388,1292529008
제주도,제주시,도심,식음료,제주도민,50대,여,2018-06-01,21907,46560,1261831990
제주도,제주시,도심,식음료,제주도민,50대,남,2018-06-01,30955,70554,2434547443
제주도,제주시,도심,식음료,제주도민,40대,여,2018-06-01,31337,76652,1796417819
제주도,제주시,도심,식음료,제주도민,40대,남,2018-06-01,37102,86416,2845603141
제주도,제주시,도심,식음료,제주도민,30대,여,2018-06-01,26528,61922,1330683750
제주도,제주시,도심,식음료,제주도민,30대,남,2018-06-01,29682,69372,1825375570
제주도,제주시,도심,식음료,제주도민,20대미만,여,2018-06-01,1330,3190,35755647
제주도,제주시,도심,식음료,제주도민,20대미만,남,2018-06-01,1223,2917,38969790
제주도,제주시,도심,식음료,제주도민,20대,여,2018-06-01,23155,60354,1054026542
제주도,제주시,도심,식음료,제주도민,20대,남,2018-06-01,19655,51397,1091156639
제주도,제주시,도심,식음료,내국인관광객,60대이상,여,2018-06-01,4214,5693,224534906
제주도,제주시,도심,식음료,내국인관광객,60대이상,남,2018-06-01,7345,10916,429988762
제주도,제주시,도심,식음료,내국인관광객,50대,여,2018-06-01,9803,13798,497992917
제주도,제주시,도심,식음료,내국인관광객,50대,남,2018-06-01,15630,24629,950763898
제주도,제주시,도심,식음료,내국인관광객,40대,여,2018-06-01,13757,20270,596668303
제주도,제주시,도심,식음료,내국인관광객,40대,남,2018-06-01,20780,32504,1106163540
제주도,제주시,도심,식음료,내국인관광객,30대,여,2018-06-01,20431,28894,729788646
제주도,제주시,도심,식음료,내국인관광객,30대,남,2018-06-01,23422,35335,963698891
제주도,제주시,도심,식음료,내국인관광객,20대미만,여,2018-06-01,251,418,4710770
제주도,제주시,도심,식음료,내국인관광객,20대미만,남,2018-06-01,284,374,5386400
제주도,제주시,도심,식음료,내국인관광객,20대,여,2018-06-01,19758,28795,569321822
제주도,제주시,도심,식음료,내국인관광객,20대,남,2018-06-01,14872,23707,509634717
제주도,제주시,도심,숙박,제주도민,60대이상,여,2018-06-01,188,271,58207940
제주도,제주시,도심,숙박,제주도민,60대이상,남,2018-06-01,354,531,145855175
제주도,제주시,도심,숙박,제주도민,50대,여,2018-06-01,302,435,88002041
제주도,제주시,도심,숙박,제주도민,50대,남,2018-06-01,639,941,100156641
제주도,제주시,도심,숙박,제주도민,40대,여,2018-06-01,374,531,67311891
제주도,제주시,도심,숙박,제주도민,40대,남,2018-06-01,826,1087,109073100
제주도,제주시,도심,숙박,제주도민,30대,여,2018-06-01,279,339,20227164
제주도,제주시,도심,숙박,제주도민,30대,남,2018-06-01,654,866,97525938
제주도,제주시,도심,숙박,제주도민,20대미만,여,2018-06-01,11,11,497800
제주도,제주시,도심,숙박,제주도민,20대미만,남,2018-06-01,10,16,569000
제주도,제주시,도심,숙박,제주도민,20대,여,2018-06-01,388,512,26314501
제주도,제주시,도심,숙박,제주도민,20대,남,2018-06-01,674,906,38047715
제주도,제주시,도심,숙박,내국인관광객,60대이상,여,2018-06-01,235,321,38409262
제주도,제주시,도심,숙박,내국인관광객,60대이상,남,2018-06-01,548,696,86038346
제주도,제주시,도심,숙박,내국인관광객,50대,여,2018-06-01,594,767,117121582
제주도,제주시,도심,숙박,내국인관광객,50대,남,2018-06-01,1413,1820,234698143
제주도,제주시,도심,숙박,내국인관광객,40대,여,2018-06-01,879,1259,171914960
제주도,제주시,도심,숙박,내국인관광객,40대,남,2018-06-01,1703,2241,237297220
제주도,제주시,도심,숙박,내국인관광객,30대,여,2018-06-01,1148,1480,148550159
제주도,제주시,도심,숙박,내국인관광객,30대,남,2018-06-01,1462,1867,172366693
제주도,제주시,도심,숙박,내국인관광객,20대미만,여,2018-06-01,5,5,285800
제주도,제주시,도심,숙박,내국인관광객,20대미만,남,2018-06-01,8,9,349000
제주도,제주시,도심,숙박,내국인관광객,20대,여,2018-06-01,848,967,87585831
제주도,제주시,도심,숙박,내국인관광객,20대,남,2018-06-01,755,881,55421255
제주도,제주시,도심,쇼핑,제주도민,60대이상,여,2018-06-01,12318,38999,1202100075
제주도,제주시,도심,쇼핑,제주도민,60대이상,남,2018-06-01,15884,49199,1298958924
제주도,제주시,도심,쇼핑,제주도민,50대,여,2018-06-01,22817,77807,2067623021
제주도,제주시,도심,쇼핑,제주도민,50대,남,2018-06-01,29657,103937,2177239144
제주도,제주시,도심,쇼핑,제주도민,40대,여,2018-06-01,30118,106353,2492025907
제주도,제주시,도심,쇼핑,제주도민,40대,남,2018-06-01,38510,139732,2589749296
제주도,제주시,도심,쇼핑,제주도민,30대,여,2018-06-01,24912,80200,1583551401
제주도,제주시,도심,쇼핑,제주도민,30대,남,2018-06-01,31933,116755,1660316990
제주도,제주시,도심,쇼핑,제주도민,20대미만,여,2018-06-01,1462,4348,21123030
제주도,제주시,도심,쇼핑,제주도민,20대미만,남,2018-06-01,1760,6688,30517671
제주도,제주시,도심,쇼핑,제주도민,20대,여,2018-06-01,21116,71357,795698172
제주도,제주시,도심,쇼핑,제주도민,20대,남,2018-06-01,22962,89178,776441632
제주도,제주시,도심,쇼핑,내국인관광객,60대이상,여,2018-06-01,5856,11089,503257957
제주도,제주시,도심,쇼핑,내국인관광객,60대이상,남,2018-06-01,8500,16903,697701216
제주도,제주시,도심,쇼핑,내국인관광객,50대,여,2018-06-01,12296,22952,993284875
제주도,제주시,도심,쇼핑,내국인관광객,50대,남,2018-06-01,19337,41865,1442012888
제주도,제주시,도심,쇼핑,내국인관광객,40대,여,2018-06-01,15666,30647,1167390824
제주도,제주시,도심,쇼핑,내국인관광객,40대,남,2018-06-01,25824,56554,1678999018
제주도,제주시,도심,쇼핑,내국인관광객,30대,여,2018-06-01,20804,38222,1290878449
제주도,제주시,도심,쇼핑,내국인관광객,30대,남,2018-06-01,26540,55768,1441070907
제주도,제주시,도심,쇼핑,내국인관광객,20대미만,여,2018-06-01,508,874,19967990
제주도,제주시,도심,쇼핑,내국인관광객,20대미만,남,2018-06-01,415,650,8067580
제주도,제주시,도심,쇼핑,내국인관광객,20대,여,2018-06-01,18733,34797,798033318
제주도,제주시,도심,쇼핑,내국인관광객,20대,남,2018-06-01,17051,39849,650703137
제주도,제주시,도심,소매,제주도민,60대이상,여,2018-06-01,5942,9023,808190235
제주도,제주시,도심,소매,제주도민,60대이상,남,2018-06-01,5466,7912,694390728
제주도,제주시,도심,소매,제주도민,50대,여,2018-06-01,9048,14221,1292379269
제주도,제주시,도심,소매,제주도민,50대,남,2018-06-01,8042,11927,1117688882
제주도,제주시,도심,소매,제주도민,40대,여,2018-06-01,10681,17716,1179333053
제주도,제주시,도심,소매,제주도민,40대,남,2018-06-01,8860,14026,1043296079
제주도,제주시,도심,소매,제주도민,30대,여,2018-06-01,7626,12266,656558595
제주도,제주시,도심,소매,제주도민,30대,남,2018-06-01,5860,8758,500173753
제주도,제주시,도심,소매,제주도민,20대미만,여,2018-06-01,367,675,11387450
제주도,제주시,도심,소매,제주도민,20대미만,남,2018-06-01,313,516,11715430
제주도,제주시,도심,소매,제주도민,20대,여,2018-06-01,5514,8448,378347221
제주도,제주시,도심,소매,제주도민,20대,남,2018-06-01,3684,5402,265260686
제주도,제주시,도심,소매,내국인관광객,60대이상,여,2018-06-01,3201,3925,225884689
제주도,제주시,도심,소매,내국인관광객,60대이상,남,2018-06-01,3474,4134,243471914
제주도,제주시,도심,소매,내국인관광객,50대,여,2018-06-01,5936,7203,344484358
제주도,제주시,도심,소매,내국인관광객,50대,남,2018-06-01,6266,7616,398357927
제주도,제주시,도심,소매,내국인관광객,40대,여,2018-06-01,6836,8510,330482562
제주도,제주시,도심,소매,내국인관광객,40대,남,2018-06-01,7708,9565,405016167
제주도,제주시,도심,소매,내국인관광객,30대,여,2018-06-01,9294,11546,360979766
제주도,제주시,도심,소매,내국인관광객,30대,남,2018-06-01,8382,10391,354208495
제주도,제주시,도심,소매,내국인관광객,20대미만,여,2018-06-01,369,455,8132600
제주도,제주시,도심,소매,내국인관광객,20대미만,남,2018-06-01,306,411,8293550
제주도,제주시,도심,소매,내국인관광객,20대,여,2018-06-01,8646,10863,270492648
제주도,제주시,도심,소매,내국인관광객,20대,남,2018-06-01,4962,6085,173250063
제주도,제주시,도심,문화/레져,제주도민,60대이상,여,2018-06-01,585,788,49353160
제주도,제주시,도심,문화/레져,제주도민,60대이상,남,2018-06-01,1303,1885,121219241
제주도,제주시,도심,문화/레져,제주도민,50대,여,2018-06-01,2031,2898,150779578
제주도,제주시,도심,문화/레져,제주도민,50대,남,2018-06-01,3189,4554,257054280
제주도,제주시,도심,문화/레져,제주도민,40대,여,2018-06-01,4951,7367,230657332
제주도,제주시,도심,문화/레져,제주도민,40대,남,2018-06-01,4828,7223,280528305
제주도,제주시,도심,문화/레져,제주도민,30대,여,2018-06-01,3523,5115,135853607
제주도,제주시,도심,문화/레져,제주도민,30대,남,2018-06-01,3115,5200,128643492
제주도,제주시,도심,문화/레져,제주도민,20대미만,여,2018-06-01,448,815,7601327
제주도,제주시,도심,문화/레져,제주도민,20대미만,남,2018-06-01,634,2020,16111261
제주도,제주시,도심,문화/레져,제주도민,20대,여,2018-06-01,3857,6531,102229812
제주도,제주시,도심,문화/레져,제주도민,20대,남,2018-06-01,4551,13490,135666585
제주도,제주시,도심,문화/레져,내국인관광객,60대이상,여,2018-06-01,178,247,13011392
제주도,제주시,도심,문화/레져,내국인관광객,60대이상,남,2018-06-01,442,572,48370319
제주도,제주시,도심,문화/레져,내국인관광객,50대,여,2018-06-01,458,627,30706027
제주도,제주시,도심,문화/레져,내국인관광객,50대,남,2018-06-01,1046,1400,115077573
제주도,제주시,도심,문화/레져,내국인관광객,40대,여,2018-06-01,815,1219,51116093
제주도,제주시,도심,문화/레져,내국인관광객,40대,남,2018-06-01,1407,1941,101375463
제주도,제주시,도심,문화/레져,내국인관광객,30대,여,2018-06-01,917,1187,34850203
제주도,제주시,도심,문화/레져,내국인관광객,30대,남,2018-06-01,1287,1940,54221335
제주도,제주시,도심,문화/레져,내국인관광객,20대미만,여,2018-06-01,72,107,931800
제주도,제주시,도심,문화/레져,내국인관광객,20대미만,남,2018-06-01,93,154,1446400
제주도,제주시,도심,문화/레져,내국인관광객,20대,여,2018-06-01,1212,1834,29393125
제주도,제주시,도심,문화/레져,내국인관광객,20대,남,2018-06-01,1839,4315,42824540
제주도,제주시,도심,교통,제주도민,60대이상,여,2018-06-01,2769,3921,211315718
제주도,제주시,도심,교통,제주도민,60대이상,남,2018-06-01,6327,9784,638918215
제주도,제주시,도심,교통,제주도민,50대,여,2018-06-01,6100,8736,487389950
제주도,제주시,도심,교통,제주도민,50대,남,2018-06-01,9774,15213,902994549
제주도,제주시,도심,교통,제주도민,40대,여,2018-06-01,7087,10168,513168714
제주도,제주시,도심,교통,제주도민,40대,남,2018-06-01,10620,15968,876678491
제주도,제주시,도심,교통,제주도민,30대,여,2018-06-01,5049,6871,311132126
제주도,제주시,도심,교통,제주도민,30대,남,2018-06-01,7261,10482,501268853
제주도,제주시,도심,교통,제주도민,20대미만,여,2018-06-01,15,16,595652
제주도,제주시,도심,교통,제주도민,20대미만,남,2018-06-01,29,33,1233500
제주도,제주시,도심,교통,제주도민,20대,여,2018-06-01,2337,2949,121740602
제주도,제주시,도심,교통,제주도민,20대,남,2018-06-01,3250,4485,180952838
제주도,제주시,도심,교통,내국인관광객,60대이상,여,2018-06-01,1337,1495,135390623
제주도,제주시,도심,교통,내국인관광객,60대이상,남,2018-06-01,2834,3346,283478879
제주도,제주시,도심,교통,내국인관광객,50대,여,2018-06-01,3742,4094,370581137
제주도,제주시,도심,교통,내국인관광객,50대,남,2018-06-01,6827,7885,666222474
제주도,제주시,도심,교통,내국인관광객,40대,여,2018-06-01,6014,6714,601162313
제주도,제주시,도심,교통,내국인관광객,40대,남,2018-06-01,9835,11256,902300707
제주도,제주시,도심,교통,내국인관광객,30대,여,2018-06-01,8932,9559,815180913
제주도,제주시,도심,교통,내국인관광객,30대,남,2018-06-01,11659,13011,958581300
제주도,제주시,도심,교통,내국인관광객,20대미만,여,2018-06-01,25,21,2513490
제주도,제주시,도심,교통,내국인관광객,20대미만,남,2018-06-01,27,29,2393370
제주도,제주시,도심,교통,내국인관광객,20대,여,2018-06-01,6813,6907,652269160
제주도,제주시,도심,교통,내국인관광객,20대,남,2018-06-01,6022,6495,516417791
제주도,서귀포시,읍면,유흥,제주도민,60대이상,여,2018-06-01,40,50,5016750
제주도,서귀포시,읍면,유흥,제주도민,60대이상,남,2018-06-01,188,325,42585900
제주도,서귀포시,읍면,유흥,제주도민,50대,여,2018-06-01,87,137,14437330
제주도,서귀포시,읍면,유흥,제주도민,50대,남,2018-06-01,400,802,122634900
제주도,서귀포시,읍면,유흥,제주도민,40대,여,2018-06-01,88,123,9112000
제주도,서귀포시,읍면,유흥,제주도민,40대,남,2018-06-01,365,708,115463250
제주도,서귀포시,읍면,유흥,제주도민,30대,여,2018-06-01,42,66,4346900
제주도,서귀포시,읍면,유흥,제주도민,30대,남,2018-06-01,153,224,34312900
제주도,서귀포시,읍면,유흥,제주도민,20대미만,여,2018-06-01,3,12,1690000
제주도,서귀포시,읍면,유흥,제주도민,20대미만,남,2018-06-01,7,6,785650
제주도,서귀포시,읍면,유흥,제주도민,20대,여,2018-06-01,34,37,1974300
제주도,서귀포시,읍면,유흥,제주도민,20대,남,2018-06-01,80,111,9581800
제주도,서귀포시,읍면,유흥,내국인관광객,60대이상,여,2018-06-01,23,31,2713800
제주도,서귀포시,읍면,유흥,내국인관광객,60대이상,남,2018-06-01,60,91,10848000
제주도,서귀포시,읍면,유흥,내국인관광객,50대,여,2018-06-01,47,71,5256600
제주도,서귀포시,읍면,유흥,내국인관광객,50대,남,2018-06-01,147,262,43444000
제주도,서귀포시,읍면,유흥,내국인관광객,40대,여,2018-06-01,44,59,3693700
제주도,서귀포시,읍면,유흥,내국인관광객,40대,남,2018-06-01,125,197,28492000
제주도,서귀포시,읍면,유흥,내국인관광객,30대,여,2018-06-01,56,71,3721400
제주도,서귀포시,읍면,유흥,내국인관광객,30대,남,2018-06-01,103,178,17489700
제주도,서귀포시,읍면,유흥,내국인관광객,20대미만,남,2018-06-01,1,1,40000
제주도,서귀포시,읍면,유흥,내국인관광객,20대,여,2018-06-01,50,56,2221400
제주도,서귀포시,읍면,유흥,내국인관광객,20대,남,2018-06-01,64,81,3962200
제주도,서귀포시,읍면,식음료,제주도민,60대이상,여,2018-06-01,1082,1992,83417586
제주도,서귀포시,읍면,식음료,제주도민,60대이상,남,2018-06-01,2502,5448,241477825
제주도,서귀포시,읍면,식음료,제주도민,50대,여,2018-06-01,2207,4742,166699006
제주도,서귀포시,읍면,식음료,제주도민,50대,남,2018-06-01,3528,8619,361819435
제주도,서귀포시,읍면,식음료,제주도민,40대,여,2018-06-01,2654,6553,183272078
제주도,서귀포시,읍면,식음료,제주도민,40대,남,2018-06-01,3803,9387,334118395
제주도,서귀포시,읍면,식음료,제주도민,30대,여,2018-06-01,2219,4832,116310240
제주도,서귀포시,읍면,식음료,제주도민,30대,남,2018-06-01,2505,5294,152020904
제주도,서귀포시,읍면,식음료,제주도민,20대미만,여,2018-06-01,51,170,3883140
제주도,서귀포시,읍면,식음료,제주도민,20대미만,남,2018-06-01,73,166,2966350
제주도,서귀포시,읍면,식음료,제주도민,20대,여,2018-06-01,1207,2406,52668749
제주도,서귀포시,읍면,식음료,제주도민,20대,남,2018-06-01,1157,2499,65975390
제주도,서귀포시,읍면,식음료,내국인관광객,60대이상,여,2018-06-01,1938,2814,119897706
제주도,서귀포시,읍면,식음료,내국인관광객,60대이상,남,2018-06-01,2854,4345,210250796
제주도,서귀포시,읍면,식음료,내국인관광객,50대,여,2018-06-01,4017,5681,231528386
제주도,서귀포시,읍면,식음료,내국인관광객,50대,남,2018-06-01,5168,8245,364027761
제주도,서귀포시,읍면,식음료,내국인관광객,40대,여,2018-06-01,6009,9421,331038546
제주도,서귀포시,읍면,식음료,내국인관광객,40대,남,2018-06-01,7921,12487,475816656
제주도,서귀포시,읍면,식음료,내국인관광객,30대,여,2018-06-01,9100,13721,430210104
제주도,서귀포시,읍면,식음료,내국인관광객,30대,남,2018-06-01,9550,14783,487799289
제주도,서귀포시,읍면,식음료,내국인관광객,20대미만,여,2018-06-01,261,352,6139056
제주도,서귀포시,읍면,식음료,내국인관광객,20대미만,남,2018-06-01,160,275,6159075
제주도,서귀포시,읍면,식음료,내국인관광객,20대,여,2018-06-01,7258,10681,277414524
제주도,서귀포시,읍면,식음료,내국인관광객,20대,남,2018-06-01,4799,7280,195233184
제주도,서귀포시,읍면,숙박,제주도민,60대이상,여,2018-06-01,47,67,2777920
제주도,서귀포시,읍면,숙박,제주도민,60대이상,남,2018-06-01,66,94,5414360
제주도,서귀포시,읍면,숙박,제주도민,50대,여,2018-06-01,86,106,5064080
제주도,서귀포시,읍면,숙박,제주도민,50대,남,2018-06-01,142,182,10171760
제주도,서귀포시,읍면,숙박,제주도민,40대,여,2018-06-01,222,384,15889614
제주도,서귀포시,읍면,숙박,제주도민,40대,남,2018-06-01,287,536,29283665
제주도,서귀포시,읍면,숙박,제주도민,30대,여,2018-06-01,275,469,16091726
제주도,서귀포시,읍면,숙박,제주도민,30대,남,2018-06-01,266,412,20026290
제주도,서귀포시,읍면,숙박,제주도민,20대미만,여,2018-06-01,8,12,200530
제주도,서귀포시,읍면,숙박,제주도민,20대미만,남,2018-06-01,3,4,114000
제주도,서귀포시,읍면,숙박,제주도민,20대,여,2018-06-01,182,241,5112575
제주도,서귀포시,읍면,숙박,제주도민,20대,남,2018-06-01,139,183,5738060
제주도,서귀포시,읍면,숙박,내국인관광객,60대이상,여,2018-06-01,290,382,23794598
제주도,서귀포시,읍면,숙박,내국인관광객,60대이상,남,2018-06-01,432,579,43443452
제주도,서귀포시,읍면,숙박,내국인관광객,50대,여,2018-06-01,776,987,45519067
제주도,서귀포시,읍면,숙박,내국인관광객,50대,남,2018-06-01,833,1106,81066179
제주도,서귀포시,읍면,숙박,내국인관광객,40대,여,2018-06-01,1265,1736,90540927
제주도,서귀포시,읍면,숙박,내국인관광객,40대,남,2018-06-01,1395,2028,125939203
제주도,서귀포시,읍면,숙박,내국인관광객,30대,여,2018-06-01,1897,2542,123980937
제주도,서귀포시,읍면,숙박,내국인관광객,30대,남,2018-06-01,1639,2206,110345153
제주도,서귀포시,읍면,숙박,내국인관광객,20대미만,여,2018-06-01,62,70,748900
제주도,서귀포시,읍면,숙박,내국인관광객,20대미만,남,2018-06-01,62,68,616150
제주도,서귀포시,읍면,숙박,내국인관광객,20대,여,2018-06-01,1736,2166,51421740
제주도,서귀포시,읍면,숙박,내국인관광객,20대,남,2018-06-01,797,969,23810488
제주도,서귀포시,읍면,쇼핑,제주도민,60대이상,여,2018-06-01,1127,4117,133748045
제주도,서귀포시,읍면,쇼핑,제주도민,60대이상,남,2018-06-01,2171,7975,208808700
제주도,서귀포시,읍면,쇼핑,제주도민,50대,여,2018-06-01,2134,8566,221384445
제주도,서귀포시,읍면,쇼핑,제주도민,50대,남,2018-06-01,3589,14284,296735754
제주도,서귀포시,읍면,쇼핑,제주도민,40대,여,2018-06-01,2612,11002,209417455
제주도,서귀포시,읍면,쇼핑,제주도민,40대,남,2018-06-01,4639,18183,312656978
제주도,서귀포시,읍면,쇼핑,제주도민,30대,여,2018-06-01,2014,7230,102666680
제주도,서귀포시,읍면,쇼핑,제주도민,30대,남,2018-06-01,3390,12364,139063705
제주도,서귀포시,읍면,쇼핑,제주도민,20대미만,여,2018-06-01,73,412,1996900
제주도,서귀포시,읍면,쇼핑,제주도민,20대미만,남,2018-06-01,119,594,3252210
제주도,서귀포시,읍면,쇼핑,제주도민,20대,여,2018-06-01,1165,4964,44492072
제주도,서귀포시,읍면,쇼핑,제주도민,20대,남,2018-06-01,1920,9003,78813040
제주도,서귀포시,읍면,쇼핑,내국인관광객,60대이상,여,2018-06-01,1202,2745,51326600
제주도,서귀포시,읍면,쇼핑,내국인관광객,60대이상,남,2018-06-01,1760,4086,76275870
제주도,서귀포시,읍면,쇼핑,내국인관광객,50대,여,2018-06-01,2361,5045,93669920
제주도,서귀포시,읍면,쇼핑,내국인관광객,50대,남,2018-06-01,3861,9493,140816840
제주도,서귀포시,읍면,쇼핑,내국인관광객,40대,여,2018-06-01,4024,8018,126142944
제주도,서귀포시,읍면,쇼핑,내국인관광객,40대,남,2018-06-01,6621,14948,206887765
제주도,서귀포시,읍면,쇼핑,내국인관광객,30대,여,2018-06-01,5655,10518,143921070
제주도,서귀포시,읍면,쇼핑,내국인관광객,30대,남,2018-06-01,7520,16050,190999535
제주도,서귀포시,읍면,쇼핑,내국인관광객,20대미만,여,2018-06-01,204,356,2229930
제주도,서귀포시,읍면,쇼핑,내국인관광객,20대미만,남,2018-06-01,269,507,3170240
제주도,서귀포시,읍면,쇼핑,내국인관광객,20대,여,2018-06-01,4276,8363,77373946
제주도,서귀포시,읍면,쇼핑,내국인관광객,20대,남,2018-06-01,4356,10441,94082100
제주도,서귀포시,읍면,소매,제주도민,60대이상,여,2018-06-01,454,898,49132738
제주도,서귀포시,읍면,소매,제주도민,60대이상,남,2018-06-01,580,958,54055910
제주도,서귀포시,읍면,소매,제주도민,50대,여,2018-06-01,787,1652,97871628
제주도,서귀포시,읍면,소매,제주도민,50대,남,2018-06-01,892,1761,80431979
제주도,서귀포시,읍면,소매,제주도민,40대,여,2018-06-01,828,1455,54697016
제주도,서귀포시,읍면,소매,제주도민,40대,남,2018-06-01,1008,1921,103522051
제주도,서귀포시,읍면,소매,제주도민,30대,여,2018-06-01,625,1149,34390395
제주도,서귀포시,읍면,소매,제주도민,30대,남,2018-06-01,639,1162,33043529
제주도,서귀포시,읍면,소매,제주도민,20대미만,여,2018-06-01,19,28,231480
제주도,서귀포시,읍면,소매,제주도민,20대미만,남,2018-06-01,17,35,803170
제주도,서귀포시,읍면,소매,제주도민,20대,여,2018-06-01,226,361,10560460
제주도,서귀포시,읍면,소매,제주도민,20대,남,2018-06-01,345,663,11162940
제주도,서귀포시,읍면,소매,내국인관광객,60대이상,여,2018-06-01,918,1207,118070540
제주도,서귀포시,읍면,소매,내국인관광객,60대이상,남,2018-06-01,931,1239,101085870
제주도,서귀포시,읍면,소매,내국인관광객,50대,여,2018-06-01,1370,1765,117980205
제주도,서귀포시,읍면,소매,내국인관광객,50대,남,2018-06-01,1375,1810,105329768
제주도,서귀포시,읍면,소매,내국인관광객,40대,여,2018-06-01,1730,2328,96439680
제주도,서귀포시,읍면,소매,내국인관광객,40대,남,2018-06-01,2223,3114,119219088
제주도,서귀포시,읍면,소매,내국인관광객,30대,여,2018-06-01,2265,2932,91986863
제주도,서귀포시,읍면,소매,내국인관광객,30대,남,2018-06-01,2187,2890,89591486
제주도,서귀포시,읍면,소매,내국인관광객,20대미만,여,2018-06-01,62,72,951850
제주도,서귀포시,읍면,소매,내국인관광객,20대미만,남,2018-06-01,46,51,849300
제주도,서귀포시,읍면,소매,내국인관광객,20대,여,2018-06-01,1311,1577,39588830
제주도,서귀포시,읍면,소매,내국인관광객,20대,남,2018-06-01,934,1313,30132750
제주도,서귀포시,읍면,문화/레져,제주도민,60대이상,여,2018-06-01,186,268,17809480
제주도,서귀포시,읍면,문화/레져,제주도민,60대이상,남,2018-06-01,730,1339,101183970
제주도,서귀포시,읍면,문화/레져,제주도민,50대,여,2018-06-01,464,644,44027020
제주도,서귀포시,읍면,문화/레져,제주도민,50대,남,2018-06-01,1127,1622,139981140
제주도,서귀포시,읍면,문화/레져,제주도민,40대,여,2018-06-01,618,809,47959825
제주도,서귀포시,읍면,문화/레져,제주도민,40대,남,2018-06-01,1053,1404,110683670
제주도,서귀포시,읍면,문화/레져,제주도민,30대,여,2018-06-01,578,708,24395000
제주도,서귀포시,읍면,문화/레져,제주도민,30대,남,2018-06-01,549,688,29407624
제주도,서귀포시,읍면,문화/레져,제주도민,20대미만,여,2018-06-01,7,9,191480
제주도,서귀포시,읍면,문화/레져,제주도민,20대미만,남,2018-06-01,14,42,279293
제주도,서귀포시,읍면,문화/레져,제주도민,20대,여,2018-06-01,206,238,5606515
제주도,서귀포시,읍면,문화/레져,제주도민,20대,남,2018-06-01,186,236,6525770
제주도,서귀포시,읍면,문화/레져,내국인관광객,60대이상,여,2018-06-01,598,808,53826300
제주도,서귀포시,읍면,문화/레져,내국인관광객,60대이상,남,2018-06-01,1038,1453,174365132
제주도,서귀포시,읍면,문화/레져,내국인관광객,50대,여,2018-06-01,1243,1508,84191356
제주도,서귀포시,읍면,문화/레져,내국인관광객,50대,남,2018-06-01,1731,2180,178087800
제주도,서귀포시,읍면,문화/레져,내국인관광객,40대,여,2018-06-01,2292,2893,123561126
제주도,서귀포시,읍면,문화/레져,내국인관광객,40대,남,2018-06-01,2864,3713,203682228
제주도,서귀포시,읍면,문화/레져,내국인관광객,30대,여,2018-06-01,3002,3748,128218098
제주도,서귀포시,읍면,문화/레져,내국인관광객,30대,남,2018-06-01,2847,3639,135642642
제주도,서귀포시,읍면,문화/레져,내국인관광객,20대미만,여,2018-06-01,40,44,496900
제주도,서귀포시,읍면,문화/레져,내국인관광객,20대미만,남,2018-06-01,24,33,277900
제주도,서귀포시,읍면,문화/레져,내국인관광객,20대,여,2018-06-01,1776,2035,55987509
제주도,서귀포시,읍면,문화/레져,내국인관광객,20대,남,2018-06-01,1227,1440,38497529
제주도,서귀포시,읍면,교통,제주도민,60대이상,여,2018-06-01,687,1206,66541254
제주도,서귀포시,읍면,교통,제주도민,60대이상,남,2018-06-01,3487,6920,312006121
제주도,서귀포시,읍면,교통,제주도민,50대,여,2018-06-01,1056,1847,101242956
제주도,서귀포시,읍면,교통,제주도민,50대,남,2018-06-01,2479,4857,281968676
제주도,서귀포시,읍면,교통,제주도민,40대,여,2018-06-01,1047,1810,100803335
제주도,서귀포시,읍면,교통,제주도민,40대,남,2018-06-01,1975,3837,239644620
제주도,서귀포시,읍면,교통,제주도민,30대,여,2018-06-01,676,1107,53678473
제주도,서귀포시,읍면,교통,제주도민,30대,남,2018-06-01,1047,1755,96633774
제주도,서귀포시,읍면,교통,제주도민,20대미만,여,2018-06-01,2,7,250000
제주도,서귀포시,읍면,교통,제주도민,20대미만,남,2018-06-01,6,13,403318
제주도,서귀포시,읍면,교통,제주도민,20대,여,2018-06-01,257,383,14228979
제주도,서귀포시,읍면,교통,제주도민,20대,남,2018-06-01,373,593,23439912
제주도,서귀포시,읍면,교통,내국인관광객,60대이상,여,2018-06-01,250,320,16149195
제주도,서귀포시,읍면,교통,내국인관광객,60대이상,남,2018-06-01,510,653,31889816
제주도,서귀포시,읍면,교통,내국인관광객,50대,여,2018-06-01,567,721,35249003
제주도,서귀포시,읍면,교통,내국인관광객,50대,남,2018-06-01,1056,1320,60244267
제주도,서귀포시,읍면,교통,내국인관광객,40대,여,2018-06-01,789,930,36649421
제주도,서귀포시,읍면,교통,내국인관광객,40대,남,2018-06-01,1516,1850,77226525
제주도,서귀포시,읍면,교통,내국인관광객,30대,여,2018-06-01,1091,1250,41240799
제주도,서귀포시,읍면,교통,내국인관광객,30대,남,2018-06-01,1599,1843,67496138
제주도,서귀포시,읍면,교통,내국인관광객,20대미만,여,2018-06-01,2,2,80000
제주도,서귀포시,읍면,교통,내국인관광객,20대미만,남,2018-06-01,2,2,80000
제주도,서귀포시,읍면,교통,내국인관광객,20대,여,2018-06-01,721,794,25138966
제주도,서귀포시,읍면,교통,내국인관광객,20대,남,2018-06-01,756,865,25969299
제주도,서귀포시,도심,유흥,제주도민,60대이상,여,2018-06-01,59,78,8340200
제주도,서귀포시,도심,유흥,제주도민,60대이상,남,2018-06-01,295,468,60069140
제주도,서귀포시,도심,유흥,제주도민,50대,여,2018-06-01,167,206,15247810
제주도,서귀포시,도심,유흥,제주도민,50대,남,2018-06-01,833,1200,189914537
제주도,서귀포시,도심,유흥,제주도민,40대,여,2018-06-01,299,379,29101400
제주도,서귀포시,도심,유흥,제주도민,40대,남,2018-06-01,981,1354,250533320
제주도,서귀포시,도심,유흥,제주도민,30대,여,2018-06-01,175,226,14129800
제주도,서귀포시,도심,유흥,제주도민,30대,남,2018-06-01,532,749,84743300
제주도,서귀포시,도심,유흥,제주도민,20대미만,여,2018-06-01,4,7,286900
제주도,서귀포시,도심,유흥,제주도민,20대미만,남,2018-06-01,4,4,207000
제주도,서귀포시,도심,유흥,제주도민,20대,여,2018-06-01,251,364,14848200
제주도,서귀포시,도심,유흥,제주도민,20대,남,2018-06-01,386,616,37341100
제주도,서귀포시,도심,유흥,내국인관광객,60대이상,여,2018-06-01,36,42,5642800
제주도,서귀포시,도심,유흥,내국인관광객,60대이상,남,2018-06-01,79,112,11893700
제주도,서귀포시,도심,유흥,내국인관광객,50대,여,2018-06-01,69,77,5767800
제주도,서귀포시,도심,유흥,내국인관광객,50대,남,2018-06-01,215,295,42262900
제주도,서귀포시,도심,유흥,내국인관광객,40대,여,2018-06-01,73,92,9388500
제주도,서귀포시,도심,유흥,내국인관광객,40대,남,2018-06-01,268,368,56426600
제주도,서귀포시,도심,유흥,내국인관광객,30대,여,2018-06-01,129,155,7599400
제주도,서귀포시,도심,유흥,내국인관광객,30대,남,2018-06-01,300,400,27601300
제주도,서귀포시,도심,유흥,내국인관광객,20대미만,여,2018-06-01,1,1,33000
제주도,서귀포시,도심,유흥,내국인관광객,20대미만,남,2018-06-01,1,1,50000
제주도,서귀포시,도심,유흥,내국인관광객,20대,여,2018-06-01,182,250,10631200
제주도,서귀포시,도심,유흥,내국인관광객,20대,남,2018-06-01,243,341,16376400
제주도,서귀포시,도심,식음료,제주도민,60대이상,여,2018-06-01,2500,3861,139025760
제주도,서귀포시,도심,식음료,제주도민,60대이상,남,2018-06-01,4802,8149,342434910
제주도,서귀포시,도심,식음료,제주도민,50대,여,2018-06-01,5325,9558,282114655
제주도,서귀포시,도심,식음료,제주도민,50대,남,2018-06-01,7579,14666,557511928
제주도,서귀포시,도심,식음료,제주도민,40대,여,2018-06-01,7624,14916,368964559
제주도,서귀포시,도심,식음료,제주도민,40대,남,2018-06-01,9643,19064,639568359
제주도,서귀포시,도심,식음료,제주도민,30대,여,2018-06-01,6451,12107,254576487
제주도,서귀포시,도심,식음료,제주도민,30대,남,2018-06-01,6896,13472,358776636
제주도,서귀포시,도심,식음료,제주도민,20대미만,여,2018-06-01,310,538,6493110
제주도,서귀포시,도심,식음료,제주도민,20대미만,남,2018-06-01,208,322,4930150
제주도,서귀포시,도심,식음료,제주도민,20대,여,2018-06-01,3897,7045,131322604
제주도,서귀포시,도심,식음료,제주도민,20대,남,2018-06-01,3595,6658,145494711
제주도,서귀포시,도심,식음료,내국인관광객,60대이상,여,2018-06-01,2316,3067,128878760
제주도,서귀포시,도심,식음료,내국인관광객,60대이상,남,2018-06-01,3423,4826,228613880
제주도,서귀포시,도심,식음료,내국인관광객,50대,여,2018-06-01,4387,5835,244722710
제주도,서귀포시,도심,식음료,내국인관광객,50대,남,2018-06-01,6284,9179,397553665
제주도,서귀포시,도심,식음료,내국인관광객,40대,여,2018-06-01,6642,9271,330926217
제주도,서귀포시,도심,식음료,내국인관광객,40대,남,2018-06-01,10029,14572,572359880
제주도,서귀포시,도심,식음료,내국인관광객,30대,여,2018-06-01,11051,15384,485204698
제주도,서귀포시,도심,식음료,내국인관광객,30대,남,2018-06-01,12290,17593,578241243
제주도,서귀포시,도심,식음료,내국인관광객,20대미만,여,2018-06-01,142,196,2171500
제주도,서귀포시,도심,식음료,내국인관광객,20대미만,남,2018-06-01,133,155,2225710
제주도,서귀포시,도심,식음료,내국인관광객,20대,여,2018-06-01,9108,12627,328379725
제주도,서귀포시,도심,식음료,내국인관광객,20대,남,2018-06-01,6968,10051,265635894
제주도,서귀포시,도심,숙박,제주도민,60대이상,여,2018-06-01,62,74,32815290
제주도,서귀포시,도심,숙박,제주도민,60대이상,남,2018-06-01,114,145,40617254
제주도,서귀포시,도심,숙박,제주도민,50대,여,2018-06-01,106,150,16353159
제주도,서귀포시,도심,숙박,제주도민,50대,남,2018-06-01,189,249,19773706
제주도,서귀포시,도심,숙박,제주도민,40대,여,2018-06-01,139,204,22119065
제주도,서귀포시,도심,숙박,제주도민,40대,남,2018-06-01,282,410,42415637
제주도,서귀포시,도심,숙박,제주도민,30대,여,2018-06-01,141,225,22607798
제주도,서귀포시,도심,숙박,제주도민,30대,남,2018-06-01,191,279,30864034
제주도,서귀포시,도심,숙박,제주도민,20대미만,여,2018-06-01,3,5,195000
제주도,서귀포시,도심,숙박,제주도민,20대,여,2018-06-01,83,118,5846003
제주도,서귀포시,도심,숙박,제주도민,20대,남,2018-06-01,111,145,10820107
제주도,서귀포시,도심,숙박,내국인관광객,60대이상,여,2018-06-01,260,321,54689971
제주도,서귀포시,도심,숙박,내국인관광객,60대이상,남,2018-06-01,451,578,93049767
제주도,서귀포시,도심,숙박,내국인관광객,50대,여,2018-06-01,542,679,104825502
제주도,서귀포시,도심,숙박,내국인관광객,50대,남,2018-06-01,874,1123,175982214
제주도,서귀포시,도심,숙박,내국인관광객,40대,여,2018-06-01,987,1229,191936850
제주도,서귀포시,도심,숙박,내국인관광객,40대,남,2018-06-01,1517,2058,281970466
제주도,서귀포시,도심,숙박,내국인관광객,30대,여,2018-06-01,1584,1977,286163766
제주도,서귀포시,도심,숙박,내국인관광객,30대,남,2018-06-01,1703,2205,332371088
제주도,서귀포시,도심,숙박,내국인관광객,20대미만,여,2018-06-01,2,4,310002
제주도,서귀포시,도심,숙박,내국인관광객,20대미만,남,2018-06-01,3,7,2096244
제주도,서귀포시,도심,숙박,내국인관광객,20대,여,2018-06-01,898,1057,124411077
제주도,서귀포시,도심,숙박,내국인관광객,20대,남,2018-06-01,620,758,73504135
제주도,서귀포시,도심,쇼핑,제주도민,60대이상,여,2018-06-01,3149,9361,336845906
제주도,서귀포시,도심,쇼핑,제주도민,60대이상,남,2018-06-01,4371,12475,390871858
제주도,서귀포시,도심,쇼핑,제주도민,50대,여,2018-06-01,5307,17217,532285815
제주도,서귀포시,도심,쇼핑,제주도민,50대,남,2018-06-01,6847,21867,509594101
제주도,서귀포시,도심,쇼핑,제주도민,40대,여,2018-06-01,6891,22242,587894072
제주도,서귀포시,도심,쇼핑,제주도민,40대,남,2018-06-01,9797,32832,637500160
제주도,서귀포시,도심,쇼핑,제주도민,30대,여,2018-06-01,5636,16007,356146718
제주도,서귀포시,도심,쇼핑,제주도민,30대,남,2018-06-01,7234,23534,360024320
제주도,서귀포시,도심,쇼핑,제주도민,20대미만,여,2018-06-01,283,804,6418810
제주도,서귀포시,도심,쇼핑,제주도민,20대미만,남,2018-06-01,287,792,3669790
제주도,서귀포시,도심,쇼핑,제주도민,20대,여,2018-06-01,3316,9354,125601832
제주도,서귀포시,도심,쇼핑,제주도민,20대,남,2018-06-01,4136,12866,122848318
제주도,서귀포시,도심,쇼핑,내국인관광객,60대이상,여,2018-06-01,1818,3692,116890410
제주도,서귀포시,도심,쇼핑,내국인관광객,60대이상,남,2018-06-01,2515,5297,135935220
제주도,서귀포시,도심,쇼핑,내국인관광객,50대,여,2018-06-01,3411,6223,177427564
제주도,서귀포시,도심,쇼핑,내국인관광객,50대,남,2018-06-01,5186,11363,249533050
제주도,서귀포시,도심,쇼핑,내국인관광객,40대,여,2018-06-01,5252,9740,225085700
제주도,서귀포시,도심,쇼핑,내국인관광객,40대,남,2018-06-01,9044,18404,360878990
제주도,서귀포시,도심,쇼핑,내국인관광객,30대,여,2018-06-01,8109,13448,282122390
제주도,서귀포시,도심,쇼핑,내국인관광객,30대,남,2018-06-01,10689,20134,340298633
제주도,서귀포시,도심,쇼핑,내국인관광객,20대미만,여,2018-06-01,163,286,1770540
제주도,서귀포시,도심,쇼핑,내국인관광객,20대미만,남,2018-06-01,262,393,2396250
제주도,서귀포시,도심,쇼핑,내국인관광객,20대,여,2018-06-01,6667,11577,159414510
제주도,서귀포시,도심,쇼핑,내국인관광객,20대,남,2018-06-01,6682,14066,164683000
제주도,서귀포시,도심,소매,제주도민,60대이상,여,2018-06-01,1427,2378,220549920
제주도,서귀포시,도심,소매,제주도민,60대이상,남,2018-06-01,1306,1909,171483162
제주도,서귀포시,도심,소매,제주도민,50대,여,2018-06-01,2200,3432,319984918
제주도,서귀포시,도심,소매,제주도민,50대,남,2018-06-01,1701,2569,236476033
제주도,서귀포시,도심,소매,제주도민,40대,여,2018-06-01,2262,3390,208206418
제주도,서귀포시,도심,소매,제주도민,40대,남,2018-06-01,2044,3074,203912834
제주도,서귀포시,도심,소매,제주도민,30대,여,2018-06-01,1521,2241,120564393
제주도,서귀포시,도심,소매,제주도민,30대,남,2018-06-01,1220,1760,78778876
제주도,서귀포시,도심,소매,제주도민,20대미만,여,2018-06-01,80,96,1549716
제주도,서귀포시,도심,소매,제주도민,20대미만,남,2018-06-01,27,32,743000
제주도,서귀포시,도심,소매,제주도민,20대,여,2018-06-01,805,1056,35974062
제주도,서귀포시,도심,소매,제주도민,20대,남,2018-06-01,573,813,29508350
제주도,서귀포시,도심,소매,내국인관광객,60대이상,여,2018-06-01,985,1293,131165239
제주도,서귀포시,도심,소매,내국인관광객,60대이상,남,2018-06-01,912,1161,124192047
제주도,서귀포시,도심,소매,내국인관광객,50대,여,2018-06-01,1597,2033,128162625
제주도,서귀포시,도심,소매,내국인관광객,50대,남,2018-06-01,1556,2084,110938572
제주도,서귀포시,도심,소매,내국인관광객,40대,여,2018-06-01,2005,2664,97885392
제주도,서귀포시,도심,소매,내국인관광객,40대,남,2018-06-01,2282,3005,113095900
제주도,서귀포시,도심,소매,내국인관광객,30대,여,2018-06-01,2944,4097,115163246
제주도,서귀포시,도심,소매,내국인관광객,30대,남,2018-06-01,2757,3826,117101878
제주도,서귀포시,도심,소매,내국인관광객,20대미만,여,2018-06-01,74,88,1379550
제주도,서귀포시,도심,소매,내국인관광객,20대미만,남,2018-06-01,41,46,669600
제주도,서귀포시,도심,소매,내국인관광객,20대,여,2018-06-01,2438,3342,66818850
제주도,서귀포시,도심,소매,내국인관광객,20대,남,2018-06-01,1466,1999,45729730
제주도,서귀포시,도심,문화/레져,제주도민,60대이상,여,2018-06-01,156,273,14272996
제주도,서귀포시,도심,문화/레져,제주도민,60대이상,남,2018-06-01,458,716,44626240
제주도,서귀포시,도심,문화/레져,제주도민,50대,여,2018-06-01,525,705,33558420
제주도,서귀포시,도심,문화/레져,제주도민,50대,남,2018-06-01,909,1298,94031880
제주도,서귀포시,도심,문화/레져,제주도민,40대,여,2018-06-01,1019,1520,55857230
제주도,서귀포시,도심,문화/레져,제주도민,40대,남,2018-06-01,1147,1663,71423179
제주도,서귀포시,도심,문화/레져,제주도민,30대,여,2018-06-01,649,889,19338405
제주도,서귀포시,도심,문화/레져,제주도민,30대,남,2018-06-01,589,937,28608826
제주도,서귀포시,도심,문화/레져,제주도민,20대미만,여,2018-06-01,82,106,1119900
제주도,서귀포시,도심,문화/레져,제주도민,20대미만,남,2018-06-01,69,91,1152900
제주도,서귀포시,도심,문화/레져,제주도민,20대,여,2018-06-01,464,545,11312403
제주도,서귀포시,도심,문화/레져,제주도민,20대,남,2018-06-01,436,571,12033229
제주도,서귀포시,도심,문화/레져,내국인관광객,60대이상,여,2018-06-01,230,310,16212865
제주도,서귀포시,도심,문화/레져,내국인관광객,60대이상,남,2018-06-01,443,626,48236660
제주도,서귀포시,도심,문화/레져,내국인관광객,50대,여,2018-06-01,435,530,28416190
제주도,서귀포시,도심,문화/레져,내국인관광객,50대,남,2018-06-01,769,946,73186565
제주도,서귀포시,도심,문화/레져,내국인관광객,40대,여,2018-06-01,649,838,35613760
제주도,서귀포시,도심,문화/레져,내국인관광객,40대,남,2018-06-01,1029,1278,65772800
제주도,서귀포시,도심,문화/레져,내국인관광객,30대,여,2018-06-01,833,1032,28433700
제주도,서귀포시,도심,문화/레져,내국인관광객,30대,남,2018-06-01,854,1087,34003000
제주도,서귀포시,도심,문화/레져,내국인관광객,20대미만,여,2018-06-01,22,32,323300
제주도,서귀포시,도심,문화/레져,내국인관광객,20대미만,남,2018-06-01,12,13,124000
제주도,서귀포시,도심,문화/레져,내국인관광객,20대,여,2018-06-01,539,621,14416340
제주도,서귀포시,도심,문화/레져,내국인관광객,20대,남,2018-06-01,541,651,16373900
제주도,서귀포시,도심,교통,제주도민,60대이상,여,2018-06-01,983,1502,71411701
제주도,서귀포시,도심,교통,제주도민,60대이상,남,2018-06-01,3299,5517,244306508
제주도,서귀포시,도심,교통,제주도민,50대,여,2018-06-01,1702,2648,144555418
제주도,서귀포시,도심,교통,제주도민,50대,남,2018-06-01,2981,5031,276761323
제주도,서귀포시,도심,교통,제주도민,40대,여,2018-06-01,1866,2867,137995642
제주도,서귀포시,도심,교통,제주도민,40대,남,2018-06-01,3051,5045,276803175
제주도,서귀포시,도심,교통,제주도민,30대,여,2018-06-01,1300,1881,83324673
제주도,서귀포시,도심,교통,제주도민,30대,남,2018-06-01,1838,2871,131842983
제주도,서귀포시,도심,교통,제주도민,20대미만,여,2018-06-01,5,8,303000
제주도,서귀포시,도심,교통,제주도민,20대미만,남,2018-06-01,3,5,71000
제주도,서귀포시,도심,교통,제주도민,20대,여,2018-06-01,441,587,22235820
제주도,서귀포시,도심,교통,제주도민,20대,남,2018-06-01,603,897,34434103
제주도,서귀포시,도심,교통,내국인관광객,60대이상,여,2018-06-01,343,407,19410769
제주도,서귀포시,도심,교통,내국인관광객,60대이상,남,2018-06-01,709,856,41180388
제주도,서귀포시,도심,교통,내국인관광객,50대,여,2018-06-01,670,782,36607312
제주도,서귀포시,도심,교통,내국인관광객,50대,남,2018-06-01,1196,1445,70280912
제주도,서귀포시,도심,교통,내국인관광객,40대,여,2018-06-01,988,1125,49272283
제주도,서귀포시,도심,교통,내국인관광객,40대,남,2018-06-01,1862,2205,88494345
제주도,서귀포시,도심,교통,내국인관광객,30대,여,2018-06-01,1335,1475,52682962
제주도,서귀포시,도심,교통,내국인관광객,30대,남,2018-06-01,1950,2256,82063130
제주도,서귀포시,도심,교통,내국인관광객,20대미만,여,2018-06-01,4,4,165000
제주도,서귀포시,도심,교통,내국인관광객,20대,여,2018-06-01,745,801,26276878
제주도,서귀포시,도심,교통,내국인관광객,20대,남,2018-06-01,852,939,30390369
제주도,제주시,읍면,유흥,제주도민,60대이상,여,2018-05-01,22,27,4189500
제주도,제주시,읍면,유흥,제주도민,60대이상,남,2018-05-01,116,180,24250900
제주도,제주시,읍면,유흥,제주도민,50대,여,2018-05-01,35,41,5902000
제주도,제주시,읍면,유흥,제주도민,50대,남,2018-05-01,245,366,69866800
제주도,제주시,읍면,유흥,제주도민,40대,여,2018-05-01,74,80,5025100
제주도,제주시,읍면,유흥,제주도민,40대,남,2018-05-01,244,420,71293420
제주도,제주시,읍면,유흥,제주도민,30대,여,2018-05-01,57,81,5218700
제주도,제주시,읍면,유흥,제주도민,30대,남,2018-05-01,134,207,24450800
제주도,제주시,읍면,유흥,제주도민,20대미만,여,2018-05-01,1,1,64000
제주도,제주시,읍면,유흥,제주도민,20대미만,남,2018-05-01,4,5,286500
제주도,제주시,읍면,유흥,제주도민,20대,여,2018-05-01,71,77,3101500
제주도,제주시,읍면,유흥,제주도민,20대,남,2018-05-01,69,97,9163000
제주도,제주시,읍면,유흥,내국인관광객,60대이상,여,2018-05-01,23,33,2656900
제주도,제주시,읍면,유흥,내국인관광객,60대이상,남,2018-05-01,43,71,8907000
제주도,제주시,읍면,유흥,내국인관광객,50대,여,2018-05-01,50,62,3489600
제주도,제주시,읍면,유흥,내국인관광객,50대,남,2018-05-01,143,218,30967300
제주도,제주시,읍면,유흥,내국인관광객,40대,여,2018-05-01,69,84,5758500
제주도,제주시,읍면,유흥,내국인관광객,40대,남,2018-05-01,126,181,24201015
제주도,제주시,읍면,유흥,내국인관광객,30대,여,2018-05-01,161,175,5355000
제주도,제주시,읍면,유흥,내국인관광객,30대,남,2018-05-01,183,216,14627800
제주도,제주시,읍면,유흥,내국인관광객,20대미만,여,2018-05-01,1,1,25000
제주도,제주시,읍면,유흥,내국인관광객,20대미만,남,2018-05-01,1,1,10000
제주도,제주시,읍면,유흥,내국인관광객,20대,여,2018-05-01,207,218,5293900
제주도,제주시,읍면,유흥,내국인관광객,20대,남,2018-05-01,110,123,4750900
제주도,제주시,읍면,식음료,제주도민,60대이상,여,2018-05-01,1432,2462,87374485
제주도,제주시,읍면,식음료,제주도민,60대이상,남,2018-05-01,3026,6605,259847269
제주도,제주시,읍면,식음료,제주도민,50대,여,2018-05-01,3154,5710,188271725
제주도,제주시,읍면,식음료,제주도민,50대,남,2018-05-01,5006,11063,403306845
제주도,제주시,읍면,식음료,제주도민,40대,여,2018-05-01,4078,8706,241997923
제주도,제주시,읍면,식음료,제주도민,40대,남,2018-05-01,5542,12441,414689769
제주도,제주시,읍면,식음료,제주도민,30대,여,2018-05-01,3658,6929,170644680
제주도,제주시,읍면,식음료,제주도민,30대,남,2018-05-01,3975,8219,231686250
제주도,제주시,읍면,식음료,제주도민,20대미만,여,2018-05-01,72,102,1581275
제주도,제주시,읍면,식음료,제주도민,20대미만,남,2018-05-01,88,151,2622700
제주도,제주시,읍면,식음료,제주도민,20대,여,2018-05-01,2543,4021,85547460
제주도,제주시,읍면,식음료,제주도민,20대,남,2018-05-01,1948,3546,84387225
제주도,제주시,읍면,식음료,내국인관광객,60대이상,여,2018-05-01,2495,3551,138232030
제주도,제주시,읍면,식음료,내국인관광객,60대이상,남,2018-05-01,3623,5673,242502930
제주도,제주시,읍면,식음료,내국인관광객,50대,여,2018-05-01,5391,7973,283041890
제주도,제주시,읍면,식음료,내국인관광객,50대,남,2018-05-01,6706,10691,401609727
제주도,제주시,읍면,식음료,내국인관광객,40대,여,2018-05-01,7754,12188,400235245
제주도,제주시,읍면,식음료,내국인관광객,40대,남,2018-05-01,9840,15934,569810781
제주도,제주시,읍면,식음료,내국인관광객,30대,여,2018-05-01,12809,20837,577896825
제주도,제주시,읍면,식음료,내국인관광객,30대,남,2018-05-01,12757,20136,590893769
제주도,제주시,읍면,식음료,내국인관광객,20대미만,여,2018-05-01,320,380,4073950
제주도,제주시,읍면,식음료,내국인관광객,20대미만,남,2018-05-01,342,436,5234400
제주도,제주시,읍면,식음료,내국인관광객,20대,여,2018-05-01,11010,17577,402299712
제주도,제주시,읍면,식음료,내국인관광객,20대,남,2018-05-01,6321,9604,227496513
제주도,제주시,읍면,숙박,제주도민,60대이상,여,2018-05-01,39,75,3682310
제주도,제주시,읍면,숙박,제주도민,60대이상,남,2018-05-01,70,122,8894570
제주도,제주시,읍면,숙박,제주도민,50대,여,2018-05-01,79,128,6774220
제주도,제주시,읍면,숙박,제주도민,50대,남,2018-05-01,126,172,12163500
제주도,제주시,읍면,숙박,제주도민,40대,여,2018-05-01,143,224,8870010
제주도,제주시,읍면,숙박,제주도민,40대,남,2018-05-01,196,254,16069930
제주도,제주시,읍면,숙박,제주도민,30대,여,2018-05-01,109,152,5287572
제주도,제주시,읍면,숙박,제주도민,30대,남,2018-05-01,186,288,11376850
제주도,제주시,읍면,숙박,제주도민,20대미만,여,2018-05-01,1,1,4000
제주도,제주시,읍면,숙박,제주도민,20대미만,남,2018-05-01,2,4,60100
제주도,제주시,읍면,숙박,제주도민,20대,여,2018-05-01,136,158,5226230
제주도,제주시,읍면,숙박,제주도민,20대,남,2018-05-01,125,166,6002150
제주도,제주시,읍면,숙박,내국인관광객,60대이상,여,2018-05-01,193,280,25059160
제주도,제주시,읍면,숙박,내국인관광객,60대이상,남,2018-05-01,370,599,52994697
제주도,제주시,읍면,숙박,내국인관광객,50대,여,2018-05-01,445,572,46761950
제주도,제주시,읍면,숙박,내국인관광객,50대,남,2018-05-01,723,1013,102874145
제주도,제주시,읍면,숙박,내국인관광객,40대,여,2018-05-01,810,1019,95845037
제주도,제주시,읍면,숙박,내국인관광객,40대,남,2018-05-01,1111,1534,131442740
제주도,제주시,읍면,숙박,내국인관광객,30대,여,2018-05-01,1179,1439,104583761
제주도,제주시,읍면,숙박,내국인관광객,30대,남,2018-05-01,1145,1511,97417153
제주도,제주시,읍면,숙박,내국인관광객,20대미만,여,2018-05-01,68,80,791010
제주도,제주시,읍면,숙박,내국인관광객,20대미만,남,2018-05-01,24,28,381570
제주도,제주시,읍면,숙박,내국인관광객,20대,여,2018-05-01,804,914,34316313
제주도,제주시,읍면,숙박,내국인관광객,20대,남,2018-05-01,504,593,18908947
제주도,제주시,읍면,쇼핑,제주도민,60대이상,여,2018-05-01,1716,5610,177759197
제주도,제주시,읍면,쇼핑,제주도민,60대이상,남,2018-05-01,3035,10253,316545466
제주도,제주시,읍면,쇼핑,제주도민,50대,여,2018-05-01,3144,10698,325828054
제주도,제주시,읍면,쇼핑,제주도민,50대,남,2018-05-01,5338,18811,366812159
제주도,제주시,읍면,쇼핑,제주도민,40대,여,2018-05-01,4236,14996,337739475
제주도,제주시,읍면,쇼핑,제주도민,40대,남,2018-05-01,7130,25075,425476951
제주도,제주시,읍면,쇼핑,제주도민,30대,여,2018-05-01,3111,10594,194998376
제주도,제주시,읍면,쇼핑,제주도민,30대,남,2018-05-01,5182,18354,251822439
제주도,제주시,읍면,쇼핑,제주도민,20대미만,여,2018-05-01,135,442,1890600
제주도,제주시,읍면,쇼핑,제주도민,20대미만,남,2018-05-01,205,747,3418070
제주도,제주시,읍면,쇼핑,제주도민,20대,여,2018-05-01,1999,6040,59267750
제주도,제주시,읍면,쇼핑,제주도민,20대,남,2018-05-01,2881,10911,93451540
제주도,제주시,읍면,쇼핑,내국인관광객,60대이상,여,2018-05-01,1347,2931,68708170
제주도,제주시,읍면,쇼핑,내국인관광객,60대이상,남,2018-05-01,2022,4578,91553430
제주도,제주시,읍면,쇼핑,내국인관광객,50대,여,2018-05-01,2740,5198,108635190
제주도,제주시,읍면,쇼핑,내국인관광객,50대,남,2018-05-01,4287,10054,163037520
제주도,제주시,읍면,쇼핑,내국인관광객,40대,여,2018-05-01,4105,7875,137004350
제주도,제주시,읍면,쇼핑,내국인관광객,40대,남,2018-05-01,7003,15921,246662385
제주도,제주시,읍면,쇼핑,내국인관광객,30대,여,2018-05-01,6192,10961,173458000
제주도,제주시,읍면,쇼핑,내국인관광객,30대,남,2018-05-01,8040,16181,216914860
제주도,제주시,읍면,쇼핑,내국인관광객,20대미만,여,2018-05-01,359,512,2398930
제주도,제주시,읍면,쇼핑,내국인관광객,20대미만,남,2018-05-01,513,852,4179970
제주도,제주시,읍면,쇼핑,내국인관광객,20대,여,2018-05-01,4718,8596,84744620
제주도,제주시,읍면,쇼핑,내국인관광객,20대,남,2018-05-01,4617,9823,92354750
제주도,제주시,읍면,소매,제주도민,60대이상,여,2018-05-01,368,540,39529762
제주도,제주시,읍면,소매,제주도민,60대이상,남,2018-05-01,543,755,54426795
제주도,제주시,읍면,소매,제주도민,50대,여,2018-05-01,668,932,76520602
제주도,제주시,읍면,소매,제주도민,50대,남,2018-05-01,926,1362,67265313
제주도,제주시,읍면,소매,제주도민,40대,여,2018-05-01,832,1199,57997008
제주도,제주시,읍면,소매,제주도민,40대,남,2018-05-01,1097,1679,81403696
제주도,제주시,읍면,소매,제주도민,30대,여,2018-05-01,628,907,40944602
제주도,제주시,읍면,소매,제주도민,30대,남,2018-05-01,743,1103,37882188
제주도,제주시,읍면,소매,제주도민,20대미만,여,2018-05-01,17,22,126500
제주도,제주시,읍면,소매,제주도민,20대미만,남,2018-05-01,17,43,214420
제주도,제주시,읍면,소매,제주도민,20대,여,2018-05-01,338,454,9432198
제주도,제주시,읍면,소매,제주도민,20대,남,2018-05-01,358,497,9102238
제주도,제주시,읍면,소매,내국인관광객,60대이상,여,2018-05-01,723,861,48164402
제주도,제주시,읍면,소매,내국인관광객,60대이상,남,2018-05-01,718,873,47670694
제주도,제주시,읍면,소매,내국인관광객,50대,여,2018-05-01,1217,1526,59923652
제주도,제주시,읍면,소매,내국인관광객,50대,남,2018-05-01,1367,1676,70237623
제주도,제주시,읍면,소매,내국인관광객,40대,여,2018-05-01,1639,2075,56077012
제주도,제주시,읍면,소매,내국인관광객,40대,남,2018-05-01,1708,2176,70034463
제주도,제주시,읍면,소매,내국인관광객,30대,여,2018-05-01,1902,2248,57997191
제주도,제주시,읍면,소매,내국인관광객,30대,남,2018-05-01,1834,2190,58483274
제주도,제주시,읍면,소매,내국인관광객,20대미만,여,2018-05-01,561,773,7203550
제주도,제주시,읍면,소매,내국인관광객,20대미만,남,2018-05-01,724,1100,8054960
제주도,제주시,읍면,소매,내국인관광객,20대,여,2018-05-01,2077,2402,55428460
제주도,제주시,읍면,소매,내국인관광객,20대,남,2018-05-01,1081,1263,31555620
제주도,제주시,읍면,문화/레져,제주도민,60대이상,여,2018-05-01,146,197,14791960
제주도,제주시,읍면,문화/레져,제주도민,60대이상,남,2018-05-01,552,780,74215975
제주도,제주시,읍면,문화/레져,제주도민,50대,여,2018-05-01,448,627,64724980
제주도,제주시,읍면,문화/레져,제주도민,50대,남,2018-05-01,1221,1623,180338015
제주도,제주시,읍면,문화/레져,제주도민,40대,여,2018-05-01,610,891,82316220
제주도,제주시,읍면,문화/레져,제주도민,40대,남,2018-05-01,1294,1750,143270871
제주도,제주시,읍면,문화/레져,제주도민,30대,여,2018-05-01,504,710,23359775
제주도,제주시,읍면,문화/레져,제주도민,30대,남,2018-05-01,515,839,29006050
제주도,제주시,읍면,문화/레져,제주도민,20대미만,여,2018-05-01,11,28,124700
제주도,제주시,읍면,문화/레져,제주도민,20대미만,남,2018-05-01,37,132,494030
제주도,제주시,읍면,문화/레져,제주도민,20대,여,2018-05-01,209,325,5358315
제주도,제주시,읍면,문화/레져,제주도민,20대,남,2018-05-01,244,572,10163380
제주도,제주시,읍면,문화/레져,내국인관광객,60대이상,여,2018-05-01,728,980,62733540
제주도,제주시,읍면,문화/레져,내국인관광객,60대이상,남,2018-05-01,1426,1983,252142471
제주도,제주시,읍면,문화/레져,내국인관광객,50대,여,2018-05-01,1622,2044,109623850
제주도,제주시,읍면,문화/레져,내국인관광객,50대,남,2018-05-01,2395,3107,316983341
제주도,제주시,읍면,문화/레져,내국인관광객,40대,여,2018-05-01,2381,3251,114629581
제주도,제주시,읍면,문화/레져,내국인관광객,40대,남,2018-05-01,3062,4190,223311240
제주도,제주시,읍면,문화/레져,내국인관광객,30대,여,2018-05-01,2358,3165,70590800
제주도,제주시,읍면,문화/레져,내국인관광객,30대,남,2018-05-01,2196,3039,81038476
제주도,제주시,읍면,문화/레져,내국인관광객,20대미만,여,2018-05-01,257,302,2186050
제주도,제주시,읍면,문화/레져,내국인관광객,20대미만,남,2018-05-01,207,240,1294900
제주도,제주시,읍면,문화/레져,내국인관광객,20대,여,2018-05-01,1198,1490,27727030
제주도,제주시,읍면,문화/레져,내국인관광객,20대,남,2018-05-01,833,1214,21070020
제주도,제주시,읍면,교통,제주도민,60대이상,여,2018-05-01,934,1530,92125450
제주도,제주시,읍면,교통,제주도민,60대이상,남,2018-05-01,3790,7449,415403647
제주도,제주시,읍면,교통,제주도민,50대,여,2018-05-01,1348,2189,128069717
제주도,제주시,읍면,교통,제주도민,50대,남,2018-05-01,2945,5609,358760685
제주도,제주시,읍면,교통,제주도민,40대,여,2018-05-01,1374,2183,114925803
제주도,제주시,읍면,교통,제주도민,40대,남,2018-05-01,2532,4513,293207661
제주도,제주시,읍면,교통,제주도민,30대,여,2018-05-01,937,1393,65113430
제주도,제주시,읍면,교통,제주도민,30대,남,2018-05-01,1415,2249,109978885
제주도,제주시,읍면,교통,제주도민,20대미만,여,2018-05-01,4,5,193000
제주도,제주시,읍면,교통,제주도민,20대미만,남,2018-05-01,6,6,114600
제주도,제주시,읍면,교통,제주도민,20대,여,2018-05-01,337,448,17638355
제주도,제주시,읍면,교통,제주도민,20대,남,2018-05-01,487,758,29133112
제주도,제주시,읍면,교통,내국인관광객,60대이상,여,2018-05-01,694,864,43653533
제주도,제주시,읍면,교통,내국인관광객,60대이상,남,2018-05-01,1600,1948,106971441
제주도,제주시,읍면,교통,내국인관광객,50대,여,2018-05-01,1621,1954,90120926
제주도,제주시,읍면,교통,내국인관광객,50대,남,2018-05-01,3139,3845,228183887
제주도,제주시,읍면,교통,내국인관광객,40대,여,2018-05-01,1952,2341,98811601
제주도,제주시,읍면,교통,내국인관광객,40대,남,2018-05-01,3872,4725,241527422
제주도,제주시,읍면,교통,내국인관광객,30대,여,2018-05-01,2607,3025,100647552
제주도,제주시,읍면,교통,내국인관광객,30대,남,2018-05-01,4375,4976,202816810
제주도,제주시,읍면,교통,내국인관광객,20대미만,여,2018-05-01,6,7,169800
제주도,제주시,읍면,교통,내국인관광객,20대미만,남,2018-05-01,7,8,262700
제주도,제주시,읍면,교통,내국인관광객,20대,여,2018-05-01,2189,2520,60911662
제주도,제주시,읍면,교통,내국인관광객,20대,남,2018-05-01,1917,2145,65453436
제주도,제주시,도심,유흥,제주도민,60대이상,여,2018-05-01,287,375,38812780
제주도,제주시,도심,유흥,제주도민,60대이상,남,2018-05-01,1190,1749,219234697
제주도,제주시,도심,유흥,제주도민,50대,여,2018-05-01,825,1036,91089096
제주도,제주시,도심,유흥,제주도민,50대,남,2018-05-01,3970,6015,783280300
제주도,제주시,도심,유흥,제주도민,40대,여,2018-05-01,1340,1708,128347327
제주도,제주시,도심,유흥,제주도민,40대,남,2018-05-01,4659,6863,1060377252
제주도,제주시,도심,유흥,제주도민,30대,여,2018-05-01,1080,1375,81376155
제주도,제주시,도심,유흥,제주도민,30대,남,2018-05-01,3198,4451,476357590
제주도,제주시,도심,유흥,제주도민,20대미만,여,2018-05-01,27,32,1210500
제주도,제주시,도심,유흥,제주도민,20대미만,남,2018-05-01,47,60,1818300
제주도,제주시,도심,유흥,제주도민,20대,여,2018-05-01,1839,2682,114340090
제주도,제주시,도심,유흥,제주도민,20대,남,2018-05-01,2494,3946,214407982
제주도,제주시,도심,유흥,내국인관광객,60대이상,여,2018-05-01,94,118,14766600
제주도,제주시,도심,유흥,내국인관광객,60대이상,남,2018-05-01,260,345,59757700
제주도,제주시,도심,유흥,내국인관광객,50대,여,2018-05-01,260,315,37201200
제주도,제주시,도심,유흥,내국인관광객,50대,남,2018-05-01,851,1100,210428278
제주도,제주시,도심,유흥,내국인관광객,40대,여,2018-05-01,242,311,29255300
제주도,제주시,도심,유흥,내국인관광객,40대,남,2018-05-01,930,1301,212723520
제주도,제주시,도심,유흥,내국인관광객,30대,여,2018-05-01,277,342,26514700
제주도,제주시,도심,유흥,내국인관광객,30대,남,2018-05-01,819,1119,125343500
제주도,제주시,도심,유흥,내국인관광객,20대미만,여,2018-05-01,2,3,146000
제주도,제주시,도심,유흥,내국인관광객,20대미만,남,2018-05-01,2,3,144000
제주도,제주시,도심,유흥,내국인관광객,20대,여,2018-05-01,390,500,21188410
제주도,제주시,도심,유흥,내국인관광객,20대,남,2018-05-01,596,853,47235150
제주도,제주시,도심,식음료,제주도민,60대이상,여,2018-05-01,10049,17188,540062866
제주도,제주시,도심,식음료,제주도민,60대이상,남,2018-05-01,17528,34617,1321415893
제주도,제주시,도심,식음료,제주도민,50대,여,2018-05-01,22368,46956,1322436538
제주도,제주시,도심,식음료,제주도민,50대,남,2018-05-01,31926,72624,2587502788
제주도,제주시,도심,식음료,제주도민,40대,여,2018-05-01,32466,78060,1940902361
제주도,제주시,도심,식음료,제주도민,40대,남,2018-05-01,38212,88734,3016472507
제주도,제주시,도심,식음료,제주도민,30대,여,2018-05-01,27601,64517,1411177307
제주도,제주시,도심,식음료,제주도민,30대,남,2018-05-01,30587,72051,1961738449
제주도,제주시,도심,식음료,제주도민,20대미만,여,2018-05-01,1457,3435,39780792
제주도,제주시,도심,식음료,제주도민,20대미만,남,2018-05-01,1326,2999,42746726
제주도,제주시,도심,식음료,제주도민,20대,여,2018-05-01,23653,62521,1113932489
제주도,제주시,도심,식음료,제주도민,20대,남,2018-05-01,19876,51833,1110568323
제주도,제주시,도심,식음료,내국인관광객,60대이상,여,2018-05-01,4708,6261,255618713
제주도,제주시,도심,식음료,내국인관광객,60대이상,남,2018-05-01,8146,11932,511967497
제주도,제주시,도심,식음료,내국인관광객,50대,여,2018-05-01,10225,14303,537387199
제주도,제주시,도심,식음료,내국인관광객,50대,남,2018-05-01,16670,26240,1072387393
제주도,제주시,도심,식음료,내국인관광객,40대,여,2018-05-01,13883,20415,609648694
제주도,제주시,도심,식음료,내국인관광객,40대,남,2018-05-01,20917,32747,1145035607
제주도,제주시,도심,식음료,내국인관광객,30대,여,2018-05-01,18815,27010,678284136
제주도,제주시,도심,식음료,내국인관광객,30대,남,2018-05-01,22473,34268,934641777
제주도,제주시,도심,식음료,내국인관광객,20대미만,여,2018-05-01,562,756,7715280
제주도,제주시,도심,식음료,내국인관광객,20대미만,남,2018-05-01,661,831,9522790
제주도,제주시,도심,식음료,내국인관광객,20대,여,2018-05-01,15854,24132,472016092
제주도,제주시,도심,식음료,내국인관광객,20대,남,2018-05-01,12031,20209,429157657
제주도,제주시,도심,숙박,제주도민,60대이상,여,2018-05-01,196,290,56901222
제주도,제주시,도심,숙박,제주도민,60대이상,남,2018-05-01,375,558,144085770
제주도,제주시,도심,숙박,제주도민,50대,여,2018-05-01,322,446,120364170
제주도,제주시,도심,숙박,제주도민,50대,남,2018-05-01,717,995,261818257
제주도,제주시,도심,숙박,제주도민,40대,여,2018-05-01,426,582,65766867
제주도,제주시,도심,숙박,제주도민,40대,남,2018-05-01,954,1265,122457329
제주도,제주시,도심,숙박,제주도민,30대,여,2018-05-01,329,405,27939003
제주도,제주시,도심,숙박,제주도민,30대,남,2018-05-01,715,939,101136042
제주도,제주시,도심,숙박,제주도민,20대미만,여,2018-05-01,9,12,480000
제주도,제주시,도심,숙박,제주도민,20대미만,남,2018-05-01,17,21,833000
제주도,제주시,도심,숙박,제주도민,20대,여,2018-05-01,439,568,26312546
제주도,제주시,도심,숙박,제주도민,20대,남,2018-05-01,688,948,43233495
제주도,제주시,도심,숙박,내국인관광객,60대이상,여,2018-05-01,267,358,50749420
제주도,제주시,도심,숙박,내국인관광객,60대이상,남,2018-05-01,652,822,139304960
제주도,제주시,도심,숙박,내국인관광객,50대,여,2018-05-01,642,794,118072088
제주도,제주시,도심,숙박,내국인관광객,50대,남,2018-05-01,1540,1988,275595256
제주도,제주시,도심,숙박,내국인관광객,40대,여,2018-05-01,939,1328,154860878
제주도,제주시,도심,숙박,내국인관광객,40대,남,2018-05-01,1716,2271,226142970
제주도,제주시,도심,숙박,내국인관광객,30대,여,2018-05-01,1020,1298,181182349
제주도,제주시,도심,숙박,내국인관광객,30대,남,2018-05-01,1458,1832,170688306
제주도,제주시,도심,숙박,내국인관광객,20대미만,여,2018-05-01,33,41,1240500
제주도,제주시,도심,숙박,내국인관광객,20대미만,남,2018-05-01,52,69,1652550
제주도,제주시,도심,숙박,내국인관광객,20대,여,2018-05-01,708,816,62136875
제주도,제주시,도심,숙박,내국인관광객,20대,남,2018-05-01,652,780,50604461
제주도,제주시,도심,쇼핑,제주도민,60대이상,여,2018-05-01,12505,37989,1207127003
제주도,제주시,도심,쇼핑,제주도민,60대이상,남,2018-05-01,15941,49068,1337372617
제주도,제주시,도심,쇼핑,제주도민,50대,여,2018-05-01,23027,77507,2148335864
제주도,제주시,도심,쇼핑,제주도민,50대,남,2018-05-01,29819,101602,2195605279
제주도,제주시,도심,쇼핑,제주도민,40대,여,2018-05-01,30770,105923,2550562303
제주도,제주시,도심,쇼핑,제주도민,40대,남,2018-05-01,39121,140144,2702782806
제주도,제주시,도심,쇼핑,제주도민,30대,여,2018-05-01,25339,80499,1625041691
제주도,제주시,도심,쇼핑,제주도민,30대,남,2018-05-01,32460,119045,1718438762
제주도,제주시,도심,쇼핑,제주도민,20대미만,여,2018-05-01,1524,4623,23609664
제주도,제주시,도심,쇼핑,제주도민,20대미만,남,2018-05-01,1752,6718,32542556
제주도,제주시,도심,쇼핑,제주도민,20대,여,2018-05-01,21144,72145,822449693
제주도,제주시,도심,쇼핑,제주도민,20대,남,2018-05-01,23112,91783,796706786
제주도,제주시,도심,쇼핑,내국인관광객,60대이상,여,2018-05-01,6379,11645,568092574
제주도,제주시,도심,쇼핑,내국인관광객,60대이상,남,2018-05-01,9398,18312,812135449
제주도,제주시,도심,쇼핑,내국인관광객,50대,여,2018-05-01,12953,24034,1121029244
제주도,제주시,도심,쇼핑,내국인관광객,50대,남,2018-05-01,21067,44504,1634274775
제주도,제주시,도심,쇼핑,내국인관광객,40대,여,2018-05-01,15768,30750,1243801209
제주도,제주시,도심,쇼핑,내국인관광객,40대,남,2018-05-01,26187,56937,1740210566
제주도,제주시,도심,쇼핑,내국인관광객,30대,여,2018-05-01,19463,36309,1281380173
제주도,제주시,도심,쇼핑,내국인관광객,30대,남,2018-05-01,25801,54279,1447829091
제주도,제주시,도심,쇼핑,내국인관광객,20대미만,여,2018-05-01,1376,2173,51392112
제주도,제주시,도심,쇼핑,내국인관광객,20대미만,남,2018-05-01,1359,2152,24516130
제주도,제주시,도심,쇼핑,내국인관광객,20대,여,2018-05-01,16114,31391,784171800
제주도,제주시,도심,쇼핑,내국인관광객,20대,남,2018-05-01,15225,36941,614653443
제주도,제주시,도심,소매,제주도민,60대이상,여,2018-05-01,6413,10027,934601217
제주도,제주시,도심,소매,제주도민,60대이상,남,2018-05-01,5704,8488,842492317
제주도,제주시,도심,소매,제주도민,50대,여,2018-05-01,9906,15716,1508690347
제주도,제주시,도심,소매,제주도민,50대,남,2018-05-01,8552,13060,1135648588
제주도,제주시,도심,소매,제주도민,40대,여,2018-05-01,11964,20183,1408407363
제주도,제주시,도심,소매,제주도민,40대,남,2018-05-01,9743,15445,1171726442
제주도,제주시,도심,소매,제주도민,30대,여,2018-05-01,8234,13244,799433808
제주도,제주시,도심,소매,제주도민,30대,남,2018-05-01,6441,9628,619912470
제주도,제주시,도심,소매,제주도민,20대미만,여,2018-05-01,512,831,16604380
제주도,제주시,도심,소매,제주도민,20대미만,남,2018-05-01,371,552,19487980
제주도,제주시,도심,소매,제주도민,20대,여,2018-05-01,5906,9088,414871518
제주도,제주시,도심,소매,제주도민,20대,남,2018-05-01,4027,5927,283972399
제주도,제주시,도심,소매,내국인관광객,60대이상,여,2018-05-01,3573,4395,253461470
제주도,제주시,도심,소매,내국인관광객,60대이상,남,2018-05-01,3722,4494,292546510
제주도,제주시,도심,소매,내국인관광객,50대,여,2018-05-01,6184,7472,403539116
제주도,제주시,도심,소매,내국인관광객,50대,남,2018-05-01,6575,8004,429885942
제주도,제주시,도심,소매,내국인관광객,40대,여,2018-05-01,6644,8334,371866349
제주도,제주시,도심,소매,내국인관광객,40대,남,2018-05-01,7475,9389,427371876
제주도,제주시,도심,소매,내국인관광객,30대,여,2018-05-01,7834,9753,324163380
제주도,제주시,도심,소매,내국인관광객,30대,남,2018-05-01,7468,9293,367170072
제주도,제주시,도심,소매,내국인관광객,20대미만,여,2018-05-01,967,1185,20391070
제주도,제주시,도심,소매,내국인관광객,20대미만,남,2018-05-01,1102,1389,24299298
제주도,제주시,도심,소매,내국인관광객,20대,여,2018-05-01,6442,8094,229864233
제주도,제주시,도심,소매,내국인관광객,20대,남,2018-05-01,3928,4876,147718325
제주도,제주시,도심,문화/레져,제주도민,60대이상,여,2018-05-01,638,874,37660455
제주도,제주시,도심,문화/레져,제주도민,60대이상,남,2018-05-01,1486,2123,133004873
제주도,제주시,도심,문화/레져,제주도민,50대,여,2018-05-01,2183,3067,135155418
제주도,제주시,도심,문화/레져,제주도민,50대,남,2018-05-01,3363,4870,253679075
제주도,제주시,도심,문화/레져,제주도민,40대,여,2018-05-01,5289,7757,223293191
제주도,제주시,도심,문화/레져,제주도민,40대,남,2018-05-01,5244,7744,300886944
제주도,제주시,도심,문화/레져,제주도민,30대,여,2018-05-01,3974,5858,144060976
제주도,제주시,도심,문화/레져,제주도민,30대,남,2018-05-01,3785,6117,185042944
제주도,제주시,도심,문화/레져,제주도민,20대미만,여,2018-05-01,485,864,7827407
제주도,제주시,도심,문화/레져,제주도민,20대미만,남,2018-05-01,636,1785,15621912
제주도,제주시,도심,문화/레져,제주도민,20대,여,2018-05-01,4099,6899,106094027
제주도,제주시,도심,문화/레져,제주도민,20대,남,2018-05-01,4967,13621,150144642
제주도,제주시,도심,문화/레져,내국인관광객,60대이상,여,2018-05-01,269,346,18221191
제주도,제주시,도심,문화/레져,내국인관광객,60대이상,남,2018-05-01,487,635,78885796
제주도,제주시,도심,문화/레져,내국인관광객,50대,여,2018-05-01,568,777,42859896
제주도,제주시,도심,문화/레져,내국인관광객,50대,남,2018-05-01,1137,1532,122364915
제주도,제주시,도심,문화/레져,내국인관광객,40대,여,2018-05-01,924,1297,41663509
제주도,제주시,도심,문화/레져,내국인관광객,40대,남,2018-05-01,1510,2111,96475922
제주도,제주시,도심,문화/레져,내국인관광객,30대,여,2018-05-01,994,1403,35998539
제주도,제주시,도심,문화/레져,내국인관광객,30대,남,2018-05-01,1454,2326,56366685
제주도,제주시,도심,문화/레져,내국인관광객,20대미만,여,2018-05-01,194,251,2355700
제주도,제주시,도심,문화/레져,내국인관광객,20대미만,남,2018-05-01,177,306,3517300
제주도,제주시,도심,문화/레져,내국인관광객,20대,여,2018-05-01,1182,1841,31087970
제주도,제주시,도심,문화/레져,내국인관광객,20대,남,2018-05-01,1666,3970,41736260
제주도,제주시,도심,교통,제주도민,60대이상,여,2018-05-01,3002,4237,239759513
제주도,제주시,도심,교통,제주도민,60대이상,남,2018-05-01,6670,10372,640771894
제주도,제주시,도심,교통,제주도민,50대,여,2018-05-01,6380,9134,518942033
제주도,제주시,도심,교통,제주도민,50대,남,2018-05-01,10012,15640,943128256
제주도,제주시,도심,교통,제주도민,40대,여,2018-05-01,7291,10340,511446271
제주도,제주시,도심,교통,제주도민,40대,남,2018-05-01,10752,16169,874001014
제주도,제주시,도심,교통,제주도민,30대,여,2018-05-01,5223,7147,325864350
제주도,제주시,도심,교통,제주도민,30대,남,2018-05-01,7396,10634,506261551
제주도,제주시,도심,교통,제주도민,20대미만,여,2018-05-01,18,24,743511
제주도,제주시,도심,교통,제주도민,20대미만,남,2018-05-01,37,39,1358100
제주도,제주시,도심,교통,제주도민,20대,여,2018-05-01,2367,3046,118107605
제주도,제주시,도심,교통,제주도민,20대,남,2018-05-01,3314,4554,187369924
제주도,제주시,도심,교통,내국인관광객,60대이상,여,2018-05-01,1496,1723,134507667
제주도,제주시,도심,교통,내국인관광객,60대이상,남,2018-05-01,3303,3830,313015026
제주도,제주시,도심,교통,내국인관광객,50대,여,2018-05-01,3978,4379,388720032
제주도,제주시,도심,교통,내국인관광객,50대,남,2018-05-01,7046,8104,685042605
제주도,제주시,도심,교통,내국인관광객,40대,여,2018-05-01,5768,6418,649092719
제주도,제주시,도심,교통,내국인관광객,40대,남,2018-05-01,10104,11627,1017967783
제주도,제주시,도심,교통,내국인관광객,30대,여,2018-05-01,8410,9065,881257845
제주도,제주시,도심,교통,내국인관광객,30대,남,2018-05-01,11058,12350,1034931367
제주도,제주시,도심,교통,내국인관광객,20대미만,여,2018-05-01,31,36,2083322
제주도,제주시,도심,교통,내국인관광객,20대미만,남,2018-05-01,19,26,1082153
제주도,제주시,도심,교통,내국인관광객,20대,여,2018-05-01,5861,6087,657022138
제주도,제주시,도심,교통,내국인관광객,20대,남,2018-05-01,4927,5452,439995662
제주도,서귀포시,읍면,유흥,제주도민,60대이상,여,2018-05-01,24,28,2405000
제주도,서귀포시,읍면,유흥,제주도민,60대이상,남,2018-05-01,183,342,41801500
제주도,서귀포시,읍면,유흥,제주도민,50대,여,2018-05-01,82,124,13764800
제주도,서귀포시,읍면,유흥,제주도민,50대,남,2018-05-01,409,807,120708500
제주도,서귀포시,읍면,유흥,제주도민,40대,여,2018-05-01,67,91,8477600
제주도,서귀포시,읍면,유흥,제주도민,40대,남,2018-05-01,359,693,117474050
제주도,서귀포시,읍면,유흥,제주도민,30대,여,2018-05-01,52,76,5192050
제주도,서귀포시,읍면,유흥,제주도민,30대,남,2018-05-01,187,275,37431070
제주도,서귀포시,읍면,유흥,제주도민,20대미만,여,2018-05-01,3,4,554200
제주도,서귀포시,읍면,유흥,제주도민,20대미만,남,2018-05-01,4,4,899750
제주도,서귀포시,읍면,유흥,제주도민,20대,여,2018-05-01,30,38,1787800
제주도,서귀포시,읍면,유흥,제주도민,20대,남,2018-05-01,71,114,9620200
제주도,서귀포시,읍면,유흥,내국인관광객,60대이상,여,2018-05-01,28,34,3468310
제주도,서귀포시,읍면,유흥,내국인관광객,60대이상,남,2018-05-01,74,109,16946800
제주도,서귀포시,읍면,유흥,내국인관광객,50대,여,2018-05-01,37,49,4326000
제주도,서귀포시,읍면,유흥,내국인관광객,50대,남,2018-05-01,147,240,39727400
제주도,서귀포시,읍면,유흥,내국인관광객,40대,여,2018-05-01,50,69,4364400
제주도,서귀포시,읍면,유흥,내국인관광객,40대,남,2018-05-01,122,193,28910300
제주도,서귀포시,읍면,유흥,내국인관광객,30대,여,2018-05-01,48,72,4253700
제주도,서귀포시,읍면,유흥,내국인관광객,30대,남,2018-05-01,98,145,16329400
제주도,서귀포시,읍면,유흥,내국인관광객,20대,여,2018-05-01,40,47,2799700
제주도,서귀포시,읍면,유흥,내국인관광객,20대,남,2018-05-01,64,74,4333400
제주도,서귀포시,읍면,식음료,제주도민,60대이상,여,2018-05-01,1030,2046,88113225
제주도,서귀포시,읍면,식음료,제주도민,60대이상,남,2018-05-01,2534,5412,240901720
제주도,서귀포시,읍면,식음료,제주도민,50대,여,2018-05-01,2270,4704,167600985
제주도,서귀포시,읍면,식음료,제주도민,50대,남,2018-05-01,3727,8675,372360711
제주도,서귀포시,읍면,식음료,제주도민,40대,여,2018-05-01,2849,6982,204208018
제주도,서귀포시,읍면,식음료,제주도민,40대,남,2018-05-01,3923,9154,336791926
제주도,서귀포시,읍면,식음료,제주도민,30대,여,2018-05-01,2156,4813,125825289
제주도,서귀포시,읍면,식음료,제주도민,30대,남,2018-05-01,2581,5641,165091365
제주도,서귀포시,읍면,식음료,제주도민,20대미만,여,2018-05-01,63,127,2585050
제주도,서귀포시,읍면,식음료,제주도민,20대미만,남,2018-05-01,74,173,3930250
제주도,서귀포시,읍면,식음료,제주도민,20대,여,2018-05-01,1250,2577,56160270
제주도,서귀포시,읍면,식음료,제주도민,20대,남,2018-05-01,1172,2543,65966430
제주도,서귀포시,읍면,식음료,내국인관광객,60대이상,여,2018-05-01,2135,3154,141321610
제주도,서귀포시,읍면,식음료,내국인관광객,60대이상,남,2018-05-01,3250,4848,241791945
제주도,서귀포시,읍면,식음료,내국인관광객,50대,여,2018-05-01,4310,6294,264481653
제주도,서귀포시,읍면,식음료,내국인관광객,50대,남,2018-05-01,5603,9053,408102590
제주도,서귀포시,읍면,식음료,내국인관광객,40대,여,2018-05-01,6091,9412,329790257
제주도,서귀포시,읍면,식음료,내국인관광객,40대,남,2018-05-01,8018,12831,492149077
제주도,서귀포시,읍면,식음료,내국인관광객,30대,여,2018-05-01,8065,12121,392126732
제주도,서귀포시,읍면,식음료,내국인관광객,30대,남,2018-05-01,8666,13357,431646996
제주도,서귀포시,읍면,식음료,내국인관광객,20대미만,여,2018-05-01,1063,1311,19990600
제주도,서귀포시,읍면,식음료,내국인관광객,20대미만,남,2018-05-01,626,784,10865040
제주도,서귀포시,읍면,식음료,내국인관광객,20대,여,2018-05-01,5525,8153,214718946
제주도,서귀포시,읍면,식음료,내국인관광객,20대,남,2018-05-01,3728,5623,148811035
제주도,서귀포시,읍면,숙박,제주도민,60대이상,여,2018-05-01,57,87,5876520
제주도,서귀포시,읍면,숙박,제주도민,60대이상,남,2018-05-01,83,108,10607400
제주도,서귀포시,읍면,숙박,제주도민,50대,여,2018-05-01,102,136,6717720
제주도,서귀포시,읍면,숙박,제주도민,50대,남,2018-05-01,149,222,19886835
제주도,서귀포시,읍면,숙박,제주도민,40대,여,2018-05-01,295,506,25204500
제주도,서귀포시,읍면,숙박,제주도민,40대,남,2018-05-01,371,686,45325640
제주도,서귀포시,읍면,숙박,제주도민,30대,여,2018-05-01,335,589,29570568
제주도,서귀포시,읍면,숙박,제주도민,30대,남,2018-05-01,264,463,36836440
제주도,서귀포시,읍면,숙박,제주도민,20대미만,여,2018-05-01,6,6,154100
제주도,서귀포시,읍면,숙박,제주도민,20대미만,남,2018-05-01,2,2,58000
제주도,서귀포시,읍면,숙박,제주도민,20대,여,2018-05-01,197,281,7506265
제주도,서귀포시,읍면,숙박,제주도민,20대,남,2018-05-01,150,211,6144850
제주도,서귀포시,읍면,숙박,내국인관광객,60대이상,여,2018-05-01,292,396,24715562
제주도,서귀포시,읍면,숙박,내국인관광객,60대이상,남,2018-05-01,456,628,50877693
제주도,서귀포시,읍면,숙박,내국인관광객,50대,여,2018-05-01,743,935,41181913
제주도,서귀포시,읍면,숙박,내국인관광객,50대,남,2018-05-01,789,1075,92023457
제주도,서귀포시,읍면,숙박,내국인관광객,40대,여,2018-05-01,1122,1627,81948987
제주도,서귀포시,읍면,숙박,내국인관광객,40대,남,2018-05-01,1432,2115,140700575
제주도,서귀포시,읍면,숙박,내국인관광객,30대,여,2018-05-01,1443,1903,98885709
제주도,서귀포시,읍면,숙박,내국인관광객,30대,남,2018-05-01,1336,1794,105367531
제주도,서귀포시,읍면,숙박,내국인관광객,20대미만,여,2018-05-01,157,202,1748150
제주도,서귀포시,읍면,숙박,내국인관광객,20대미만,남,2018-05-01,75,90,921850
제주도,서귀포시,읍면,숙박,내국인관광객,20대,여,2018-05-01,1031,1251,31316814
제주도,서귀포시,읍면,숙박,내국인관광객,20대,남,2018-05-01,546,668,23584100
제주도,서귀포시,읍면,쇼핑,제주도민,60대이상,여,2018-05-01,1075,3904,117185727
제주도,서귀포시,읍면,쇼핑,제주도민,60대이상,남,2018-05-01,2074,7371,269477803
제주도,서귀포시,읍면,쇼핑,제주도민,50대,여,2018-05-01,2151,8652,232530190
제주도,서귀포시,읍면,쇼핑,제주도민,50대,남,2018-05-01,3554,13504,345828256
제주도,서귀포시,읍면,쇼핑,제주도민,40대,여,2018-05-01,2644,10870,206831995
제주도,서귀포시,읍면,쇼핑,제주도민,40대,남,2018-05-01,4622,17779,321339012
제주도,서귀포시,읍면,쇼핑,제주도민,30대,여,2018-05-01,1955,7234,107732145
제주도,서귀포시,읍면,쇼핑,제주도민,30대,남,2018-05-01,3375,12408,164314485
제주도,서귀포시,읍면,쇼핑,제주도민,20대미만,여,2018-05-01,91,397,1746020
제주도,서귀포시,읍면,쇼핑,제주도민,20대미만,남,2018-05-01,128,624,3084280
제주도,서귀포시,읍면,쇼핑,제주도민,20대,여,2018-05-01,1168,4882,43999380
제주도,서귀포시,읍면,쇼핑,제주도민,20대,남,2018-05-01,1907,8619,74393140
제주도,서귀포시,읍면,쇼핑,내국인관광객,60대이상,여,2018-05-01,1179,2685,66343400
제주도,서귀포시,읍면,쇼핑,내국인관광객,60대이상,남,2018-05-01,1929,4315,88691030
제주도,서귀포시,읍면,쇼핑,내국인관광객,50대,여,2018-05-01,2403,5018,90796320
제주도,서귀포시,읍면,쇼핑,내국인관광객,50대,남,2018-05-01,3899,9473,148800875
제주도,서귀포시,읍면,쇼핑,내국인관광객,40대,여,2018-05-01,3943,7901,120265675
제주도,서귀포시,읍면,쇼핑,내국인관광객,40대,남,2018-05-01,6398,14195,202731888
제주도,서귀포시,읍면,쇼핑,내국인관광객,30대,여,2018-05-01,4816,8755,120330356
제주도,서귀포시,읍면,쇼핑,내국인관광객,30대,남,2018-05-01,6684,14489,173690883
제주도,서귀포시,읍면,쇼핑,내국인관광객,20대미만,여,2018-05-01,650,1110,6345810
제주도,서귀포시,읍면,쇼핑,내국인관광객,20대미만,남,2018-05-01,881,1389,7223590
제주도,서귀포시,읍면,쇼핑,내국인관광객,20대,여,2018-05-01,3331,6782,62147790
제주도,서귀포시,읍면,쇼핑,내국인관광객,20대,남,2018-05-01,3531,8707,71907370
제주도,서귀포시,읍면,소매,제주도민,60대이상,여,2018-05-01,437,791,53151850
제주도,서귀포시,읍면,소매,제주도민,60대이상,남,2018-05-01,588,912,55677200
제주도,서귀포시,읍면,소매,제주도민,50대,여,2018-05-01,794,1642,97363280
제주도,서귀포시,읍면,소매,제주도민,50대,남,2018-05-01,859,1571,81191392
제주도,서귀포시,읍면,소매,제주도민,40대,여,2018-05-01,821,1526,61093370
제주도,서귀포시,읍면,소매,제주도민,40대,남,2018-05-01,964,1861,97690310
제주도,서귀포시,읍면,소매,제주도민,30대,여,2018-05-01,618,1152,33279028
제주도,서귀포시,읍면,소매,제주도민,30대,남,2018-05-01,664,1197,37628530
제주도,서귀포시,읍면,소매,제주도민,20대미만,여,2018-05-01,23,30,215920
제주도,서귀포시,읍면,소매,제주도민,20대미만,남,2018-05-01,18,31,211320
제주도,서귀포시,읍면,소매,제주도민,20대,여,2018-05-01,263,419,10572160
제주도,서귀포시,읍면,소매,제주도민,20대,남,2018-05-01,337,663,12119080
제주도,서귀포시,읍면,소매,내국인관광객,60대이상,여,2018-05-01,1078,1371,129983810
제주도,서귀포시,읍면,소매,내국인관광객,60대이상,남,2018-05-01,1062,1349,116941930
제주도,서귀포시,읍면,소매,내국인관광객,50대,여,2018-05-01,1445,1845,124203530
제주도,서귀포시,읍면,소매,내국인관광객,50대,남,2018-05-01,1565,2003,113624190
제주도,서귀포시,읍면,소매,내국인관광객,40대,여,2018-05-01,1761,2293,87973960
제주도,서귀포시,읍면,소매,내국인관광객,40대,남,2018-05-01,2242,3096,110945032
제주도,서귀포시,읍면,소매,내국인관광객,30대,여,2018-05-01,1944,2495,76833700
제주도,서귀포시,읍면,소매,내국인관광객,30대,남,2018-05-01,2031,2678,84091690
제주도,서귀포시,읍면,소매,내국인관광객,20대미만,여,2018-05-01,214,247,3150790
제주도,서귀포시,읍면,소매,내국인관광객,20대미만,남,2018-05-01,164,177,2018700
제주도,서귀포시,읍면,소매,내국인관광객,20대,여,2018-05-01,1048,1274,31938780
제주도,서귀포시,읍면,소매,내국인관광객,20대,남,2018-05-01,777,1189,23913300
제주도,서귀포시,읍면,문화/레져,제주도민,60대이상,여,2018-05-01,176,246,18399865
제주도,서귀포시,읍면,문화/레져,제주도민,60대이상,남,2018-05-01,739,1409,110713095
제주도,서귀포시,읍면,문화/레져,제주도민,50대,여,2018-05-01,450,598,43924810
제주도,서귀포시,읍면,문화/레져,제주도민,50대,남,2018-05-01,1095,1618,133665880
제주도,서귀포시,읍면,문화/레져,제주도민,40대,여,2018-05-01,657,831,73483386
제주도,서귀포시,읍면,문화/레져,제주도민,40대,남,2018-05-01,1148,1503,120516070
제주도,서귀포시,읍면,문화/레져,제주도민,30대,여,2018-05-01,585,749,32626207
제주도,서귀포시,읍면,문화/레져,제주도민,30대,남,2018-05-01,563,749,29053815
제주도,서귀포시,읍면,문화/레져,제주도민,20대미만,여,2018-05-01,15,18,453100
제주도,서귀포시,읍면,문화/레져,제주도민,20대미만,남,2018-05-01,13,30,147423
제주도,서귀포시,읍면,문화/레져,제주도민,20대,여,2018-05-01,245,265,7102090
제주도,서귀포시,읍면,문화/레져,제주도민,20대,남,2018-05-01,177,214,6748030
제주도,서귀포시,읍면,문화/레져,내국인관광객,60대이상,여,2018-05-01,665,897,66434041
제주도,서귀포시,읍면,문화/레져,내국인관광객,60대이상,남,2018-05-01,1197,1791,237410125
제주도,서귀포시,읍면,문화/레져,내국인관광객,50대,여,2018-05-01,1352,1637,94796201
제주도,서귀포시,읍면,문화/레져,내국인관광객,50대,남,2018-05-01,1985,2584,243015347
제주도,서귀포시,읍면,문화/레져,내국인관광객,40대,여,2018-05-01,2292,2880,118617898
제주도,서귀포시,읍면,문화/레져,내국인관광객,40대,남,2018-05-01,3119,4073,220540069
제주도,서귀포시,읍면,문화/레져,내국인관광객,30대,여,2018-05-01,2755,3482,131081270
제주도,서귀포시,읍면,문화/레져,내국인관광객,30대,남,2018-05-01,2746,3569,167703090
제주도,서귀포시,읍면,문화/레져,내국인관광객,20대미만,여,2018-05-01,110,121,1077300
제주도,서귀포시,읍면,문화/레져,내국인관광객,20대미만,남,2018-05-01,95,108,989900
제주도,서귀포시,읍면,문화/레져,내국인관광객,20대,여,2018-05-01,1438,1644,45993522
제주도,서귀포시,읍면,문화/레져,내국인관광객,20대,남,2018-05-01,1027,1234,35978800
제주도,서귀포시,읍면,교통,제주도민,60대이상,여,2018-05-01,781,1311,68202337
제주도,서귀포시,읍면,교통,제주도민,60대이상,남,2018-05-01,3594,6926,322944229
제주도,서귀포시,읍면,교통,제주도민,50대,여,2018-05-01,1122,1933,106538051
제주도,서귀포시,읍면,교통,제주도민,50대,남,2018-05-01,2507,4736,293485883
제주도,서귀포시,읍면,교통,제주도민,40대,여,2018-05-01,1078,1826,99003438
제주도,서귀포시,읍면,교통,제주도민,40대,남,2018-05-01,2064,3848,237773617
제주도,서귀포시,읍면,교통,제주도민,30대,여,2018-05-01,665,1098,53006399
제주도,서귀포시,읍면,교통,제주도민,30대,남,2018-05-01,1010,1659,88637322
제주도,서귀포시,읍면,교통,제주도민,20대미만,여,2018-05-01,2,5,140000
제주도,서귀포시,읍면,교통,제주도민,20대미만,남,2018-05-01,7,8,204500
제주도,서귀포시,읍면,교통,제주도민,20대,여,2018-05-01,253,360,14736871
제주도,서귀포시,읍면,교통,제주도민,20대,남,2018-05-01,342,542,21012469
제주도,서귀포시,읍면,교통,내국인관광객,60대이상,여,2018-05-01,262,349,17371972
제주도,서귀포시,읍면,교통,내국인관광객,60대이상,남,2018-05-01,600,811,39170348
제주도,서귀포시,읍면,교통,내국인관광객,50대,여,2018-05-01,578,722,35955947
제주도,서귀포시,읍면,교통,내국인관광객,50대,남,2018-05-01,1106,1398,63387933
제주도,서귀포시,읍면,교통,내국인관광객,40대,여,2018-05-01,698,834,33616181
제주도,서귀포시,읍면,교통,내국인관광객,40대,남,2018-05-01,1495,1830,76130494
제주도,서귀포시,읍면,교통,내국인관광객,30대,여,2018-05-01,917,1031,37515514
제주도,서귀포시,읍면,교통,내국인관광객,30대,남,2018-05-01,1449,1709,62787218
제주도,서귀포시,읍면,교통,내국인관광객,20대미만,여,2018-05-01,3,3,99000
제주도,서귀포시,읍면,교통,내국인관광객,20대미만,남,2018-05-01,2,2,56435
제주도,서귀포시,읍면,교통,내국인관광객,20대,여,2018-05-01,534,592,18202948
제주도,서귀포시,읍면,교통,내국인관광객,20대,남,2018-05-01,576,656,20578240
제주도,서귀포시,도심,유흥,제주도민,60대이상,여,2018-05-01,76,84,8553400
제주도,서귀포시,도심,유흥,제주도민,60대이상,남,2018-05-01,327,512,66433700
제주도,서귀포시,도심,유흥,제주도민,50대,여,2018-05-01,195,239,24298500
제주도,서귀포시,도심,유흥,제주도민,50대,남,2018-05-01,914,1366,210447110
제주도,서귀포시,도심,유흥,제주도민,40대,여,2018-05-01,263,302,24826200
제주도,서귀포시,도심,유흥,제주도민,40대,남,2018-05-01,1049,1462,250271997
제주도,서귀포시,도심,유흥,제주도민,30대,여,2018-05-01,185,231,14433300
제주도,서귀포시,도심,유흥,제주도민,30대,남,2018-05-01,562,780,102157300
제주도,서귀포시,도심,유흥,제주도민,20대미만,여,2018-05-01,7,9,376600
제주도,서귀포시,도심,유흥,제주도민,20대미만,남,2018-05-01,3,4,232000
제주도,서귀포시,도심,유흥,제주도민,20대,여,2018-05-01,244,345,13748300
제주도,서귀포시,도심,유흥,제주도민,20대,남,2018-05-01,408,628,37111800
제주도,서귀포시,도심,유흥,내국인관광객,60대이상,여,2018-05-01,47,66,4869600
제주도,서귀포시,도심,유흥,내국인관광객,60대이상,남,2018-05-01,80,94,12741500
제주도,서귀포시,도심,유흥,내국인관광객,50대,여,2018-05-01,73,87,8304200
제주도,서귀포시,도심,유흥,내국인관광객,50대,남,2018-05-01,243,333,49096800
제주도,서귀포시,도심,유흥,내국인관광객,40대,여,2018-05-01,76,96,8604900
제주도,서귀포시,도심,유흥,내국인관광객,40대,남,2018-05-01,283,399,54058600
제주도,서귀포시,도심,유흥,내국인관광객,30대,여,2018-05-01,142,182,10104200
제주도,서귀포시,도심,유흥,내국인관광객,30대,남,2018-05-01,300,381,28849640
제주도,서귀포시,도심,유흥,내국인관광객,20대미만,남,2018-05-01,2,2,67500
제주도,서귀포시,도심,유흥,내국인관광객,20대,여,2018-05-01,173,219,7845500
제주도,서귀포시,도심,유흥,내국인관광객,20대,남,2018-05-01,218,312,14888000
제주도,서귀포시,도심,식음료,제주도민,60대이상,여,2018-05-01,2573,4029,140496130
제주도,서귀포시,도심,식음료,제주도민,60대이상,남,2018-05-01,4975,8397,358641118
제주도,서귀포시,도심,식음료,제주도민,50대,여,2018-05-01,5415,9526,311826472
제주도,서귀포시,도심,식음료,제주도민,50대,남,2018-05-01,7950,14987,591754518
제주도,서귀포시,도심,식음료,제주도민,40대,여,2018-05-01,7903,15055,391979630
제주도,서귀포시,도심,식음료,제주도민,40대,남,2018-05-01,10269,19854,695392992
제주도,서귀포시,도심,식음료,제주도민,30대,여,2018-05-01,6779,12508,291453139
제주도,서귀포시,도심,식음료,제주도민,30대,남,2018-05-01,7087,13519,364706133
제주도,서귀포시,도심,식음료,제주도민,20대미만,여,2018-05-01,287,460,5726300
제주도,서귀포시,도심,식음료,제주도민,20대미만,남,2018-05-01,212,317,4836310
제주도,서귀포시,도심,식음료,제주도민,20대,여,2018-05-01,3863,7062,133082190
제주도,서귀포시,도심,식음료,제주도민,20대,남,2018-05-01,3521,6484,143071008
제주도,서귀포시,도심,식음료,내국인관광객,60대이상,여,2018-05-01,2511,3361,151487720
제주도,서귀포시,도심,식음료,내국인관광객,60대이상,남,2018-05-01,4013,5720,271289720
제주도,서귀포시,도심,식음료,내국인관광객,50대,여,2018-05-01,4787,6256,265156855
제주도,서귀포시,도심,식음료,내국인관광객,50대,남,2018-05-01,7011,10290,457010115
제주도,서귀포시,도심,식음료,내국인관광객,40대,여,2018-05-01,6968,9567,361911818
제주도,서귀포시,도심,식음료,내국인관광객,40대,남,2018-05-01,10308,15157,597135125
제주도,서귀포시,도심,식음료,내국인관광객,30대,여,2018-05-01,9904,13610,437479235
제주도,서귀포시,도심,식음료,내국인관광객,30대,남,2018-05-01,11565,16335,537208635
제주도,서귀포시,도심,식음료,내국인관광객,20대미만,여,2018-05-01,501,597,5493680
제주도,서귀포시,도심,식음료,내국인관광객,20대미만,남,2018-05-01,554,618,6471710
제주도,서귀포시,도심,식음료,내국인관광객,20대,여,2018-05-01,6907,9488,249498129
제주도,서귀포시,도심,식음료,내국인관광객,20대,남,2018-05-01,5351,7639,199197925
제주도,서귀포시,도심,숙박,제주도민,60대이상,여,2018-05-01,67,91,39620801
제주도,서귀포시,도심,숙박,제주도민,60대이상,남,2018-05-01,124,175,34550810
제주도,서귀포시,도심,숙박,제주도민,50대,여,2018-05-01,126,172,51008150
제주도,서귀포시,도심,숙박,제주도민,50대,남,2018-05-01,212,275,25492973
제주도,서귀포시,도심,숙박,제주도민,40대,여,2018-05-01,164,260,27174437
제주도,서귀포시,도심,숙박,제주도민,40대,남,2018-05-01,347,529,51430384
제주도,서귀포시,도심,숙박,제주도민,30대,여,2018-05-01,141,235,20649665
제주도,서귀포시,도심,숙박,제주도민,30대,남,2018-05-01,185,248,22340858
제주도,서귀포시,도심,숙박,제주도민,20대미만,여,2018-05-01,1,1,50000
제주도,서귀포시,도심,숙박,제주도민,20대미만,남,2018-05-01,2,2,35000
제주도,서귀포시,도심,숙박,제주도민,20대,여,2018-05-01,96,129,8936083
제주도,서귀포시,도심,숙박,제주도민,20대,남,2018-05-01,105,132,9624515
제주도,서귀포시,도심,숙박,내국인관광객,60대이상,여,2018-05-01,255,358,58720188
제주도,서귀포시,도심,숙박,내국인관광객,60대이상,남,2018-05-01,528,712,136428991
제주도,서귀포시,도심,숙박,내국인관광객,50대,여,2018-05-01,551,676,107086160
제주도,서귀포시,도심,숙박,내국인관광객,50대,남,2018-05-01,976,1218,173857101
제주도,서귀포시,도심,숙박,내국인관광객,40대,여,2018-05-01,1002,1323,194702949
제주도,서귀포시,도심,숙박,내국인관광객,40대,남,2018-05-01,1514,2015,361744964
제주도,서귀포시,도심,숙박,내국인관광객,30대,여,2018-05-01,1428,1773,283686830
제주도,서귀포시,도심,숙박,내국인관광객,30대,남,2018-05-01,1642,2078,291769919
제주도,서귀포시,도심,숙박,내국인관광객,20대미만,여,2018-05-01,18,23,557000
제주도,서귀포시,도심,숙박,내국인관광객,20대미만,남,2018-05-01,64,111,499200
제주도,서귀포시,도심,숙박,내국인관광객,20대,여,2018-05-01,747,909,105736002
제주도,서귀포시,도심,숙박,내국인관광객,20대,남,2018-05-01,520,661,70822135
제주도,서귀포시,도심,쇼핑,제주도민,60대이상,여,2018-05-01,3048,8818,343589205
제주도,서귀포시,도심,쇼핑,제주도민,60대이상,남,2018-05-01,4284,11607,386794672
제주도,서귀포시,도심,쇼핑,제주도민,50대,여,2018-05-01,5236,16613,535386494
제주도,서귀포시,도심,쇼핑,제주도민,50대,남,2018-05-01,6857,21787,500414590
제주도,서귀포시,도심,쇼핑,제주도민,40대,여,2018-05-01,7048,21972,604918288
제주도,서귀포시,도심,쇼핑,제주도민,40대,남,2018-05-01,10000,32252,672426360
제주도,서귀포시,도심,쇼핑,제주도민,30대,여,2018-05-01,5772,15874,371012852
제주도,서귀포시,도심,쇼핑,제주도민,30대,남,2018-05-01,7316,23194,375828970
제주도,서귀포시,도심,쇼핑,제주도민,20대미만,여,2018-05-01,315,759,4964400
제주도,서귀포시,도심,쇼핑,제주도민,20대미만,남,2018-05-01,297,771,4792710
제주도,서귀포시,도심,쇼핑,제주도민,20대,여,2018-05-01,3366,9338,134689320
제주도,서귀포시,도심,쇼핑,제주도민,20대,남,2018-05-01,4133,12626,123657780
제주도,서귀포시,도심,쇼핑,내국인관광객,60대이상,여,2018-05-01,1959,3954,142093330
제주도,서귀포시,도심,쇼핑,내국인관광객,60대이상,남,2018-05-01,2812,5858,167437720
제주도,서귀포시,도심,쇼핑,내국인관광객,50대,여,2018-05-01,3715,6631,214249830
제주도,서귀포시,도심,쇼핑,내국인관광객,50대,남,2018-05-01,5768,12295,305131701
제주도,서귀포시,도심,쇼핑,내국인관광객,40대,여,2018-05-01,5605,10096,267254250
제주도,서귀포시,도심,쇼핑,내국인관광객,40대,남,2018-05-01,9188,18522,402555394
제주도,서귀포시,도심,쇼핑,내국인관광객,30대,여,2018-05-01,7252,12036,280459290
제주도,서귀포시,도심,쇼핑,내국인관광객,30대,남,2018-05-01,9995,19257,350296514
제주도,서귀포시,도심,쇼핑,내국인관광객,20대미만,여,2018-05-01,747,1057,5479770
제주도,서귀포시,도심,쇼핑,내국인관광객,20대미만,남,2018-05-01,1052,1498,7354190
제주도,서귀포시,도심,쇼핑,내국인관광객,20대,여,2018-05-01,5182,9006,141425290
제주도,서귀포시,도심,쇼핑,내국인관광객,20대,남,2018-05-01,5441,11804,145164440
제주도,서귀포시,도심,소매,제주도민,60대이상,여,2018-05-01,1439,2266,249183911
제주도,서귀포시,도심,소매,제주도민,60대이상,남,2018-05-01,1257,1745,183126064
제주도,서귀포시,도심,소매,제주도민,50대,여,2018-05-01,2286,3483,364848418
제주도,서귀포시,도심,소매,제주도민,50대,남,2018-05-01,1670,2453,214368970
제주도,서귀포시,도심,소매,제주도민,40대,여,2018-05-01,2564,3876,266170430
제주도,서귀포시,도심,소매,제주도민,40대,남,2018-05-01,2165,3216,221038634
제주도,서귀포시,도심,소매,제주도민,30대,여,2018-05-01,1710,2512,128746403
제주도,서귀포시,도심,소매,제주도민,30대,남,2018-05-01,1260,1751,89597470
제주도,서귀포시,도심,소매,제주도민,20대미만,여,2018-05-01,80,94,2303540
제주도,서귀포시,도심,소매,제주도민,20대미만,남,2018-05-01,39,42,768500
제주도,서귀포시,도심,소매,제주도민,20대,여,2018-05-01,835,1130,51216478
제주도,서귀포시,도심,소매,제주도민,20대,남,2018-05-01,632,842,33262039
제주도,서귀포시,도심,소매,내국인관광객,60대이상,여,2018-05-01,1055,1367,158501102
제주도,서귀포시,도심,소매,내국인관광객,60대이상,남,2018-05-01,1137,1432,158331527
제주도,서귀포시,도심,소매,내국인관광객,50대,여,2018-05-01,1692,2186,145901238
제주도,서귀포시,도심,소매,내국인관광객,50대,남,2018-05-01,1768,2370,158536574
제주도,서귀포시,도심,소매,내국인관광객,40대,여,2018-05-01,2089,2738,115192585
제주도,서귀포시,도심,소매,내국인관광객,40대,남,2018-05-01,2447,3234,127711826
제주도,서귀포시,도심,소매,내국인관광객,30대,여,2018-05-01,2605,3632,114031002
제주도,서귀포시,도심,소매,내국인관광객,30대,남,2018-05-01,2604,3644,119908499
제주도,서귀포시,도심,소매,내국인관광객,20대미만,여,2018-05-01,310,373,4512600
제주도,서귀포시,도심,소매,내국인관광객,20대미만,남,2018-05-01,227,252,2863500
제주도,서귀포시,도심,소매,내국인관광객,20대,여,2018-05-01,1943,2682,60052014
제주도,서귀포시,도심,소매,내국인관광객,20대,남,2018-05-01,1194,1681,37584799
제주도,서귀포시,도심,문화/레져,제주도민,60대이상,여,2018-05-01,163,270,11112030
제주도,서귀포시,도심,문화/레져,제주도민,60대이상,남,2018-05-01,505,774,45605720
제주도,서귀포시,도심,문화/레져,제주도민,50대,여,2018-05-01,573,741,36779955
제주도,서귀포시,도심,문화/레져,제주도민,50대,남,2018-05-01,1030,1495,89856710
제주도,서귀포시,도심,문화/레져,제주도민,40대,여,2018-05-01,1102,1682,53331096
제주도,서귀포시,도심,문화/레져,제주도민,40대,남,2018-05-01,1282,1798,81290992
제주도,서귀포시,도심,문화/레져,제주도민,30대,여,2018-05-01,702,951,23832749
제주도,서귀포시,도심,문화/레져,제주도민,30대,남,2018-05-01,678,995,22634976
제주도,서귀포시,도심,문화/레져,제주도민,20대미만,여,2018-05-01,85,98,1312400
제주도,서귀포시,도심,문화/레져,제주도민,20대미만,남,2018-05-01,73,87,1493700
제주도,서귀포시,도심,문화/레져,제주도민,20대,여,2018-05-01,448,546,13564636
제주도,서귀포시,도심,문화/레져,제주도민,20대,남,2018-05-01,451,590,12684526
제주도,서귀포시,도심,문화/레져,내국인관광객,60대이상,여,2018-05-01,235,324,13552790
제주도,서귀포시,도심,문화/레져,내국인관광객,60대이상,남,2018-05-01,547,811,64582970
제주도,서귀포시,도심,문화/레져,내국인관광객,50대,여,2018-05-01,567,709,35733590
제주도,서귀포시,도심,문화/레져,내국인관광객,50대,남,2018-05-01,916,1219,97870000
제주도,서귀포시,도심,문화/레져,내국인관광객,40대,여,2018-05-01,794,957,43789340
제주도,서귀포시,도심,문화/레져,내국인관광객,40대,남,2018-05-01,1275,1637,78553075
제주도,서귀포시,도심,문화/레져,내국인관광객,30대,여,2018-05-01,857,1049,27049295
제주도,서귀포시,도심,문화/레져,내국인관광객,30대,남,2018-05-01,915,1176,32640700
제주도,서귀포시,도심,문화/레져,내국인관광객,20대미만,여,2018-05-01,50,60,581500
제주도,서귀포시,도심,문화/레져,내국인관광객,20대미만,남,2018-05-01,23,24,452300
제주도,서귀포시,도심,문화/레져,내국인관광객,20대,여,2018-05-01,453,507,10832896
제주도,서귀포시,도심,문화/레져,내국인관광객,20대,남,2018-05-01,539,645,15124100
제주도,서귀포시,도심,교통,제주도민,60대이상,여,2018-05-01,1034,1541,80829677
제주도,서귀포시,도심,교통,제주도민,60대이상,남,2018-05-01,3292,5579,269074935
제주도,서귀포시,도심,교통,제주도민,50대,여,2018-05-01,1783,2735,156274072
제주도,서귀포시,도심,교통,제주도민,50대,남,2018-05-01,3003,5101,286240430
제주도,서귀포시,도심,교통,제주도민,40대,여,2018-05-01,1823,2792,138133362
제주도,서귀포시,도심,교통,제주도민,40대,남,2018-05-01,3205,5232,287903008
제주도,서귀포시,도심,교통,제주도민,30대,여,2018-05-01,1315,1903,84283195
제주도,서귀포시,도심,교통,제주도민,30대,남,2018-05-01,1881,2869,132652881
제주도,서귀포시,도심,교통,제주도민,20대미만,여,2018-05-01,7,11,305000
제주도,서귀포시,도심,교통,제주도민,20대미만,남,2018-05-01,7,8,429000
제주도,서귀포시,도심,교통,제주도민,20대,여,2018-05-01,419,569,22603143
제주도,서귀포시,도심,교통,제주도민,20대,남,2018-05-01,609,890,33148414
제주도,서귀포시,도심,교통,내국인관광객,60대이상,여,2018-05-01,347,414,20602355
제주도,서귀포시,도심,교통,내국인관광객,60대이상,남,2018-05-01,761,923,48725541
제주도,서귀포시,도심,교통,내국인관광객,50대,여,2018-05-01,684,806,39303600
제주도,서귀포시,도심,교통,내국인관광객,50대,남,2018-05-01,1319,1599,72812882
제주도,서귀포시,도심,교통,내국인관광객,40대,여,2018-05-01,911,1050,42496200
제주도,서귀포시,도심,교통,내국인관광객,40대,남,2018-05-01,1930,2259,92113859
제주도,서귀포시,도심,교통,내국인관광객,30대,여,2018-05-01,1152,1263,45092105
제주도,서귀포시,도심,교통,내국인관광객,30대,남,2018-05-01,1784,2062,77363494
제주도,서귀포시,도심,교통,내국인관광객,20대미만,여,2018-05-01,2,3,125000
제주도,서귀포시,도심,교통,내국인관광객,20대미만,남,2018-05-01,3,3,120000
제주도,서귀포시,도심,교통,내국인관광객,20대,여,2018-05-01,597,660,22050349
제주도,서귀포시,도심,교통,내국인관광객,20대,남,2018-05-01,637,702,24133996
제주도,제주시,읍면,유흥,제주도민,60대이상,여,2018-04-01,19,33,4835000
제주도,제주시,읍면,유흥,제주도민,60대이상,남,2018-04-01,102,156,21615500
제주도,제주시,읍면,유흥,제주도민,50대,여,2018-04-01,50,58,5955200
제주도,제주시,읍면,유흥,제주도민,50대,남,2018-04-01,244,440,75024300
제주도,제주시,읍면,유흥,제주도민,40대,여,2018-04-01,75,106,12528118
제주도,제주시,읍면,유흥,제주도민,40대,남,2018-04-01,268,400,68142800
제주도,제주시,읍면,유흥,제주도민,30대,여,2018-04-01,56,70,4505200
제주도,제주시,읍면,유흥,제주도민,30대,남,2018-04-01,151,231,33283170
제주도,제주시,읍면,유흥,제주도민,20대미만,여,2018-04-01,1,1,33000
제주도,제주시,읍면,유흥,제주도민,20대미만,남,2018-04-01,4,8,1715000
제주도,제주시,읍면,유흥,제주도민,20대,여,2018-04-01,47,55,2178700
제주도,제주시,읍면,유흥,제주도민,20대,남,2018-04-01,64,91,7933600
제주도,제주시,읍면,유흥,내국인관광객,60대이상,여,2018-04-01,25,32,2689500
제주도,제주시,읍면,유흥,내국인관광객,60대이상,남,2018-04-01,63,88,12130000
제주도,제주시,읍면,유흥,내국인관광객,50대,여,2018-04-01,44,50,4066000
제주도,제주시,읍면,유흥,내국인관광객,50대,남,2018-04-01,142,231,34528500
제주도,제주시,읍면,유흥,내국인관광객,40대,여,2018-04-01,58,77,6302320
제주도,제주시,읍면,유흥,내국인관광객,40대,남,2018-04-01,131,178,26965500
제주도,제주시,읍면,유흥,내국인관광객,30대,여,2018-04-01,154,163,6856900
제주도,제주시,읍면,유흥,내국인관광객,30대,남,2018-04-01,168,197,13411800
제주도,제주시,읍면,유흥,내국인관광객,20대,여,2018-04-01,219,236,7545500
제주도,제주시,읍면,유흥,내국인관광객,20대,남,2018-04-01,117,126,4486250
제주도,제주시,읍면,식음료,제주도민,60대이상,여,2018-04-01,1414,2413,82913564
제주도,제주시,읍면,식음료,제주도민,60대이상,남,2018-04-01,3060,6289,249240314
제주도,제주시,읍면,식음료,제주도민,50대,여,2018-04-01,2794,5128,166396160
제주도,제주시,읍면,식음료,제주도민,50대,남,2018-04-01,4793,10840,386870676
제주도,제주시,읍면,식음료,제주도민,40대,여,2018-04-01,3746,8024,215648870
제주도,제주시,읍면,식음료,제주도민,40대,남,2018-04-01,5261,11967,371176024
제주도,제주시,읍면,식음료,제주도민,30대,여,2018-04-01,3464,6718,159950530
제주도,제주시,읍면,식음료,제주도민,30대,남,2018-04-01,3811,7776,217310138
제주도,제주시,읍면,식음료,제주도민,20대미만,여,2018-04-01,73,126,1664980
제주도,제주시,읍면,식음료,제주도민,20대미만,남,2018-04-01,65,99,1857950
제주도,제주시,읍면,식음료,제주도민,20대,여,2018-04-01,2395,3951,84635820
제주도,제주시,읍면,식음료,제주도민,20대,남,2018-04-01,1865,3397,78057812
제주도,제주시,읍면,식음료,내국인관광객,60대이상,여,2018-04-01,2479,3534,145583640
제주도,제주시,읍면,식음료,내국인관광객,60대이상,남,2018-04-01,3781,5721,245418086
제주도,제주시,읍면,식음료,내국인관광객,50대,여,2018-04-01,5930,8569,316420150
제주도,제주시,읍면,식음료,내국인관광객,50대,남,2018-04-01,6534,10128,413625924
제주도,제주시,읍면,식음료,내국인관광객,40대,여,2018-04-01,6894,10486,360884035
제주도,제주시,읍면,식음료,내국인관광객,40대,남,2018-04-01,8367,13257,472604875
제주도,제주시,읍면,식음료,내국인관광객,30대,여,2018-04-01,13298,20949,597842082
제주도,제주시,읍면,식음료,내국인관광객,30대,남,2018-04-01,12543,19338,565547713
제주도,제주시,읍면,식음료,내국인관광객,20대미만,여,2018-04-01,139,158,2407200
제주도,제주시,읍면,식음료,내국인관광객,20대미만,남,2018-04-01,234,288,4925133
제주도,제주시,읍면,식음료,내국인관광객,20대,여,2018-04-01,11386,17611,418197385
제주도,제주시,읍면,식음료,내국인관광객,20대,남,2018-04-01,6321,9489,224286773
제주도,제주시,읍면,숙박,제주도민,60대이상,여,2018-04-01,35,68,12181180
제주도,제주시,읍면,숙박,제주도민,60대이상,남,2018-04-01,61,104,7461700
제주도,제주시,읍면,숙박,제주도민,50대,여,2018-04-01,61,125,7553390
제주도,제주시,읍면,숙박,제주도민,50대,남,2018-04-01,116,164,13930520
제주도,제주시,읍면,숙박,제주도민,40대,여,2018-04-01,96,152,4646970
제주도,제주시,읍면,숙박,제주도민,40대,남,2018-04-01,159,226,17359920
제주도,제주시,읍면,숙박,제주도민,30대,여,2018-04-01,73,89,3071290
제주도,제주시,읍면,숙박,제주도민,30대,남,2018-04-01,151,240,8702210
제주도,제주시,읍면,숙박,제주도민,20대미만,남,2018-04-01,4,11,290900
제주도,제주시,읍면,숙박,제주도민,20대,여,2018-04-01,93,114,8501350
제주도,제주시,읍면,숙박,제주도민,20대,남,2018-04-01,97,129,6289390
제주도,제주시,읍면,숙박,내국인관광객,60대이상,여,2018-04-01,199,292,33919552
제주도,제주시,읍면,숙박,내국인관광객,60대이상,남,2018-04-01,395,624,60933852
제주도,제주시,읍면,숙박,내국인관광객,50대,여,2018-04-01,512,681,63937702
제주도,제주시,읍면,숙박,내국인관광객,50대,남,2018-04-01,620,799,75960596
제주도,제주시,읍면,숙박,내국인관광객,40대,여,2018-04-01,656,880,81130079
제주도,제주시,읍면,숙박,내국인관광객,40대,남,2018-04-01,839,1154,102846199
제주도,제주시,읍면,숙박,내국인관광객,30대,여,2018-04-01,944,1178,88476037
제주도,제주시,읍면,숙박,내국인관광객,30대,남,2018-04-01,927,1208,84708030
제주도,제주시,읍면,숙박,내국인관광객,20대미만,여,2018-04-01,35,48,205380
제주도,제주시,읍면,숙박,내국인관광객,20대미만,남,2018-04-01,16,33,713950
제주도,제주시,읍면,숙박,내국인관광객,20대,여,2018-04-01,589,659,33455586
제주도,제주시,읍면,숙박,내국인관광객,20대,남,2018-04-01,356,443,18485486
제주도,제주시,읍면,쇼핑,제주도민,60대이상,여,2018-04-01,1610,5141,165611790
제주도,제주시,읍면,쇼핑,제주도민,60대이상,남,2018-04-01,2903,9451,274913781
제주도,제주시,읍면,쇼핑,제주도민,50대,여,2018-04-01,2919,9636,268205980
제주도,제주시,읍면,쇼핑,제주도민,50대,남,2018-04-01,5196,17408,361760630
제주도,제주시,읍면,쇼핑,제주도민,40대,여,2018-04-01,3721,13561,295214174
제주도,제주시,읍면,쇼핑,제주도민,40대,남,2018-04-01,6640,22995,396764738
제주도,제주시,읍면,쇼핑,제주도민,30대,여,2018-04-01,2973,9813,176618258
제주도,제주시,읍면,쇼핑,제주도민,30대,남,2018-04-01,4919,16920,223789718
제주도,제주시,읍면,쇼핑,제주도민,20대미만,여,2018-04-01,134,517,2467400
제주도,제주시,읍면,쇼핑,제주도민,20대미만,남,2018-04-01,166,656,2578140
제주도,제주시,읍면,쇼핑,제주도민,20대,여,2018-04-01,1856,5871,53076320
제주도,제주시,읍면,쇼핑,제주도민,20대,남,2018-04-01,2747,10229,84179295
제주도,제주시,읍면,쇼핑,내국인관광객,60대이상,여,2018-04-01,1367,2961,76771150
제주도,제주시,읍면,쇼핑,내국인관광객,60대이상,남,2018-04-01,2147,4567,95383620
제주도,제주시,읍면,쇼핑,내국인관광객,50대,여,2018-04-01,2757,5174,114549950
제주도,제주시,읍면,쇼핑,내국인관광객,50대,남,2018-04-01,4166,9539,170654554
제주도,제주시,읍면,쇼핑,내국인관광객,40대,여,2018-04-01,3502,6830,125834620
제주도,제주시,읍면,쇼핑,내국인관광객,40대,남,2018-04-01,5978,13730,223251445
제주도,제주시,읍면,쇼핑,내국인관광객,30대,여,2018-04-01,5665,9870,155482974
제주도,제주시,읍면,쇼핑,내국인관광객,30대,남,2018-04-01,7398,14783,202664650
제주도,제주시,읍면,쇼핑,내국인관광객,20대미만,여,2018-04-01,220,370,1854820
제주도,제주시,읍면,쇼핑,내국인관광객,20대미만,남,2018-04-01,362,727,3646600
제주도,제주시,읍면,쇼핑,내국인관광객,20대,여,2018-04-01,4527,7833,81561780
제주도,제주시,읍면,쇼핑,내국인관광객,20대,남,2018-04-01,4107,8718,85654464
제주도,제주시,읍면,소매,제주도민,60대이상,여,2018-04-01,347,484,52648362
제주도,제주시,읍면,소매,제주도민,60대이상,남,2018-04-01,532,732,57953667
제주도,제주시,읍면,소매,제주도민,50대,여,2018-04-01,597,842,67543926
제주도,제주시,읍면,소매,제주도민,50대,남,2018-04-01,863,1230,68398844
제주도,제주시,읍면,소매,제주도민,40대,여,2018-04-01,687,1001,40767660
제주도,제주시,읍면,소매,제주도민,40대,남,2018-04-01,1007,1476,75701866
제주도,제주시,읍면,소매,제주도민,30대,여,2018-04-01,552,799,26512446
제주도,제주시,읍면,소매,제주도민,30대,남,2018-04-01,650,989,35359400
제주도,제주시,읍면,소매,제주도민,20대미만,여,2018-04-01,16,22,110840
제주도,제주시,읍면,소매,제주도민,20대미만,남,2018-04-01,9,10,41980
제주도,제주시,읍면,소매,제주도민,20대,여,2018-04-01,333,457,8373020
제주도,제주시,읍면,소매,제주도민,20대,남,2018-04-01,358,523,9904060
제주도,제주시,읍면,소매,내국인관광객,60대이상,여,2018-04-01,951,1138,67318992
제주도,제주시,읍면,소매,내국인관광객,60대이상,남,2018-04-01,1044,1235,82970743
제주도,제주시,읍면,소매,내국인관광객,50대,여,2018-04-01,1578,1900,85993617
제주도,제주시,읍면,소매,내국인관광객,50대,남,2018-04-01,1380,1617,76747663
제주도,제주시,읍면,소매,내국인관광객,40대,여,2018-04-01,1454,1767,55469050
제주도,제주시,읍면,소매,내국인관광객,40대,남,2018-04-01,1515,1876,62516514
제주도,제주시,읍면,소매,내국인관광객,30대,여,2018-04-01,2170,2592,73163698
제주도,제주시,읍면,소매,내국인관광객,30대,남,2018-04-01,1869,2218,61781013
제주도,제주시,읍면,소매,내국인관광객,20대미만,여,2018-04-01,336,475,5342650
제주도,제주시,읍면,소매,내국인관광객,20대미만,남,2018-04-01,349,499,4279300
제주도,제주시,읍면,소매,내국인관광객,20대,여,2018-04-01,2255,2593,62239030
제주도,제주시,읍면,소매,내국인관광객,20대,남,2018-04-01,1080,1258,31973106
제주도,제주시,읍면,문화/레져,제주도민,60대이상,여,2018-04-01,130,192,11620215
제주도,제주시,읍면,문화/레져,제주도민,60대이상,남,2018-04-01,421,578,61920520
제주도,제주시,읍면,문화/레져,제주도민,50대,여,2018-04-01,392,573,45790238
제주도,제주시,읍면,문화/레져,제주도민,50대,남,2018-04-01,1051,1385,151875490
제주도,제주시,읍면,문화/레져,제주도민,40대,여,2018-04-01,532,778,66419888
제주도,제주시,읍면,문화/레져,제주도민,40대,남,2018-04-01,1054,1387,119586980
제주도,제주시,읍면,문화/레져,제주도민,30대,여,2018-04-01,425,585,17411000
제주도,제주시,읍면,문화/레져,제주도민,30대,남,2018-04-01,435,684,30486005
제주도,제주시,읍면,문화/레져,제주도민,20대미만,여,2018-04-01,15,28,106600
제주도,제주시,읍면,문화/레져,제주도민,20대미만,남,2018-04-01,25,67,244110
제주도,제주시,읍면,문화/레져,제주도민,20대,여,2018-04-01,261,383,5434605
제주도,제주시,읍면,문화/레져,제주도민,20대,남,2018-04-01,239,601,6639900
제주도,제주시,읍면,문화/레져,내국인관광객,60대이상,여,2018-04-01,765,1027,72647640
제주도,제주시,읍면,문화/레져,내국인관광객,60대이상,남,2018-04-01,1398,1924,221496255
제주도,제주시,읍면,문화/레져,내국인관광객,50대,여,2018-04-01,1751,2245,125955985
제주도,제주시,읍면,문화/레져,내국인관광객,50대,남,2018-04-01,2214,2801,274409401
제주도,제주시,읍면,문화/레져,내국인관광객,40대,여,2018-04-01,1910,2514,103147403
제주도,제주시,읍면,문화/레져,내국인관광객,40대,남,2018-04-01,2427,3195,197858700
제주도,제주시,읍면,문화/레져,내국인관광객,30대,여,2018-04-01,2209,2886,64991655
제주도,제주시,읍면,문화/레져,내국인관광객,30대,남,2018-04-01,2113,2805,80408589
제주도,제주시,읍면,문화/레져,내국인관광객,20대미만,여,2018-04-01,156,185,1339500
제주도,제주시,읍면,문화/레져,내국인관광객,20대미만,남,2018-04-01,83,92,492500
제주도,제주시,읍면,문화/레져,내국인관광객,20대,여,2018-04-01,1177,1415,28735460
제주도,제주시,읍면,문화/레져,내국인관광객,20대,남,2018-04-01,738,1073,20291400
제주도,제주시,읍면,교통,제주도민,60대이상,여,2018-04-01,1033,1749,116624683
제주도,제주시,읍면,교통,제주도민,60대이상,남,2018-04-01,3891,8143,463112670
제주도,제주시,읍면,교통,제주도민,50대,여,2018-04-01,1376,2277,137359997
제주도,제주시,읍면,교통,제주도민,50대,남,2018-04-01,3019,5996,361029419
제주도,제주시,읍면,교통,제주도민,40대,여,2018-04-01,1335,2178,130258361
제주도,제주시,읍면,교통,제주도민,40대,남,2018-04-01,2622,4810,309449283
제주도,제주시,읍면,교통,제주도민,30대,여,2018-04-01,934,1381,66121082
제주도,제주시,읍면,교통,제주도민,30대,남,2018-04-01,1394,2209,110086576
제주도,제주시,읍면,교통,제주도민,20대미만,여,2018-04-01,4,6,277425
제주도,제주시,읍면,교통,제주도민,20대미만,남,2018-04-01,8,8,242700
제주도,제주시,읍면,교통,제주도민,20대,여,2018-04-01,346,470,17256336
제주도,제주시,읍면,교통,제주도민,20대,남,2018-04-01,509,792,29244145
제주도,제주시,읍면,교통,내국인관광객,60대이상,여,2018-04-01,740,912,45806301
제주도,제주시,읍면,교통,내국인관광객,60대이상,남,2018-04-01,1647,2070,119310313
제주도,제주시,읍면,교통,내국인관광객,50대,여,2018-04-01,1804,2254,100211963
제주도,제주시,읍면,교통,내국인관광객,50대,남,2018-04-01,3102,3806,221267314
제주도,제주시,읍면,교통,내국인관광객,40대,여,2018-04-01,1786,2164,88088871
제주도,제주시,읍면,교통,내국인관광객,40대,남,2018-04-01,3510,4301,219597843
제주도,제주시,읍면,교통,내국인관광객,30대,여,2018-04-01,2687,3125,102327302
제주도,제주시,읍면,교통,내국인관광객,30대,남,2018-04-01,4135,4773,185395951
제주도,제주시,읍면,교통,내국인관광객,20대미만,여,2018-04-01,1,1,81300
제주도,제주시,읍면,교통,내국인관광객,20대미만,남,2018-04-01,8,11,163000
제주도,제주시,읍면,교통,내국인관광객,20대,여,2018-04-01,2275,2565,62198545
제주도,제주시,읍면,교통,내국인관광객,20대,남,2018-04-01,1896,2159,69453378
제주도,제주시,도심,유흥,제주도민,60대이상,여,2018-04-01,253,344,46459270
제주도,제주시,도심,유흥,제주도민,60대이상,남,2018-04-01,1182,1644,197562820
제주도,제주시,도심,유흥,제주도민,50대,여,2018-04-01,828,1021,80724050
제주도,제주시,도심,유흥,제주도민,50대,남,2018-04-01,3793,5753,797859233
제주도,제주시,도심,유흥,제주도민,40대,여,2018-04-01,1261,1574,112502000
제주도,제주시,도심,유흥,제주도민,40대,남,2018-04-01,4490,6489,1016843994
제주도,제주시,도심,유흥,제주도민,30대,여,2018-04-01,1056,1304,76754085
제주도,제주시,도심,유흥,제주도민,30대,남,2018-04-01,3060,4207,468387058
제주도,제주시,도심,유흥,제주도민,20대미만,여,2018-04-01,28,38,1155800
제주도,제주시,도심,유흥,제주도민,20대미만,남,2018-04-01,38,50,1865450
제주도,제주시,도심,유흥,제주도민,20대,여,2018-04-01,1746,2489,109695605
제주도,제주시,도심,유흥,제주도민,20대,남,2018-04-01,2464,3806,215702770
제주도,제주시,도심,유흥,내국인관광객,60대이상,여,2018-04-01,149,180,24628800
제주도,제주시,도심,유흥,내국인관광객,60대이상,남,2018-04-01,318,415,72732900
제주도,제주시,도심,유흥,내국인관광객,50대,여,2018-04-01,317,383,42784320
제주도,제주시,도심,유흥,내국인관광객,50대,남,2018-04-01,1025,1320,251292300
제주도,제주시,도심,유흥,내국인관광객,40대,여,2018-04-01,282,330,35553300
제주도,제주시,도심,유흥,내국인관광객,40대,남,2018-04-01,1035,1385,256086300
제주도,제주시,도심,유흥,내국인관광객,30대,여,2018-04-01,243,296,20701600
제주도,제주시,도심,유흥,내국인관광객,30대,남,2018-04-01,831,1129,131694560
제주도,제주시,도심,유흥,내국인관광객,20대미만,여,2018-04-01,2,4,236200
제주도,제주시,도심,유흥,내국인관광객,20대미만,남,2018-04-01,4,16,240800
제주도,제주시,도심,유흥,내국인관광객,20대,여,2018-04-01,363,476,27690810
제주도,제주시,도심,유흥,내국인관광객,20대,남,2018-04-01,541,779,48275709
제주도,제주시,도심,식음료,제주도민,60대이상,여,2018-04-01,9395,16218,500036536
제주도,제주시,도심,식음료,제주도민,60대이상,남,2018-04-01,16761,32490,1228359615
제주도,제주시,도심,식음료,제주도민,50대,여,2018-04-01,21313,44539,1233896672
제주도,제주시,도심,식음료,제주도민,50대,남,2018-04-01,30770,69272,2451758934
제주도,제주시,도심,식음료,제주도민,40대,여,2018-04-01,31000,74862,1813114123
제주도,제주시,도심,식음료,제주도민,40대,남,2018-04-01,36846,85219,2794501945
제주도,제주시,도심,식음료,제주도민,30대,여,2018-04-01,27278,63047,1337242185
제주도,제주시,도심,식음료,제주도민,30대,남,2018-04-01,30174,70274,1931137492
제주도,제주시,도심,식음료,제주도민,20대미만,여,2018-04-01,1295,3263,36115064
제주도,제주시,도심,식음료,제주도민,20대미만,남,2018-04-01,1239,2862,36922069
제주도,제주시,도심,식음료,제주도민,20대,여,2018-04-01,23235,62866,1075978452
제주도,제주시,도심,식음료,제주도민,20대,남,2018-04-01,19564,51587,1086695505
제주도,제주시,도심,식음료,내국인관광객,60대이상,여,2018-04-01,5134,6767,318250317
제주도,제주시,도심,식음료,내국인관광객,60대이상,남,2018-04-01,8589,12059,569293197
제주도,제주시,도심,식음료,내국인관광객,50대,여,2018-04-01,11235,15285,654953602
제주도,제주시,도심,식음료,내국인관광객,50대,남,2018-04-01,16631,25597,1116315959
제주도,제주시,도심,식음료,내국인관광객,40대,여,2018-04-01,12504,18513,598946214
제주도,제주시,도심,식음료,내국인관광객,40대,남,2018-04-01,19560,30691,1101877787
제주도,제주시,도심,식음료,내국인관광객,30대,여,2018-04-01,19243,26962,705628883
제주도,제주시,도심,식음료,내국인관광객,30대,남,2018-04-01,22432,33656,945560751
제주도,제주시,도심,식음료,내국인관광객,20대미만,여,2018-04-01,333,490,5590741
제주도,제주시,도심,식음료,내국인관광객,20대미만,남,2018-04-01,387,537,6390090
제주도,제주시,도심,식음료,내국인관광객,20대,여,2018-04-01,15916,24375,498337782
제주도,제주시,도심,식음료,내국인관광객,20대,남,2018-04-01,11965,20027,440410725
제주도,제주시,도심,숙박,제주도민,60대이상,여,2018-04-01,202,270,97775161
제주도,제주시,도심,숙박,제주도민,60대이상,남,2018-04-01,358,558,140185739
제주도,제주시,도심,숙박,제주도민,50대,여,2018-04-01,339,460,83152090
제주도,제주시,도심,숙박,제주도민,50대,남,2018-04-01,683,912,173999372
제주도,제주시,도심,숙박,제주도민,40대,여,2018-04-01,375,500,52695898
제주도,제주시,도심,숙박,제주도민,40대,남,2018-04-01,911,1232,96987897
제주도,제주시,도심,숙박,제주도민,30대,여,2018-04-01,327,423,58198190
제주도,제주시,도심,숙박,제주도민,30대,남,2018-04-01,722,996,105426784
제주도,제주시,도심,숙박,제주도민,20대미만,여,2018-04-01,6,6,232000
제주도,제주시,도심,숙박,제주도민,20대미만,남,2018-04-01,21,28,963800
제주도,제주시,도심,숙박,제주도민,20대,여,2018-04-01,412,543,25029660
제주도,제주시,도심,숙박,제주도민,20대,남,2018-04-01,656,874,36883517
제주도,제주시,도심,숙박,내국인관광객,60대이상,여,2018-04-01,321,435,58471746
제주도,제주시,도심,숙박,내국인관광객,60대이상,남,2018-04-01,763,960,137158072
제주도,제주시,도심,숙박,내국인관광객,50대,여,2018-04-01,747,913,117579546
제주도,제주시,도심,숙박,내국인관광객,50대,남,2018-04-01,1579,2024,250203317
제주도,제주시,도심,숙박,내국인관광객,40대,여,2018-04-01,875,1187,151059419
제주도,제주시,도심,숙박,내국인관광객,40대,남,2018-04-01,1804,2351,235540970
제주도,제주시,도심,숙박,내국인관광객,30대,여,2018-04-01,1067,1351,160043956
제주도,제주시,도심,숙박,내국인관광객,30대,남,2018-04-01,1565,1978,205123584
제주도,제주시,도심,숙박,내국인관광객,20대미만,여,2018-04-01,20,23,864000
제주도,제주시,도심,숙박,내국인관광객,20대미만,남,2018-04-01,17,24,465000
제주도,제주시,도심,숙박,내국인관광객,20대,여,2018-04-01,732,836,68489288
제주도,제주시,도심,숙박,내국인관광객,20대,남,2018-04-01,702,804,48567649
제주도,제주시,도심,쇼핑,제주도민,60대이상,여,2018-04-01,11690,34884,1128073190
제주도,제주시,도심,쇼핑,제주도민,60대이상,남,2018-04-01,15145,45016,1227459150
제주도,제주시,도심,쇼핑,제주도민,50대,여,2018-04-01,21586,71219,1980263658
제주도,제주시,도심,쇼핑,제주도민,50대,남,2018-04-01,28052,93139,2032823845
제주도,제주시,도심,쇼핑,제주도민,40대,여,2018-04-01,28910,97701,2360892317
제주도,제주시,도심,쇼핑,제주도민,40대,남,2018-04-01,37218,128796,2475551594
제주도,제주시,도심,쇼핑,제주도민,30대,여,2018-04-01,24232,74762,1500017965
제주도,제주시,도심,쇼핑,제주도민,30대,남,2018-04-01,31228,109196,1578176455
제주도,제주시,도심,쇼핑,제주도민,20대미만,여,2018-04-01,1321,4407,21538554
제주도,제주시,도심,쇼핑,제주도민,20대미만,남,2018-04-01,1684,6732,29331878
제주도,제주시,도심,쇼핑,제주도민,20대,여,2018-04-01,20043,68098,740968848
제주도,제주시,도심,쇼핑,제주도민,20대,남,2018-04-01,22227,85942,714624767
제주도,제주시,도심,쇼핑,내국인관광객,60대이상,여,2018-04-01,6891,12135,600694488
제주도,제주시,도심,쇼핑,내국인관광객,60대이상,남,2018-04-01,9718,17974,796372720
제주도,제주시,도심,쇼핑,내국인관광객,50대,여,2018-04-01,13916,24618,1150466081
제주도,제주시,도심,쇼핑,내국인관광객,50대,남,2018-04-01,19994,41660,1500097723
제주도,제주시,도심,쇼핑,내국인관광객,40대,여,2018-04-01,14118,27615,1123672219
제주도,제주시,도심,쇼핑,내국인관광객,40대,남,2018-04-01,23799,50837,1545995326
제주도,제주시,도심,쇼핑,내국인관광객,30대,여,2018-04-01,18409,33666,1178445216
제주도,제주시,도심,쇼핑,내국인관광객,30대,남,2018-04-01,24692,49947,1335015854
제주도,제주시,도심,쇼핑,내국인관광객,20대미만,여,2018-04-01,911,1457,37482750
제주도,제주시,도심,쇼핑,내국인관광객,20대미만,남,2018-04-01,638,1046,15042170
제주도,제주시,도심,쇼핑,내국인관광객,20대,여,2018-04-01,15280,29986,762262421
제주도,제주시,도심,쇼핑,내국인관광객,20대,남,2018-04-01,14256,34275,568445884
제주도,제주시,도심,소매,제주도민,60대이상,여,2018-04-01,5864,8934,889105336
제주도,제주시,도심,소매,제주도민,60대이상,남,2018-04-01,5150,7478,769052429
제주도,제주시,도심,소매,제주도민,50대,여,2018-04-01,8468,13352,1297486305
제주도,제주시,도심,소매,제주도민,50대,남,2018-04-01,7627,11469,1065217488
제주도,제주시,도심,소매,제주도민,40대,여,2018-04-01,10396,17540,1225136144
제주도,제주시,도심,소매,제주도민,40대,남,2018-04-01,8498,13294,1072229071
제주도,제주시,도심,소매,제주도민,30대,여,2018-04-01,7381,11801,710877755
제주도,제주시,도심,소매,제주도민,30대,남,2018-04-01,5517,8138,536057910
제주도,제주시,도심,소매,제주도민,20대미만,여,2018-04-01,354,698,13456460
제주도,제주시,도심,소매,제주도민,20대미만,남,2018-04-01,234,384,8883420
제주도,제주시,도심,소매,제주도민,20대,여,2018-04-01,5114,7884,353252383
제주도,제주시,도심,소매,제주도민,20대,남,2018-04-01,3421,5105,253916180
제주도,제주시,도심,소매,내국인관광객,60대이상,여,2018-04-01,5049,6023,394392470
제주도,제주시,도심,소매,내국인관광객,60대이상,남,2018-04-01,4828,5700,385982982
제주도,제주시,도심,소매,내국인관광객,50대,여,2018-04-01,7678,9312,487215882
제주도,제주시,도심,소매,내국인관광객,50대,남,2018-04-01,7354,8885,526335327
제주도,제주시,도심,소매,내국인관광객,40대,여,2018-04-01,6436,7947,361089975
제주도,제주시,도심,소매,내국인관광객,40대,남,2018-04-01,7319,8983,406424116
제주도,제주시,도심,소매,내국인관광객,30대,여,2018-04-01,7953,9783,368585976
제주도,제주시,도심,소매,내국인관광객,30대,남,2018-04-01,7580,9301,363925708
제주도,제주시,도심,소매,내국인관광객,20대미만,여,2018-04-01,622,751,14723250
제주도,제주시,도심,소매,내국인관광객,20대미만,남,2018-04-01,559,660,13615100
제주도,제주시,도심,소매,내국인관광객,20대,여,2018-04-01,6515,8155,237087243
제주도,제주시,도심,소매,내국인관광객,20대,남,2018-04-01,3858,4646,148116780
제주도,제주시,도심,문화/레져,제주도민,60대이상,여,2018-04-01,583,811,36565398
제주도,제주시,도심,문화/레져,제주도민,60대이상,남,2018-04-01,1295,1856,107745811
제주도,제주시,도심,문화/레져,제주도민,50대,여,2018-04-01,2165,3066,116714356
제주도,제주시,도심,문화/레져,제주도민,50대,남,2018-04-01,3393,4683,259349974
제주도,제주시,도심,문화/레져,제주도민,40대,여,2018-04-01,5258,7790,225998438
제주도,제주시,도심,문화/레져,제주도민,40대,남,2018-04-01,4908,7330,291688972
제주도,제주시,도심,문화/레져,제주도민,30대,여,2018-04-01,3631,5337,146904299
제주도,제주시,도심,문화/레져,제주도민,30대,남,2018-04-01,3271,5264,131851832
제주도,제주시,도심,문화/레져,제주도민,20대미만,여,2018-04-01,458,789,8055327
제주도,제주시,도심,문화/레져,제주도민,20대미만,남,2018-04-01,559,1356,12643323
제주도,제주시,도심,문화/레져,제주도민,20대,여,2018-04-01,3789,6272,117877654
제주도,제주시,도심,문화/레져,제주도민,20대,남,2018-04-01,4495,11970,133449000
제주도,제주시,도심,문화/레져,내국인관광객,60대이상,여,2018-04-01,260,354,22184117
제주도,제주시,도심,문화/레져,내국인관광객,60대이상,남,2018-04-01,468,608,66008952
제주도,제주시,도심,문화/레져,내국인관광객,50대,여,2018-04-01,579,735,45890971
제주도,제주시,도심,문화/레져,내국인관광객,50대,남,2018-04-01,1126,1541,127951234
제주도,제주시,도심,문화/레져,내국인관광객,40대,여,2018-04-01,800,1165,45990260
제주도,제주시,도심,문화/레져,내국인관광객,40대,남,2018-04-01,1291,1849,92253277
제주도,제주시,도심,문화/레져,내국인관광객,30대,여,2018-04-01,846,1133,27497845
제주도,제주시,도심,문화/레져,내국인관광객,30대,남,2018-04-01,1272,1924,47940394
제주도,제주시,도심,문화/레져,내국인관광객,20대미만,여,2018-04-01,108,153,2537100
제주도,제주시,도심,문화/레져,내국인관광객,20대미만,남,2018-04-01,184,286,3911890
제주도,제주시,도심,문화/레져,내국인관광객,20대,여,2018-04-01,1054,1529,24422655
제주도,제주시,도심,문화/레져,내국인관광객,20대,남,2018-04-01,1417,3393,38009276
제주도,제주시,도심,교통,제주도민,60대이상,여,2018-04-01,3046,4324,238144880
제주도,제주시,도심,교통,제주도민,60대이상,남,2018-04-01,6713,10498,610891644
제주도,제주시,도심,교통,제주도민,50대,여,2018-04-01,6252,8867,533614418
제주도,제주시,도심,교통,제주도민,50대,남,2018-04-01,9916,15522,933413978
제주도,제주시,도심,교통,제주도민,40대,여,2018-04-01,7088,10091,519920110
제주도,제주시,도심,교통,제주도민,40대,남,2018-04-01,10566,15913,876227123
제주도,제주시,도심,교통,제주도민,30대,여,2018-04-01,5083,6794,322088737
제주도,제주시,도심,교통,제주도민,30대,남,2018-04-01,7234,10320,482568808
제주도,제주시,도심,교통,제주도민,20대미만,여,2018-04-01,11,13,588941
제주도,제주시,도심,교통,제주도민,20대미만,남,2018-04-01,31,35,1067480
제주도,제주시,도심,교통,제주도민,20대,여,2018-04-01,2371,3007,126762071
제주도,제주시,도심,교통,제주도민,20대,남,2018-04-01,3240,4375,171401005
제주도,제주시,도심,교통,내국인관광객,60대이상,여,2018-04-01,1513,1695,147565921
제주도,제주시,도심,교통,내국인관광객,60대이상,남,2018-04-01,3329,3829,309510405
제주도,제주시,도심,교통,내국인관광객,50대,여,2018-04-01,4223,4662,431957773
제주도,제주시,도심,교통,내국인관광객,50대,남,2018-04-01,6927,7916,684701972
제주도,제주시,도심,교통,내국인관광객,40대,여,2018-04-01,5245,5860,640016406
제주도,제주시,도심,교통,내국인관광객,40대,남,2018-04-01,9034,10406,1036627543
제주도,제주시,도심,교통,내국인관광객,30대,여,2018-04-01,8496,9157,983635386
제주도,제주시,도심,교통,내국인관광객,30대,남,2018-04-01,11162,12455,1055387112
제주도,제주시,도심,교통,내국인관광객,20대미만,여,2018-04-01,23,24,1759300
제주도,제주시,도심,교통,내국인관광객,20대미만,남,2018-04-01,28,36,3244886
제주도,제주시,도심,교통,내국인관광객,20대,여,2018-04-01,5711,5915,611816017
제주도,제주시,도심,교통,내국인관광객,20대,남,2018-04-01,4899,5369,424311424
제주도,서귀포시,읍면,유흥,제주도민,60대이상,여,2018-04-01,16,20,2161900
제주도,서귀포시,읍면,유흥,제주도민,60대이상,남,2018-04-01,204,379,46710822
제주도,서귀포시,읍면,유흥,제주도민,50대,여,2018-04-01,89,135,15456350
제주도,서귀포시,읍면,유흥,제주도민,50대,남,2018-04-01,405,775,121999160
제주도,서귀포시,읍면,유흥,제주도민,40대,여,2018-04-01,81,100,8554300
제주도,서귀포시,읍면,유흥,제주도민,40대,남,2018-04-01,362,694,122974300
제주도,서귀포시,읍면,유흥,제주도민,30대,여,2018-04-01,43,58,3681850
제주도,서귀포시,읍면,유흥,제주도민,30대,남,2018-04-01,155,263,32887950
제주도,서귀포시,읍면,유흥,제주도민,20대미만,여,2018-04-01,3,4,329800
제주도,서귀포시,읍면,유흥,제주도민,20대미만,남,2018-04-01,1,1,180000
제주도,서귀포시,읍면,유흥,제주도민,20대,여,2018-04-01,35,48,2758000
제주도,서귀포시,읍면,유흥,제주도민,20대,남,2018-04-01,76,131,10368200
제주도,서귀포시,읍면,유흥,내국인관광객,60대이상,여,2018-04-01,20,25,1785700
제주도,서귀포시,읍면,유흥,내국인관광객,60대이상,남,2018-04-01,64,93,14450350
제주도,서귀포시,읍면,유흥,내국인관광객,50대,여,2018-04-01,43,53,3215100
제주도,서귀포시,읍면,유흥,내국인관광객,50대,남,2018-04-01,146,250,42982700
제주도,서귀포시,읍면,유흥,내국인관광객,40대,여,2018-04-01,39,46,2776800
제주도,서귀포시,읍면,유흥,내국인관광객,40대,남,2018-04-01,127,195,26956900
제주도,서귀포시,읍면,유흥,내국인관광객,30대,여,2018-04-01,48,91,3824080
제주도,서귀포시,읍면,유흥,내국인관광객,30대,남,2018-04-01,87,149,17773900
제주도,서귀포시,읍면,유흥,내국인관광객,20대미만,여,2018-04-01,1,1,300000
제주도,서귀포시,읍면,유흥,내국인관광객,20대,여,2018-04-01,44,47,1907800
제주도,서귀포시,읍면,유흥,내국인관광객,20대,남,2018-04-01,53,69,3314200
제주도,서귀포시,읍면,식음료,제주도민,60대이상,여,2018-04-01,1048,1938,82158329
제주도,서귀포시,읍면,식음료,제주도민,60대이상,남,2018-04-01,2447,5096,227065794
제주도,서귀포시,읍면,식음료,제주도민,50대,여,2018-04-01,2215,4664,155004013
제주도,서귀포시,읍면,식음료,제주도민,50대,남,2018-04-01,3600,8566,354552593
제주도,서귀포시,읍면,식음료,제주도민,40대,여,2018-04-01,2654,6314,181133691
제주도,서귀포시,읍면,식음료,제주도민,40대,남,2018-04-01,3885,9174,318769962
제주도,서귀포시,읍면,식음료,제주도민,30대,여,2018-04-01,2176,4714,115464414
제주도,서귀포시,읍면,식음료,제주도민,30대,남,2018-04-01,2592,5473,160603293
제주도,서귀포시,읍면,식음료,제주도민,20대미만,여,2018-04-01,58,122,1989695
제주도,서귀포시,읍면,식음료,제주도민,20대미만,남,2018-04-01,71,139,2379875
제주도,서귀포시,읍면,식음료,제주도민,20대,여,2018-04-01,1212,2450,53834265
제주도,서귀포시,읍면,식음료,제주도민,20대,남,2018-04-01,1173,2510,63037305
제주도,서귀포시,읍면,식음료,내국인관광객,60대이상,여,2018-04-01,2441,3385,173946315
제주도,서귀포시,읍면,식음료,내국인관광객,60대이상,남,2018-04-01,3673,5267,277533695
제주도,서귀포시,읍면,식음료,내국인관광객,50대,여,2018-04-01,5197,7447,348949981
제주도,서귀포시,읍면,식음료,내국인관광객,50대,남,2018-04-01,5927,9400,453235192
제주도,서귀포시,읍면,식음료,내국인관광객,40대,여,2018-04-01,5724,8792,345981415
제주도,서귀포시,읍면,식음료,내국인관광객,40대,남,2018-04-01,7306,11779,464596045
제주도,서귀포시,읍면,식음료,내국인관광객,30대,여,2018-04-01,8939,13465,438496110
제주도,서귀포시,읍면,식음료,내국인관광객,30대,남,2018-04-01,9367,13936,488402354
제주도,서귀포시,읍면,식음료,내국인관광객,20대미만,여,2018-04-01,643,786,12706895
제주도,서귀포시,읍면,식음료,내국인관광객,20대미만,남,2018-04-01,396,528,7238290
제주도,서귀포시,읍면,식음료,내국인관광객,20대,여,2018-04-01,6128,8868,242270748
제주도,서귀포시,읍면,식음료,내국인관광객,20대,남,2018-04-01,3935,6002,166152344
제주도,서귀포시,읍면,숙박,제주도민,60대이상,여,2018-04-01,36,48,3297610
제주도,서귀포시,읍면,숙박,제주도민,60대이상,남,2018-04-01,49,62,4670760
제주도,서귀포시,읍면,숙박,제주도민,50대,여,2018-04-01,79,103,8983210
제주도,서귀포시,읍면,숙박,제주도민,50대,남,2018-04-01,120,162,7639830
제주도,서귀포시,읍면,숙박,제주도민,40대,여,2018-04-01,174,301,37639918
제주도,서귀포시,읍면,숙박,제주도민,40대,남,2018-04-01,208,336,18210930
제주도,서귀포시,읍면,숙박,제주도민,30대,여,2018-04-01,200,337,13367961
제주도,서귀포시,읍면,숙박,제주도민,30대,남,2018-04-01,195,288,14116179
제주도,서귀포시,읍면,숙박,제주도민,20대미만,여,2018-04-01,1,5,59720
제주도,서귀포시,읍면,숙박,제주도민,20대미만,남,2018-04-01,1,1,50000
제주도,서귀포시,읍면,숙박,제주도민,20대,여,2018-04-01,80,117,3916570
제주도,서귀포시,읍면,숙박,제주도민,20대,남,2018-04-01,96,137,4783900
제주도,서귀포시,읍면,숙박,내국인관광객,60대이상,여,2018-04-01,329,410,32194440
제주도,서귀포시,읍면,숙박,내국인관광객,60대이상,남,2018-04-01,458,604,41462290
제주도,서귀포시,읍면,숙박,내국인관광객,50대,여,2018-04-01,803,1019,53789607
제주도,서귀포시,읍면,숙박,내국인관광객,50대,남,2018-04-01,711,879,73099652
제주도,서귀포시,읍면,숙박,내국인관광객,40대,여,2018-04-01,922,1272,70154117
제주도,서귀포시,읍면,숙박,내국인관광객,40대,남,2018-04-01,1051,1448,100069338
제주도,서귀포시,읍면,숙박,내국인관광객,30대,여,2018-04-01,1341,1695,94129433
제주도,서귀포시,읍면,숙박,내국인관광객,30대,남,2018-04-01,1302,1720,94723289
제주도,서귀포시,읍면,숙박,내국인관광객,20대미만,여,2018-04-01,81,104,825250
제주도,서귀포시,읍면,숙박,내국인관광객,20대미만,남,2018-04-01,44,49,710250
제주도,서귀포시,읍면,숙박,내국인관광객,20대,여,2018-04-01,938,1150,28779450
제주도,서귀포시,읍면,숙박,내국인관광객,20대,남,2018-04-01,580,715,21442797
제주도,서귀포시,읍면,쇼핑,제주도민,60대이상,여,2018-04-01,1001,3604,97974655
제주도,서귀포시,읍면,쇼핑,제주도민,60대이상,남,2018-04-01,2070,7037,189445254
제주도,서귀포시,읍면,쇼핑,제주도민,50대,여,2018-04-01,2016,8098,207126725
제주도,서귀포시,읍면,쇼핑,제주도민,50대,남,2018-04-01,3365,12611,251621142
제주도,서귀포시,읍면,쇼핑,제주도민,40대,여,2018-04-01,2398,9520,185299225
제주도,서귀포시,읍면,쇼핑,제주도민,40대,남,2018-04-01,4255,16315,275063350
제주도,서귀포시,읍면,쇼핑,제주도민,30대,여,2018-04-01,1797,6367,96020710
제주도,서귀포시,읍면,쇼핑,제주도민,30대,남,2018-04-01,3190,11525,148703295
제주도,서귀포시,읍면,쇼핑,제주도민,20대미만,여,2018-04-01,82,409,1717155
제주도,서귀포시,읍면,쇼핑,제주도민,20대미만,남,2018-04-01,120,607,3109510
제주도,서귀포시,읍면,쇼핑,제주도민,20대,여,2018-04-01,1067,4561,43322800
제주도,서귀포시,읍면,쇼핑,제주도민,20대,남,2018-04-01,1782,7897,67883955
제주도,서귀포시,읍면,쇼핑,내국인관광객,60대이상,여,2018-04-01,1280,2598,56595308
제주도,서귀포시,읍면,쇼핑,내국인관광객,60대이상,남,2018-04-01,2023,4462,80673356
제주도,서귀포시,읍면,쇼핑,내국인관광객,50대,여,2018-04-01,2569,5086,96764468
제주도,서귀포시,읍면,쇼핑,내국인관광객,50대,남,2018-04-01,3771,8819,145561390
제주도,서귀포시,읍면,쇼핑,내국인관광객,40대,여,2018-04-01,3352,6836,108841092
제주도,서귀포시,읍면,쇼핑,내국인관광객,40대,남,2018-04-01,5599,12594,175310136
제주도,서귀포시,읍면,쇼핑,내국인관광객,30대,여,2018-04-01,4701,8340,116489290
제주도,서귀포시,읍면,쇼핑,내국인관광객,30대,남,2018-04-01,6578,13475,166660455
제주도,서귀포시,읍면,쇼핑,내국인관광객,20대미만,여,2018-04-01,406,778,4546980
제주도,서귀포시,읍면,쇼핑,내국인관광객,20대미만,남,2018-04-01,569,1020,5487750
제주도,서귀포시,읍면,쇼핑,내국인관광객,20대,여,2018-04-01,3296,6536,59294785
제주도,서귀포시,읍면,쇼핑,내국인관광객,20대,남,2018-04-01,3212,7795,69924260
제주도,서귀포시,읍면,소매,제주도민,60대이상,여,2018-04-01,378,679,48089160
제주도,서귀포시,읍면,소매,제주도민,60대이상,남,2018-04-01,545,943,50045420
제주도,서귀포시,읍면,소매,제주도민,50대,여,2018-04-01,721,1511,83980530
제주도,서귀포시,읍면,소매,제주도민,50대,남,2018-04-01,790,1426,66889400
제주도,서귀포시,읍면,소매,제주도민,40대,여,2018-04-01,744,1399,52269039
제주도,서귀포시,읍면,소매,제주도민,40대,남,2018-04-01,917,1706,67964264
제주도,서귀포시,읍면,소매,제주도민,30대,여,2018-04-01,580,1092,36976215
제주도,서귀포시,읍면,소매,제주도민,30대,남,2018-04-01,605,1014,29906940
제주도,서귀포시,읍면,소매,제주도민,20대미만,여,2018-04-01,15,23,365520
제주도,서귀포시,읍면,소매,제주도민,20대미만,남,2018-04-01,14,31,348340
제주도,서귀포시,읍면,소매,제주도민,20대,여,2018-04-01,219,375,8849280
제주도,서귀포시,읍면,소매,제주도민,20대,남,2018-04-01,290,579,10247420
제주도,서귀포시,읍면,소매,내국인관광객,60대이상,여,2018-04-01,1620,1886,200952440
제주도,서귀포시,읍면,소매,내국인관광객,60대이상,남,2018-04-01,1501,1780,183465390
제주도,서귀포시,읍면,소매,내국인관광객,50대,여,2018-04-01,2124,2622,183518250
제주도,서귀포시,읍면,소매,내국인관광객,50대,남,2018-04-01,1842,2277,153410460
제주도,서귀포시,읍면,소매,내국인관광객,40대,여,2018-04-01,1851,2313,108837230
제주도,서귀포시,읍면,소매,내국인관광객,40대,남,2018-04-01,2219,2927,122281710
제주도,서귀포시,읍면,소매,내국인관광객,30대,여,2018-04-01,2219,2751,89826830
제주도,서귀포시,읍면,소매,내국인관광객,30대,남,2018-04-01,2243,2874,98121021
제주도,서귀포시,읍면,소매,내국인관광객,20대미만,여,2018-04-01,133,151,1636200
제주도,서귀포시,읍면,소매,내국인관광객,20대미만,남,2018-04-01,103,112,940200
제주도,서귀포시,읍면,소매,내국인관광객,20대,여,2018-04-01,1196,1417,37594460
제주도,서귀포시,읍면,소매,내국인관광객,20대,남,2018-04-01,793,1081,25453747
제주도,서귀포시,읍면,문화/레져,제주도민,60대이상,여,2018-04-01,144,200,14355475
제주도,서귀포시,읍면,문화/레져,제주도민,60대이상,남,2018-04-01,736,1305,102229973
제주도,서귀포시,읍면,문화/레져,제주도민,50대,여,2018-04-01,421,581,34623145
제주도,서귀포시,읍면,문화/레져,제주도민,50대,남,2018-04-01,1041,1483,139880525
제주도,서귀포시,읍면,문화/레져,제주도민,40대,여,2018-04-01,564,746,58258006
제주도,서귀포시,읍면,문화/레져,제주도민,40대,남,2018-04-01,972,1329,116679290
제주도,서귀포시,읍면,문화/레져,제주도민,30대,여,2018-04-01,520,666,23080430
제주도,서귀포시,읍면,문화/레져,제주도민,30대,남,2018-04-01,478,660,28426170
제주도,서귀포시,읍면,문화/레져,제주도민,20대미만,여,2018-04-01,10,11,261000
제주도,서귀포시,읍면,문화/레져,제주도민,20대미만,남,2018-04-01,14,16,286545
제주도,서귀포시,읍면,문화/레져,제주도민,20대,여,2018-04-01,210,236,6159781
제주도,서귀포시,읍면,문화/레져,제주도민,20대,남,2018-04-01,160,207,5963865
제주도,서귀포시,읍면,문화/레져,내국인관광객,60대이상,여,2018-04-01,702,954,69933067
제주도,서귀포시,읍면,문화/레져,내국인관광객,60대이상,남,2018-04-01,1221,1752,166203618
제주도,서귀포시,읍면,문화/레져,내국인관광객,50대,여,2018-04-01,1464,1766,96961890
제주도,서귀포시,읍면,문화/레져,내국인관광객,50대,남,2018-04-01,1852,2301,201891834
제주도,서귀포시,읍면,문화/레져,내국인관광객,40대,여,2018-04-01,1870,2367,103429911
제주도,서귀포시,읍면,문화/레져,내국인관광객,40대,남,2018-04-01,2574,3264,185103444
제주도,서귀포시,읍면,문화/레져,내국인관광객,30대,여,2018-04-01,2595,3230,119055996
제주도,서귀포시,읍면,문화/레져,내국인관광객,30대,남,2018-04-01,2612,3288,139697048
제주도,서귀포시,읍면,문화/레져,내국인관광객,20대미만,여,2018-04-01,68,80,787700
제주도,서귀포시,읍면,문화/레져,내국인관광객,20대미만,남,2018-04-01,67,72,616700
제주도,서귀포시,읍면,문화/레져,내국인관광객,20대,여,2018-04-01,1363,1598,42343425
제주도,서귀포시,읍면,문화/레져,내국인관광객,20대,남,2018-04-01,921,1101,30816763
제주도,서귀포시,읍면,교통,제주도민,60대이상,여,2018-04-01,761,1325,68854775
제주도,서귀포시,읍면,교통,제주도민,60대이상,남,2018-04-01,3656,7415,363756293
제주도,서귀포시,읍면,교통,제주도민,50대,여,2018-04-01,1065,1868,101702157
제주도,서귀포시,읍면,교통,제주도민,50대,남,2018-04-01,2553,5293,298222971
제주도,서귀포시,읍면,교통,제주도민,40대,여,2018-04-01,1036,1724,92190480
제주도,서귀포시,읍면,교통,제주도민,40대,남,2018-04-01,2044,3930,241114743
제주도,서귀포시,읍면,교통,제주도민,30대,여,2018-04-01,636,1008,48627703
제주도,서귀포시,읍면,교통,제주도민,30대,남,2018-04-01,969,1666,86708097
제주도,서귀포시,읍면,교통,제주도민,20대미만,여,2018-04-01,2,3,110000
제주도,서귀포시,읍면,교통,제주도민,20대미만,남,2018-04-01,9,13,383987
제주도,서귀포시,읍면,교통,제주도민,20대,여,2018-04-01,234,363,14918386
제주도,서귀포시,읍면,교통,제주도민,20대,남,2018-04-01,362,565,21318015
제주도,서귀포시,읍면,교통,내국인관광객,60대이상,여,2018-04-01,294,365,18778798
제주도,서귀포시,읍면,교통,내국인관광객,60대이상,남,2018-04-01,666,915,45700430
제주도,서귀포시,읍면,교통,내국인관광객,50대,여,2018-04-01,673,848,41725834
제주도,서귀포시,읍면,교통,내국인관광객,50대,남,2018-04-01,1103,1423,63302743
제주도,서귀포시,읍면,교통,내국인관광객,40대,여,2018-04-01,671,811,33096484
제주도,서귀포시,읍면,교통,내국인관광객,40대,남,2018-04-01,1319,1624,67209015
제주도,서귀포시,읍면,교통,내국인관광객,30대,여,2018-04-01,967,1088,35730505
제주도,서귀포시,읍면,교통,내국인관광객,30대,남,2018-04-01,1473,1748,64181064
제주도,서귀포시,읍면,교통,내국인관광객,20대미만,여,2018-04-01,1,1,40000
제주도,서귀포시,읍면,교통,내국인관광객,20대미만,남,2018-04-01,1,1,7200
제주도,서귀포시,읍면,교통,내국인관광객,20대,여,2018-04-01,613,676,21367131
제주도,서귀포시,읍면,교통,내국인관광객,20대,남,2018-04-01,620,708,22159134
제주도,서귀포시,도심,유흥,제주도민,60대이상,여,2018-04-01,61,74,10899500
제주도,서귀포시,도심,유흥,제주도민,60대이상,남,2018-04-01,314,505,70808628
제주도,서귀포시,도심,유흥,제주도민,50대,여,2018-04-01,158,191,14917900
제주도,서귀포시,도심,유흥,제주도민,50대,남,2018-04-01,907,1347,221245500
제주도,서귀포시,도심,유흥,제주도민,40대,여,2018-04-01,268,320,26113900
제주도,서귀포시,도심,유흥,제주도민,40대,남,2018-04-01,1094,1507,264879300
제주도,서귀포시,도심,유흥,제주도민,30대,여,2018-04-01,197,239,18470800
제주도,서귀포시,도심,유흥,제주도민,30대,남,2018-04-01,567,781,94227600
제주도,서귀포시,도심,유흥,제주도민,20대미만,여,2018-04-01,6,8,400000
제주도,서귀포시,도심,유흥,제주도민,20대미만,남,2018-04-01,3,7,605900
제주도,서귀포시,도심,유흥,제주도민,20대,여,2018-04-01,230,340,14982600
제주도,서귀포시,도심,유흥,제주도민,20대,남,2018-04-01,399,663,40577600
제주도,서귀포시,도심,유흥,내국인관광객,60대이상,여,2018-04-01,37,43,3880200
제주도,서귀포시,도심,유흥,내국인관광객,60대이상,남,2018-04-01,121,148,21002300
제주도,서귀포시,도심,유흥,내국인관광객,50대,여,2018-04-01,68,83,6927900
제주도,서귀포시,도심,유흥,내국인관광객,50대,남,2018-04-01,315,452,66220700
제주도,서귀포시,도심,유흥,내국인관광객,40대,여,2018-04-01,69,77,6205100
제주도,서귀포시,도심,유흥,내국인관광객,40대,남,2018-04-01,363,517,68893850
제주도,서귀포시,도심,유흥,내국인관광객,30대,여,2018-04-01,157,196,9851500
제주도,서귀포시,도심,유흥,내국인관광객,30대,남,2018-04-01,305,413,30382725
제주도,서귀포시,도심,유흥,내국인관광객,20대미만,여,2018-04-01,1,1,25000
제주도,서귀포시,도심,유흥,내국인관광객,20대미만,남,2018-04-01,1,1,69000
제주도,서귀포시,도심,유흥,내국인관광객,20대,여,2018-04-01,156,207,7205640
제주도,서귀포시,도심,유흥,내국인관광객,20대,남,2018-04-01,222,320,15926900
제주도,서귀포시,도심,식음료,제주도민,60대이상,여,2018-04-01,2397,3645,125572015
제주도,서귀포시,도심,식음료,제주도민,60대이상,남,2018-04-01,4569,7880,338307337
제주도,서귀포시,도심,식음료,제주도민,50대,여,2018-04-01,5038,8578,261292014
제주도,서귀포시,도심,식음료,제주도민,50대,남,2018-04-01,7666,14600,565885381
제주도,서귀포시,도심,식음료,제주도민,40대,여,2018-04-01,7331,13997,352014469
제주도,서귀포시,도심,식음료,제주도민,40대,남,2018-04-01,9875,18956,652349784
제주도,서귀포시,도심,식음료,제주도민,30대,여,2018-04-01,6584,12197,257308427
제주도,서귀포시,도심,식음료,제주도민,30대,남,2018-04-01,6900,13113,340913637
제주도,서귀포시,도심,식음료,제주도민,20대미만,여,2018-04-01,272,443,4750430
제주도,서귀포시,도심,식음료,제주도민,20대미만,남,2018-04-01,204,348,5431305
제주도,서귀포시,도심,식음료,제주도민,20대,여,2018-04-01,3794,6932,126989107
제주도,서귀포시,도심,식음료,제주도민,20대,남,2018-04-01,3428,6240,140779980
제주도,서귀포시,도심,식음료,내국인관광객,60대이상,여,2018-04-01,2529,3417,160721538
제주도,서귀포시,도심,식음료,내국인관광객,60대이상,남,2018-04-01,4206,5950,306553455
제주도,서귀포시,도심,식음료,내국인관광객,50대,여,2018-04-01,5220,6758,315848200
제주도,서귀포시,도심,식음료,내국인관광객,50대,남,2018-04-01,6926,10006,464200167
제주도,서귀포시,도심,식음료,내국인관광객,40대,여,2018-04-01,6156,8227,320931611
제주도,서귀포시,도심,식음료,내국인관광객,40대,남,2018-04-01,9268,13674,570314641
제주도,서귀포시,도심,식음료,내국인관광객,30대,여,2018-04-01,10491,14370,478469554
제주도,서귀포시,도심,식음료,내국인관광객,30대,남,2018-04-01,12032,16792,585691881
제주도,서귀포시,도심,식음료,내국인관광객,20대미만,여,2018-04-01,314,374,3731500
제주도,서귀포시,도심,식음료,내국인관광객,20대미만,남,2018-04-01,238,278,2669070
제주도,서귀포시,도심,식음료,내국인관광객,20대,여,2018-04-01,7206,10039,275121620
제주도,서귀포시,도심,식음료,내국인관광객,20대,남,2018-04-01,5680,8119,225340624
제주도,서귀포시,도심,숙박,제주도민,60대이상,여,2018-04-01,50,62,6781968
제주도,서귀포시,도심,숙박,제주도민,60대이상,남,2018-04-01,128,205,33362213
제주도,서귀포시,도심,숙박,제주도민,50대,여,2018-04-01,94,132,11237557
제주도,서귀포시,도심,숙박,제주도민,50대,남,2018-04-01,194,253,25732232
제주도,서귀포시,도심,숙박,제주도민,40대,여,2018-04-01,142,228,31221656
제주도,서귀포시,도심,숙박,제주도민,40대,남,2018-04-01,273,412,38093234
제주도,서귀포시,도심,숙박,제주도민,30대,여,2018-04-01,122,193,19122685
제주도,서귀포시,도심,숙박,제주도민,30대,남,2018-04-01,169,227,14410520
제주도,서귀포시,도심,숙박,제주도민,20대미만,여,2018-04-01,1,1,35000
제주도,서귀포시,도심,숙박,제주도민,20대,여,2018-04-01,99,162,8701032
제주도,서귀포시,도심,숙박,제주도민,20대,남,2018-04-01,95,120,5962255
제주도,서귀포시,도심,숙박,내국인관광객,60대이상,여,2018-04-01,302,370,71140418
제주도,서귀포시,도심,숙박,내국인관광객,60대이상,남,2018-04-01,580,768,110158836
제주도,서귀포시,도심,숙박,내국인관광객,50대,여,2018-04-01,644,795,102368901
제주도,서귀포시,도심,숙박,내국인관광객,50대,남,2018-04-01,858,1052,147071712
제주도,서귀포시,도심,숙박,내국인관광객,40대,여,2018-04-01,808,1054,153893084
제주도,서귀포시,도심,숙박,내국인관광객,40대,남,2018-04-01,1306,1669,256322239
제주도,서귀포시,도심,숙박,내국인관광객,30대,여,2018-04-01,1432,1795,262369131
제주도,서귀포시,도심,숙박,내국인관광객,30대,남,2018-04-01,1696,2096,288443100
제주도,서귀포시,도심,숙박,내국인관광객,20대미만,여,2018-04-01,6,7,146200
제주도,서귀포시,도심,숙박,내국인관광객,20대미만,남,2018-04-01,8,9,233100
제주도,서귀포시,도심,숙박,내국인관광객,20대,여,2018-04-01,814,959,95947372
제주도,서귀포시,도심,숙박,내국인관광객,20대,남,2018-04-01,582,701,68120228
제주도,서귀포시,도심,쇼핑,제주도민,60대이상,여,2018-04-01,2899,8065,298635050
제주도,서귀포시,도심,쇼핑,제주도민,60대이상,남,2018-04-01,4006,10706,333422010
제주도,서귀포시,도심,쇼핑,제주도민,50대,여,2018-04-01,4812,15107,487560430
제주도,서귀포시,도심,쇼핑,제주도민,50대,남,2018-04-01,6411,19729,452882164
제주도,서귀포시,도심,쇼핑,제주도민,40대,여,2018-04-01,6426,19700,539291320
제주도,서귀포시,도심,쇼핑,제주도민,40대,남,2018-04-01,9333,29413,607137830
제주도,서귀포시,도심,쇼핑,제주도민,30대,여,2018-04-01,5428,14890,342468020
제주도,서귀포시,도심,쇼핑,제주도민,30대,남,2018-04-01,6816,21485,335157280
제주도,서귀포시,도심,쇼핑,제주도민,20대미만,여,2018-04-01,295,787,4434970
제주도,서귀포시,도심,쇼핑,제주도민,20대미만,남,2018-04-01,304,863,4307420
제주도,서귀포시,도심,쇼핑,제주도민,20대,여,2018-04-01,3065,8433,115416834
제주도,서귀포시,도심,쇼핑,제주도민,20대,남,2018-04-01,3999,11880,116664070
제주도,서귀포시,도심,쇼핑,내국인관광객,60대이상,여,2018-04-01,2113,3992,142417410
제주도,서귀포시,도심,쇼핑,내국인관광객,60대이상,남,2018-04-01,2955,5861,175192950
제주도,서귀포시,도심,쇼핑,내국인관광객,50대,여,2018-04-01,3835,6582,213535420
제주도,서귀포시,도심,쇼핑,내국인관광객,50대,남,2018-04-01,5530,11361,276677400
제주도,서귀포시,도심,쇼핑,내국인관광객,40대,여,2018-04-01,4520,7984,215908260
제주도,서귀포시,도심,쇼핑,내국인관광객,40대,남,2018-04-01,8330,16993,339103120
제주도,서귀포시,도심,쇼핑,내국인관광객,30대,여,2018-04-01,7355,11797,248276620
제주도,서귀포시,도심,쇼핑,내국인관광객,30대,남,2018-04-01,9845,18437,315965450
제주도,서귀포시,도심,쇼핑,내국인관광객,20대미만,여,2018-04-01,351,508,2603820
제주도,서귀포시,도심,쇼핑,내국인관광객,20대미만,남,2018-04-01,414,653,2938190
제주도,서귀포시,도심,쇼핑,내국인관광객,20대,여,2018-04-01,5133,9068,138342200
제주도,서귀포시,도심,쇼핑,내국인관광객,20대,남,2018-04-01,5622,12391,141905270
제주도,서귀포시,도심,소매,제주도민,60대이상,여,2018-04-01,1342,2022,198528894
제주도,서귀포시,도심,소매,제주도민,60대이상,남,2018-04-01,1105,1602,174294758
제주도,서귀포시,도심,소매,제주도민,50대,여,2018-04-01,1970,2994,276696542
제주도,서귀포시,도심,소매,제주도민,50대,남,2018-04-01,1585,2319,238693535
제주도,서귀포시,도심,소매,제주도민,40대,여,2018-04-01,2155,3202,250988031
제주도,서귀포시,도심,소매,제주도민,40대,남,2018-04-01,1897,2724,232484579
제주도,서귀포시,도심,소매,제주도민,30대,여,2018-04-01,1496,2129,121985194
제주도,서귀포시,도심,소매,제주도민,30대,남,2018-04-01,1124,1576,97017442
제주도,서귀포시,도심,소매,제주도민,20대미만,여,2018-04-01,47,50,1541250
제주도,서귀포시,도심,소매,제주도민,20대미만,남,2018-04-01,35,44,1059707
제주도,서귀포시,도심,소매,제주도민,20대,여,2018-04-01,689,943,40851733
제주도,서귀포시,도심,소매,제주도민,20대,남,2018-04-01,540,691,28024200
제주도,서귀포시,도심,소매,내국인관광객,60대이상,여,2018-04-01,1455,1801,247293568
제주도,서귀포시,도심,소매,내국인관광객,60대이상,남,2018-04-01,1454,1780,244171514
제주도,서귀포시,도심,소매,내국인관광객,50대,여,2018-04-01,2122,2725,198431112
제주도,서귀포시,도심,소매,내국인관광객,50대,남,2018-04-01,1957,2522,172134841
제주도,서귀포시,도심,소매,내국인관광객,40대,여,2018-04-01,1958,2609,113303760
제주도,서귀포시,도심,소매,내국인관광객,40대,남,2018-04-01,2312,3082,139012663
제주도,서귀포시,도심,소매,내국인관광객,30대,여,2018-04-01,2956,4173,131630249
제주도,서귀포시,도심,소매,내국인관광객,30대,남,2018-04-01,2912,4034,132856839
제주도,서귀포시,도심,소매,내국인관광객,20대미만,여,2018-04-01,207,259,3070500
제주도,서귀포시,도심,소매,내국인관광객,20대미만,남,2018-04-01,121,137,3554400
제주도,서귀포시,도심,소매,내국인관광객,20대,여,2018-04-01,2144,3089,67967260
제주도,서귀포시,도심,소매,내국인관광객,20대,남,2018-04-01,1253,1758,43418220
제주도,서귀포시,도심,문화/레져,제주도민,60대이상,여,2018-04-01,170,251,13316815
제주도,서귀포시,도심,문화/레져,제주도민,60대이상,남,2018-04-01,448,699,41664080
제주도,서귀포시,도심,문화/레져,제주도민,50대,여,2018-04-01,525,662,32086930
제주도,서귀포시,도심,문화/레져,제주도민,50대,남,2018-04-01,1022,1468,100611128
제주도,서귀포시,도심,문화/레져,제주도민,40대,여,2018-04-01,1083,1593,51448666
제주도,서귀포시,도심,문화/레져,제주도민,40대,남,2018-04-01,1217,1720,78716960
제주도,서귀포시,도심,문화/레져,제주도민,30대,여,2018-04-01,682,934,21211883
제주도,서귀포시,도심,문화/레져,제주도민,30대,남,2018-04-01,634,934,31030729
제주도,서귀포시,도심,문화/레져,제주도민,20대미만,여,2018-04-01,78,91,1034100
제주도,서귀포시,도심,문화/레져,제주도민,20대미만,남,2018-04-01,65,94,936300
제주도,서귀포시,도심,문화/레져,제주도민,20대,여,2018-04-01,422,517,11354986
제주도,서귀포시,도심,문화/레져,제주도민,20대,남,2018-04-01,416,531,12083170
제주도,서귀포시,도심,문화/레져,내국인관광객,60대이상,여,2018-04-01,259,316,14359130
제주도,서귀포시,도심,문화/레져,내국인관광객,60대이상,남,2018-04-01,590,797,54995380
제주도,서귀포시,도심,문화/레져,내국인관광객,50대,여,2018-04-01,567,677,38806210
제주도,서귀포시,도심,문화/레져,내국인관광객,50대,남,2018-04-01,938,1162,68121460
제주도,서귀포시,도심,문화/레져,내국인관광객,40대,여,2018-04-01,713,854,32391920
제주도,서귀포시,도심,문화/레져,내국인관광객,40대,남,2018-04-01,1071,1346,65490960
제주도,서귀포시,도심,문화/레져,내국인관광객,30대,여,2018-04-01,798,1010,26433400
제주도,서귀포시,도심,문화/레져,내국인관광객,30대,남,2018-04-01,904,1155,32102930
제주도,서귀포시,도심,문화/레져,내국인관광객,20대미만,여,2018-04-01,22,22,249200
제주도,서귀포시,도심,문화/레져,내국인관광객,20대미만,남,2018-04-01,26,30,465500
제주도,서귀포시,도심,문화/레져,내국인관광객,20대,여,2018-04-01,477,595,14042240
제주도,서귀포시,도심,문화/레져,내국인관광객,20대,남,2018-04-01,501,626,14526420
제주도,서귀포시,도심,교통,제주도민,60대이상,여,2018-04-01,1016,1507,83577498
제주도,서귀포시,도심,교통,제주도민,60대이상,남,2018-04-01,3461,6089,309736921
제주도,서귀포시,도심,교통,제주도민,50대,여,2018-04-01,1681,2577,137417545
제주도,서귀포시,도심,교통,제주도민,50대,남,2018-04-01,3041,5212,283232679
제주도,서귀포시,도심,교통,제주도민,40대,여,2018-04-01,1757,2686,133903648
제주도,서귀포시,도심,교통,제주도민,40대,남,2018-04-01,3123,5108,286328374
제주도,서귀포시,도심,교통,제주도민,30대,여,2018-04-01,1281,1817,77964828
제주도,서귀포시,도심,교통,제주도민,30대,남,2018-04-01,1830,2764,127211064
제주도,서귀포시,도심,교통,제주도민,20대미만,여,2018-04-01,3,3,215300
제주도,서귀포시,도심,교통,제주도민,20대미만,남,2018-04-01,4,4,105000
제주도,서귀포시,도심,교통,제주도민,20대,여,2018-04-01,416,541,19944112
제주도,서귀포시,도심,교통,제주도민,20대,남,2018-04-01,618,871,32743602
제주도,서귀포시,도심,교통,내국인관광객,60대이상,여,2018-04-01,389,465,23937363
제주도,서귀포시,도심,교통,내국인관광객,60대이상,남,2018-04-01,859,1013,49462211
제주도,서귀포시,도심,교통,내국인관광객,50대,여,2018-04-01,753,853,39691607
제주도,서귀포시,도심,교통,내국인관광객,50대,남,2018-04-01,1278,1538,73966187
제주도,서귀포시,도심,교통,내국인관광객,40대,여,2018-04-01,827,931,37726111
제주도,서귀포시,도심,교통,내국인관광객,40대,남,2018-04-01,1730,2051,83926618
제주도,서귀포시,도심,교통,내국인관광객,30대,여,2018-04-01,1157,1253,44616602
제주도,서귀포시,도심,교통,내국인관광객,30대,남,2018-04-01,1861,2082,82047564
제주도,서귀포시,도심,교통,내국인관광객,20대미만,여,2018-04-01,2,2,50000
제주도,서귀포시,도심,교통,내국인관광객,20대미만,남,2018-04-01,7,9,276800
제주도,서귀포시,도심,교통,내국인관광객,20대,여,2018-04-01,640,685,22902757
제주도,서귀포시,도심,교통,내국인관광객,20대,남,2018-04-01,679,751,23895294
제주도,제주시,읍면,유흥,제주도민,60대이상,여,2018-03-01,22,27,3737000
제주도,제주시,읍면,유흥,제주도민,60대이상,남,2018-03-01,125,200,31951788
제주도,제주시,읍면,유흥,제주도민,50대,여,2018-03-01,39,47,5094000
제주도,제주시,읍면,유흥,제주도민,50대,남,2018-03-01,241,450,79597000
제주도,제주시,읍면,유흥,제주도민,40대,여,2018-03-01,61,74,6336500
제주도,제주시,읍면,유흥,제주도민,40대,남,2018-03-01,248,390,63830800
제주도,제주시,읍면,유흥,제주도민,30대,여,2018-03-01,54,62,4140700
제주도,제주시,읍면,유흥,제주도민,30대,남,2018-03-01,120,194,25388600
제주도,제주시,읍면,유흥,제주도민,20대미만,여,2018-03-01,1,1,31000
제주도,제주시,읍면,유흥,제주도민,20대미만,남,2018-03-01,5,8,838000
제주도,제주시,읍면,유흥,제주도민,20대,여,2018-03-01,45,47,2171400
제주도,제주시,읍면,유흥,제주도민,20대,남,2018-03-01,62,93,8933000
제주도,제주시,읍면,유흥,내국인관광객,60대이상,여,2018-03-01,24,38,3574000
제주도,제주시,읍면,유흥,내국인관광객,60대이상,남,2018-03-01,51,69,13233000
제주도,제주시,읍면,유흥,내국인관광객,50대,여,2018-03-01,38,43,4709400
제주도,제주시,읍면,유흥,내국인관광객,50대,남,2018-03-01,137,233,42602170
제주도,제주시,읍면,유흥,내국인관광객,40대,여,2018-03-01,41,53,3636325
제주도,제주시,읍면,유흥,내국인관광객,40대,남,2018-03-01,141,212,31973400
제주도,제주시,읍면,유흥,내국인관광객,30대,여,2018-03-01,125,135,4605100
제주도,제주시,읍면,유흥,내국인관광객,30대,남,2018-03-01,157,195,15209600
제주도,제주시,읍면,유흥,내국인관광객,20대미만,여,2018-03-01,1,1,35000
제주도,제주시,읍면,유흥,내국인관광객,20대,여,2018-03-01,214,231,6016900
제주도,제주시,읍면,유흥,내국인관광객,20대,남,2018-03-01,88,96,4456975
제주도,제주시,읍면,식음료,제주도민,60대이상,여,2018-03-01,1254,2167,76196920
제주도,제주시,읍면,식음료,제주도민,60대이상,남,2018-03-01,2798,5945,226737200
제주도,제주시,읍면,식음료,제주도민,50대,여,2018-03-01,2724,4795,153069813
제주도,제주시,읍면,식음료,제주도민,50대,남,2018-03-01,4651,10672,400510359
제주도,제주시,읍면,식음료,제주도민,40대,여,2018-03-01,3537,7652,202376907
제주도,제주시,읍면,식음료,제주도민,40대,남,2018-03-01,5022,11206,345147044
제주도,제주시,읍면,식음료,제주도민,30대,여,2018-03-01,3244,6257,144543161
제주도,제주시,읍면,식음료,제주도민,30대,남,2018-03-01,3682,7604,199539504
제주도,제주시,읍면,식음료,제주도민,20대미만,여,2018-03-01,67,123,1636550
제주도,제주시,읍면,식음료,제주도민,20대미만,남,2018-03-01,83,132,2263750
제주도,제주시,읍면,식음료,제주도민,20대,여,2018-03-01,2412,3898,79400385
제주도,제주시,읍면,식음료,제주도민,20대,남,2018-03-01,1853,3252,74635745
제주도,제주시,읍면,식음료,내국인관광객,60대이상,여,2018-03-01,1877,2720,102847519
제주도,제주시,읍면,식음료,내국인관광객,60대이상,남,2018-03-01,3027,4608,179614770
제주도,제주시,읍면,식음료,내국인관광객,50대,여,2018-03-01,4727,6779,234721335
제주도,제주시,읍면,식음료,내국인관광객,50대,남,2018-03-01,5701,9107,341184240
제주도,제주시,읍면,식음료,내국인관광객,40대,여,2018-03-01,5321,8283,260045385
제주도,제주시,읍면,식음료,내국인관광객,40대,남,2018-03-01,6617,10910,366249660
제주도,제주시,읍면,식음료,내국인관광객,30대,여,2018-03-01,11415,17662,460042218
제주도,제주시,읍면,식음료,내국인관광객,30대,남,2018-03-01,11233,17134,474780960
제주도,제주시,읍면,식음료,내국인관광객,20대미만,여,2018-03-01,84,111,1689150
제주도,제주시,읍면,식음료,내국인관광객,20대미만,남,2018-03-01,89,110,1640650
제주도,제주시,읍면,식음료,내국인관광객,20대,여,2018-03-01,11536,17759,405823870
제주도,제주시,읍면,식음료,내국인관광객,20대,남,2018-03-01,6728,9934,234085750
제주도,제주시,읍면,숙박,제주도민,60대이상,여,2018-03-01,44,70,5589820
제주도,제주시,읍면,숙박,제주도민,60대이상,남,2018-03-01,59,100,7732300
제주도,제주시,읍면,숙박,제주도민,50대,여,2018-03-01,67,110,6849320
제주도,제주시,읍면,숙박,제주도민,50대,남,2018-03-01,130,195,14079910
제주도,제주시,읍면,숙박,제주도민,40대,여,2018-03-01,108,141,6791560
제주도,제주시,읍면,숙박,제주도민,40대,남,2018-03-01,145,239,10076400
제주도,제주시,읍면,숙박,제주도민,30대,여,2018-03-01,81,99,4088800
제주도,제주시,읍면,숙박,제주도민,30대,남,2018-03-01,132,189,6969480
제주도,제주시,읍면,숙박,제주도민,20대미만,여,2018-03-01,2,2,47000
제주도,제주시,읍면,숙박,제주도민,20대미만,남,2018-03-01,4,7,91100
제주도,제주시,읍면,숙박,제주도민,20대,여,2018-03-01,78,95,5976200
제주도,제주시,읍면,숙박,제주도민,20대,남,2018-03-01,94,128,6325179
제주도,제주시,읍면,숙박,내국인관광객,60대이상,여,2018-03-01,153,239,21651455
제주도,제주시,읍면,숙박,내국인관광객,60대이상,남,2018-03-01,298,442,49782886
제주도,제주시,읍면,숙박,내국인관광객,50대,여,2018-03-01,393,509,47294730
제주도,제주시,읍면,숙박,내국인관광객,50대,남,2018-03-01,573,831,75555500
제주도,제주시,읍면,숙박,내국인관광객,40대,여,2018-03-01,535,706,67126156
제주도,제주시,읍면,숙박,내국인관광객,40대,남,2018-03-01,694,1032,83977468
제주도,제주시,읍면,숙박,내국인관광객,30대,여,2018-03-01,708,909,88857141
제주도,제주시,읍면,숙박,내국인관광객,30대,남,2018-03-01,771,1065,78417885
제주도,제주시,읍면,숙박,내국인관광객,20대미만,여,2018-03-01,4,5,154920
제주도,제주시,읍면,숙박,내국인관광객,20대미만,남,2018-03-01,3,3,57500
제주도,제주시,읍면,숙박,내국인관광객,20대,여,2018-03-01,465,537,30257037
제주도,제주시,읍면,숙박,내국인관광객,20대,남,2018-03-01,321,382,19479510
제주도,제주시,읍면,쇼핑,제주도민,60대이상,여,2018-03-01,1547,4817,148107908
제주도,제주시,읍면,쇼핑,제주도민,60대이상,남,2018-03-01,2804,8980,293069021
제주도,제주시,읍면,쇼핑,제주도민,50대,여,2018-03-01,2746,8829,267351055
제주도,제주시,읍면,쇼핑,제주도민,50대,남,2018-03-01,4876,16207,352438775
제주도,제주시,읍면,쇼핑,제주도민,40대,여,2018-03-01,3607,13000,292427719
제주도,제주시,읍면,쇼핑,제주도민,40대,남,2018-03-01,6315,22448,390011890
제주도,제주시,읍면,쇼핑,제주도민,30대,여,2018-03-01,2730,9037,172362700
제주도,제주시,읍면,쇼핑,제주도민,30대,남,2018-03-01,4613,16214,224207976
제주도,제주시,읍면,쇼핑,제주도민,20대미만,여,2018-03-01,129,453,2072400
제주도,제주시,읍면,쇼핑,제주도민,20대미만,남,2018-03-01,163,603,2393780
제주도,제주시,읍면,쇼핑,제주도민,20대,여,2018-03-01,1688,5401,48112069
제주도,제주시,읍면,쇼핑,제주도민,20대,남,2018-03-01,2594,9524,80785310
제주도,제주시,읍면,쇼핑,내국인관광객,60대이상,여,2018-03-01,1028,2303,60191870
제주도,제주시,읍면,쇼핑,내국인관광객,60대이상,남,2018-03-01,1806,4030,89591250
제주도,제주시,읍면,쇼핑,내국인관광객,50대,여,2018-03-01,2219,4344,100881200
제주도,제주시,읍면,쇼핑,내국인관광객,50대,남,2018-03-01,3543,8335,149021980
제주도,제주시,읍면,쇼핑,내국인관광객,40대,여,2018-03-01,2638,5315,100376790
제주도,제주시,읍면,쇼핑,내국인관광객,40대,남,2018-03-01,4840,11929,187472960
제주도,제주시,읍면,쇼핑,내국인관광객,30대,여,2018-03-01,4806,8064,120978570
제주도,제주시,읍면,쇼핑,내국인관광객,30대,남,2018-03-01,6339,12454,165020440
제주도,제주시,읍면,쇼핑,내국인관광객,20대미만,여,2018-03-01,90,188,1614970
제주도,제주시,읍면,쇼핑,내국인관광객,20대미만,남,2018-03-01,207,401,2037890
제주도,제주시,읍면,쇼핑,내국인관광객,20대,여,2018-03-01,4455,7649,77632700
제주도,제주시,읍면,쇼핑,내국인관광객,20대,남,2018-03-01,4209,8393,79030630
제주도,제주시,읍면,소매,제주도민,60대이상,여,2018-03-01,334,478,39458294
제주도,제주시,읍면,소매,제주도민,60대이상,남,2018-03-01,429,626,37911633
제주도,제주시,읍면,소매,제주도민,50대,여,2018-03-01,578,814,63341459
제주도,제주시,읍면,소매,제주도민,50대,남,2018-03-01,755,1114,70428767
제주도,제주시,읍면,소매,제주도민,40대,여,2018-03-01,692,981,43406290
제주도,제주시,읍면,소매,제주도민,40대,남,2018-03-01,885,1448,69413169
제주도,제주시,읍면,소매,제주도민,30대,여,2018-03-01,479,664,21032706
제주도,제주시,읍면,소매,제주도민,30대,남,2018-03-01,620,973,26060850
제주도,제주시,읍면,소매,제주도민,20대미만,여,2018-03-01,21,31,420420
제주도,제주시,읍면,소매,제주도민,20대미만,남,2018-03-01,11,16,61440
제주도,제주시,읍면,소매,제주도민,20대,여,2018-03-01,333,504,9470080
제주도,제주시,읍면,소매,제주도민,20대,남,2018-03-01,313,467,11023248
제주도,제주시,읍면,소매,내국인관광객,60대이상,여,2018-03-01,639,754,52212790
제주도,제주시,읍면,소매,내국인관광객,60대이상,남,2018-03-01,739,874,68030116
제주도,제주시,읍면,소매,내국인관광객,50대,여,2018-03-01,1102,1310,65802187
제주도,제주시,읍면,소매,내국인관광객,50대,남,2018-03-01,1180,1432,86954083
제주도,제주시,읍면,소매,내국인관광객,40대,여,2018-03-01,1006,1227,40510940
제주도,제주시,읍면,소매,내국인관광객,40대,남,2018-03-01,1155,1450,53649962
제주도,제주시,읍면,소매,내국인관광객,30대,여,2018-03-01,1758,2072,55666154
제주도,제주시,읍면,소매,내국인관광객,30대,남,2018-03-01,1579,1843,54556057
제주도,제주시,읍면,소매,내국인관광객,20대미만,여,2018-03-01,135,177,1610000
제주도,제주시,읍면,소매,내국인관광객,20대미만,남,2018-03-01,170,246,1958900
제주도,제주시,읍면,소매,내국인관광객,20대,여,2018-03-01,2208,2483,58347985
제주도,제주시,읍면,소매,내국인관광객,20대,남,2018-03-01,1091,1256,35875390
제주도,제주시,읍면,문화/레져,제주도민,60대이상,여,2018-03-01,141,186,10784665
제주도,제주시,읍면,문화/레져,제주도민,60대이상,남,2018-03-01,408,585,56437393
제주도,제주시,읍면,문화/레져,제주도민,50대,여,2018-03-01,368,546,46717035
제주도,제주시,읍면,문화/레져,제주도민,50대,남,2018-03-01,1053,1384,144306915
제주도,제주시,읍면,문화/레져,제주도민,40대,여,2018-03-01,532,726,52155705
제주도,제주시,읍면,문화/레져,제주도민,40대,남,2018-03-01,1101,1417,118505945
제주도,제주시,읍면,문화/레져,제주도민,30대,여,2018-03-01,418,585,13567610
제주도,제주시,읍면,문화/레져,제주도민,30대,남,2018-03-01,470,699,24391960
제주도,제주시,읍면,문화/레져,제주도민,20대미만,여,2018-03-01,23,49,761140
제주도,제주시,읍면,문화/레져,제주도민,20대미만,남,2018-03-01,24,59,2104900
제주도,제주시,읍면,문화/레져,제주도민,20대,여,2018-03-01,286,495,13249350
제주도,제주시,읍면,문화/레져,제주도민,20대,남,2018-03-01,280,750,12059645
제주도,제주시,읍면,문화/레져,내국인관광객,60대이상,여,2018-03-01,520,693,41490350
제주도,제주시,읍면,문화/레져,내국인관광객,60대이상,남,2018-03-01,960,1345,149044521
제주도,제주시,읍면,문화/레져,내국인관광객,50대,여,2018-03-01,1254,1576,86258980
제주도,제주시,읍면,문화/레져,내국인관광객,50대,남,2018-03-01,1717,2240,225079563
제주도,제주시,읍면,문화/레져,내국인관광객,40대,여,2018-03-01,1232,1576,67449822
제주도,제주시,읍면,문화/레져,내국인관광객,40대,남,2018-03-01,1662,2081,145801645
제주도,제주시,읍면,문화/레져,내국인관광객,30대,여,2018-03-01,1536,1879,45875260
제주도,제주시,읍면,문화/레져,내국인관광객,30대,남,2018-03-01,1525,1874,55191085
제주도,제주시,읍면,문화/레져,내국인관광객,20대미만,여,2018-03-01,42,47,321700
제주도,제주시,읍면,문화/레져,내국인관광객,20대미만,남,2018-03-01,52,60,354500
제주도,제주시,읍면,문화/레져,내국인관광객,20대,여,2018-03-01,1130,1398,25237740
제주도,제주시,읍면,문화/레져,내국인관광객,20대,남,2018-03-01,681,922,18260705
제주도,제주시,읍면,교통,제주도민,60대이상,여,2018-03-01,1075,1805,122495440
제주도,제주시,읍면,교통,제주도민,60대이상,남,2018-03-01,3987,8330,548850390
제주도,제주시,읍면,교통,제주도민,50대,여,2018-03-01,1350,2279,155303168
제주도,제주시,읍면,교통,제주도민,50대,남,2018-03-01,2967,5914,397828497
제주도,제주시,읍면,교통,제주도민,40대,여,2018-03-01,1321,2196,130374192
제주도,제주시,읍면,교통,제주도민,40대,남,2018-03-01,2585,4801,334657352
제주도,제주시,읍면,교통,제주도민,30대,여,2018-03-01,927,1409,76990062
제주도,제주시,읍면,교통,제주도민,30대,남,2018-03-01,1367,2284,132810418
제주도,제주시,읍면,교통,제주도민,20대미만,여,2018-03-01,2,3,134000
제주도,제주시,읍면,교통,제주도민,20대미만,남,2018-03-01,5,5,166600
제주도,제주시,읍면,교통,제주도민,20대,여,2018-03-01,326,465,18216262
제주도,제주시,읍면,교통,제주도민,20대,남,2018-03-01,497,749,29524552
제주도,제주시,읍면,교통,내국인관광객,60대이상,여,2018-03-01,574,730,41426206
제주도,제주시,읍면,교통,내국인관광객,60대이상,남,2018-03-01,1443,1791,105166464
제주도,제주시,읍면,교통,내국인관광객,50대,여,2018-03-01,1604,1958,93421072
제주도,제주시,읍면,교통,내국인관광객,50대,남,2018-03-01,2908,3647,220399704
제주도,제주시,읍면,교통,내국인관광객,40대,여,2018-03-01,1547,1873,83101129
제주도,제주시,읍면,교통,내국인관광객,40대,남,2018-03-01,3026,3819,220991166
제주도,제주시,읍면,교통,내국인관광객,30대,여,2018-03-01,2379,2760,96383823
제주도,제주시,읍면,교통,내국인관광객,30대,남,2018-03-01,3666,4231,172786351
제주도,제주시,읍면,교통,내국인관광객,20대미만,여,2018-03-01,2,2,78100
제주도,제주시,읍면,교통,내국인관광객,20대미만,남,2018-03-01,12,12,452100
제주도,제주시,읍면,교통,내국인관광객,20대,여,2018-03-01,2143,2444,60320500
제주도,제주시,읍면,교통,내국인관광객,20대,남,2018-03-01,2027,2282,80268810
제주도,제주시,도심,유흥,제주도민,60대이상,여,2018-03-01,266,344,41137430
제주도,제주시,도심,유흥,제주도민,60대이상,남,2018-03-01,1210,1758,213242770
제주도,제주시,도심,유흥,제주도민,50대,여,2018-03-01,826,1045,101230280
제주도,제주시,도심,유흥,제주도민,50대,남,2018-03-01,3852,5765,767635925
제주도,제주시,도심,유흥,제주도민,40대,여,2018-03-01,1193,1541,110869110
제주도,제주시,도심,유흥,제주도민,40대,남,2018-03-01,4566,6664,1081279073
제주도,제주시,도심,유흥,제주도민,30대,여,2018-03-01,1073,1339,84909120
제주도,제주시,도심,유흥,제주도민,30대,남,2018-03-01,3045,4192,476573072
제주도,제주시,도심,유흥,제주도민,20대미만,여,2018-03-01,29,39,1434830
제주도,제주시,도심,유흥,제주도민,20대미만,남,2018-03-01,40,52,1289300
제주도,제주시,도심,유흥,제주도민,20대,여,2018-03-01,1774,2514,112464770
제주도,제주시,도심,유흥,제주도민,20대,남,2018-03-01,2446,3816,211595656
제주도,제주시,도심,유흥,내국인관광객,60대이상,여,2018-03-01,116,146,23462400
제주도,제주시,도심,유흥,내국인관광객,60대이상,남,2018-03-01,271,366,77069100
제주도,제주시,도심,유흥,내국인관광객,50대,여,2018-03-01,249,312,34202900
제주도,제주시,도심,유흥,내국인관광객,50대,남,2018-03-01,842,1123,220882612
제주도,제주시,도심,유흥,내국인관광객,40대,여,2018-03-01,279,342,36028570
제주도,제주시,도심,유흥,내국인관광객,40대,남,2018-03-01,981,1314,253255210
제주도,제주시,도심,유흥,내국인관광객,30대,여,2018-03-01,236,272,19455980
제주도,제주시,도심,유흥,내국인관광객,30대,남,2018-03-01,708,956,110362900
제주도,제주시,도심,유흥,내국인관광객,20대미만,여,2018-03-01,3,3,214900
제주도,제주시,도심,유흥,내국인관광객,20대미만,남,2018-03-01,3,10,188000
제주도,제주시,도심,유흥,내국인관광객,20대,여,2018-03-01,354,485,23371010
제주도,제주시,도심,유흥,내국인관광객,20대,남,2018-03-01,602,829,44413670
제주도,제주시,도심,식음료,제주도민,60대이상,여,2018-03-01,9302,16069,509914644
제주도,제주시,도심,식음료,제주도민,60대이상,남,2018-03-01,16878,32823,1269107035
제주도,제주시,도심,식음료,제주도민,50대,여,2018-03-01,21197,43693,1219466132
제주도,제주시,도심,식음료,제주도민,50대,남,2018-03-01,30729,69570,2458771263
제주도,제주시,도심,식음료,제주도민,40대,여,2018-03-01,30371,73043,1758953543
제주도,제주시,도심,식음료,제주도민,40대,남,2018-03-01,36963,85481,2826577751
제주도,제주시,도심,식음료,제주도민,30대,여,2018-03-01,26870,62386,1341848892
제주도,제주시,도심,식음료,제주도민,30대,남,2018-03-01,30204,70548,1904601452
제주도,제주시,도심,식음료,제주도민,20대미만,여,2018-03-01,1301,3237,36988723
제주도,제주시,도심,식음료,제주도민,20대미만,남,2018-03-01,1216,2756,37621231
제주도,제주시,도심,식음료,제주도민,20대,여,2018-03-01,22986,61719,1092228525
제주도,제주시,도심,식음료,제주도민,20대,남,2018-03-01,19509,51165,1110883072
제주도,제주시,도심,식음료,내국인관광객,60대이상,여,2018-03-01,4339,5862,250374136
제주도,제주시,도심,식음료,내국인관광객,60대이상,남,2018-03-01,7281,10455,467320745
제주도,제주시,도심,식음료,내국인관광객,50대,여,2018-03-01,9834,13702,507479129
제주도,제주시,도심,식음료,내국인관광객,50대,남,2018-03-01,15221,23821,942216048
제주도,제주시,도심,식음료,내국인관광객,40대,여,2018-03-01,11061,16772,509489594
제주도,제주시,도심,식음료,내국인관광객,40대,남,2018-03-01,17615,28194,971211316
제주도,제주시,도심,식음료,내국인관광객,30대,여,2018-03-01,17954,25263,623865538
제주도,제주시,도심,식음료,내국인관광객,30대,남,2018-03-01,20830,31304,860077262
제주도,제주시,도심,식음료,내국인관광객,20대미만,여,2018-03-01,257,394,4555480
제주도,제주시,도심,식음료,내국인관광객,20대미만,남,2018-03-01,274,412,5902930
제주도,제주시,도심,식음료,내국인관광객,20대,여,2018-03-01,17071,25790,504169667
제주도,제주시,도심,식음료,내국인관광객,20대,남,2018-03-01,13135,21105,446662313
제주도,제주시,도심,숙박,제주도민,60대이상,여,2018-03-01,242,339,58203530
제주도,제주시,도심,숙박,제주도민,60대이상,남,2018-03-01,435,676,174038303
제주도,제주시,도심,숙박,제주도민,50대,여,2018-03-01,345,497,73465372
제주도,제주시,도심,숙박,제주도민,50대,남,2018-03-01,745,1046,234010339
제주도,제주시,도심,숙박,제주도민,40대,여,2018-03-01,426,576,69024539
제주도,제주시,도심,숙박,제주도민,40대,남,2018-03-01,946,1353,123116479
제주도,제주시,도심,숙박,제주도민,30대,여,2018-03-01,352,467,30390189
제주도,제주시,도심,숙박,제주도민,30대,남,2018-03-01,757,1062,73261776
제주도,제주시,도심,숙박,제주도민,20대미만,여,2018-03-01,4,4,113000
제주도,제주시,도심,숙박,제주도민,20대미만,남,2018-03-01,18,31,1243000
제주도,제주시,도심,숙박,제주도민,20대,여,2018-03-01,457,595,33015517
제주도,제주시,도심,숙박,제주도민,20대,남,2018-03-01,642,889,38331862
제주도,제주시,도심,숙박,내국인관광객,60대이상,여,2018-03-01,257,347,44503087
제주도,제주시,도심,숙박,내국인관광객,60대이상,남,2018-03-01,516,658,85882960
제주도,제주시,도심,숙박,내국인관광객,50대,여,2018-03-01,665,815,84025340
제주도,제주시,도심,숙박,내국인관광객,50대,남,2018-03-01,1395,1812,196239552
제주도,제주시,도심,숙박,내국인관광객,40대,여,2018-03-01,730,925,104987753
제주도,제주시,도심,숙박,내국인관광객,40대,남,2018-03-01,1527,2013,181470554
제주도,제주시,도심,숙박,내국인관광객,30대,여,2018-03-01,950,1140,118214299
제주도,제주시,도심,숙박,내국인관광객,30대,남,2018-03-01,1406,1770,141693695
제주도,제주시,도심,숙박,내국인관광객,20대미만,여,2018-03-01,3,5,108000
제주도,제주시,도심,숙박,내국인관광객,20대미만,남,2018-03-01,15,25,1353520
제주도,제주시,도심,숙박,내국인관광객,20대,여,2018-03-01,812,944,78198361
제주도,제주시,도심,숙박,내국인관광객,20대,남,2018-03-01,744,876,53846426
제주도,제주시,도심,쇼핑,제주도민,60대이상,여,2018-03-01,11279,33383,1053097958
제주도,제주시,도심,쇼핑,제주도민,60대이상,남,2018-03-01,14928,44262,1190168082
제주도,제주시,도심,쇼핑,제주도민,50대,여,2018-03-01,21029,68952,1909244948
제주도,제주시,도심,쇼핑,제주도민,50대,남,2018-03-01,27594,91149,2003456764
제주도,제주시,도심,쇼핑,제주도민,40대,여,2018-03-01,28032,94497,2343132514
제주도,제주시,도심,쇼핑,제주도민,40대,남,2018-03-01,36410,127555,2470426294
제주도,제주시,도심,쇼핑,제주도민,30대,여,2018-03-01,23594,73631,1494107071
제주도,제주시,도심,쇼핑,제주도민,30대,남,2018-03-01,30959,110698,1613520045
제주도,제주시,도심,쇼핑,제주도민,20대미만,여,2018-03-01,1353,4345,24398725
제주도,제주시,도심,쇼핑,제주도민,20대미만,남,2018-03-01,1543,5957,27863206
제주도,제주시,도심,쇼핑,제주도민,20대,여,2018-03-01,20180,68165,792006019
제주도,제주시,도심,쇼핑,제주도민,20대,남,2018-03-01,22111,86406,752356434
제주도,제주시,도심,쇼핑,내국인관광객,60대이상,여,2018-03-01,5585,10440,483462986
제주도,제주시,도심,쇼핑,내국인관광객,60대이상,남,2018-03-01,8240,15606,658281082
제주도,제주시,도심,쇼핑,내국인관광객,50대,여,2018-03-01,11755,21310,980477137
제주도,제주시,도심,쇼핑,내국인관광객,50대,남,2018-03-01,18291,39100,1351563597
제주도,제주시,도심,쇼핑,내국인관광객,40대,여,2018-03-01,12479,25191,1019477214
제주도,제주시,도심,쇼핑,내국인관광객,40대,남,2018-03-01,21962,48640,1440324581
제주도,제주시,도심,쇼핑,내국인관광객,30대,여,2018-03-01,17572,32619,1103409203
제주도,제주시,도심,쇼핑,내국인관광객,30대,남,2018-03-01,22980,47319,1256257801
제주도,제주시,도심,쇼핑,내국인관광객,20대미만,여,2018-03-01,391,708,14243290
제주도,제주시,도심,쇼핑,내국인관광객,20대미만,남,2018-03-01,333,691,6808790
제주도,제주시,도심,쇼핑,내국인관광객,20대,여,2018-03-01,16830,32315,848458798
제주도,제주시,도심,쇼핑,내국인관광객,20대,남,2018-03-01,15611,35936,619209464
제주도,제주시,도심,소매,제주도민,60대이상,여,2018-03-01,5516,8256,834818878
제주도,제주시,도심,소매,제주도민,60대이상,남,2018-03-01,4799,6870,729747235
제주도,제주시,도심,소매,제주도민,50대,여,2018-03-01,8145,12592,1280810963
제주도,제주시,도심,소매,제주도민,50대,남,2018-03-01,7170,10674,973867376
제주도,제주시,도심,소매,제주도민,40대,여,2018-03-01,9823,16143,1273807772
제주도,제주시,도심,소매,제주도민,40대,남,2018-03-01,8080,12666,1035928581
제주도,제주시,도심,소매,제주도민,30대,여,2018-03-01,7305,11765,756182226
제주도,제주시,도심,소매,제주도민,30대,남,2018-03-01,5340,7835,555542994
제주도,제주시,도심,소매,제주도민,20대미만,여,2018-03-01,355,592,14026825
제주도,제주시,도심,소매,제주도민,20대미만,남,2018-03-01,249,389,10854701
제주도,제주시,도심,소매,제주도민,20대,여,2018-03-01,5122,7935,378158328
제주도,제주시,도심,소매,제주도민,20대,남,2018-03-01,3345,4921,275601971
제주도,제주시,도심,소매,내국인관광객,60대이상,여,2018-03-01,3513,4214,267413180
제주도,제주시,도심,소매,내국인관광객,60대이상,남,2018-03-01,3634,4383,325084875
제주도,제주시,도심,소매,내국인관광객,50대,여,2018-03-01,5495,6638,365722698
제주도,제주시,도심,소매,내국인관광객,50대,남,2018-03-01,5747,6972,387744531
제주도,제주시,도심,소매,내국인관광객,40대,여,2018-03-01,4714,5804,275134280
제주도,제주시,도심,소매,내국인관광객,40대,남,2018-03-01,5576,6773,354897064
제주도,제주시,도심,소매,내국인관광객,30대,여,2018-03-01,6453,7721,298006473
제주도,제주시,도심,소매,내국인관광객,30대,남,2018-03-01,6154,7303,309027791
제주도,제주시,도심,소매,내국인관광객,20대미만,여,2018-03-01,320,411,7031820
제주도,제주시,도심,소매,내국인관광객,20대미만,남,2018-03-01,321,400,7598800
제주도,제주시,도심,소매,내국인관광객,20대,여,2018-03-01,6188,7462,215802564
제주도,제주시,도심,소매,내국인관광객,20대,남,2018-03-01,3704,4407,144326684
제주도,제주시,도심,문화/레져,제주도민,60대이상,여,2018-03-01,622,870,35211735
제주도,제주시,도심,문화/레져,제주도민,60대이상,남,2018-03-01,1373,2003,116546566
제주도,제주시,도심,문화/레져,제주도민,50대,여,2018-03-01,2705,4068,162511430
제주도,제주시,도심,문화/레져,제주도민,50대,남,2018-03-01,4151,6227,306021352
제주도,제주시,도심,문화/레져,제주도민,40대,여,2018-03-01,6959,10940,335967865
제주도,제주시,도심,문화/레져,제주도민,40대,남,2018-03-01,6059,9316,360824134
제주도,제주시,도심,문화/레져,제주도민,30대,여,2018-03-01,4179,6068,164459819
제주도,제주시,도심,문화/레져,제주도민,30대,남,2018-03-01,3546,5874,172174052
제주도,제주시,도심,문화/레져,제주도민,20대미만,여,2018-03-01,632,1063,14880194
제주도,제주시,도심,문화/레져,제주도민,20대미만,남,2018-03-01,656,1556,19563666
제주도,제주시,도심,문화/레져,제주도민,20대,여,2018-03-01,4335,7316,145365011
제주도,제주시,도심,문화/레져,제주도민,20대,남,2018-03-01,4853,12675,171166836
제주도,제주시,도심,문화/레져,내국인관광객,60대이상,여,2018-03-01,185,283,11662235
제주도,제주시,도심,문화/레져,내국인관광객,60대이상,남,2018-03-01,384,516,39983866
제주도,제주시,도심,문화/레져,내국인관광객,50대,여,2018-03-01,482,615,32623907
제주도,제주시,도심,문화/레져,내국인관광객,50대,남,2018-03-01,1035,1397,95059364
제주도,제주시,도심,문화/레져,내국인관광객,40대,여,2018-03-01,702,996,31139290
제주도,제주시,도심,문화/레져,내국인관광객,40대,남,2018-03-01,1144,1568,83751139
제주도,제주시,도심,문화/레져,내국인관광객,30대,여,2018-03-01,797,1058,30758686
제주도,제주시,도심,문화/레져,내국인관광객,30대,남,2018-03-01,1143,1847,42634770
제주도,제주시,도심,문화/레져,내국인관광객,20대미만,여,2018-03-01,90,130,1802020
제주도,제주시,도심,문화/레져,내국인관광객,20대미만,남,2018-03-01,91,138,1534489
제주도,제주시,도심,문화/레져,내국인관광객,20대,여,2018-03-01,1149,1700,29409637
제주도,제주시,도심,문화/레져,내국인관광객,20대,남,2018-03-01,1506,3349,40038210
제주도,제주시,도심,교통,제주도민,60대이상,여,2018-03-01,3147,4552,286791646
제주도,제주시,도심,교통,제주도민,60대이상,남,2018-03-01,6934,10840,750657703
제주도,제주시,도심,교통,제주도민,50대,여,2018-03-01,6445,9318,585559391
제주도,제주시,도심,교통,제주도민,50대,남,2018-03-01,10217,15951,991713477
제주도,제주시,도심,교통,제주도민,40대,여,2018-03-01,7359,10579,545742169
제주도,제주시,도심,교통,제주도민,40대,남,2018-03-01,10910,16759,940742395
제주도,제주시,도심,교통,제주도민,30대,여,2018-03-01,5304,7287,352353911
제주도,제주시,도심,교통,제주도민,30대,남,2018-03-01,7525,10886,518963409
제주도,제주시,도심,교통,제주도민,20대미만,여,2018-03-01,16,19,508515
제주도,제주시,도심,교통,제주도민,20대미만,남,2018-03-01,33,37,1409168
제주도,제주시,도심,교통,제주도민,20대,여,2018-03-01,2457,3170,125229617
제주도,제주시,도심,교통,제주도민,20대,남,2018-03-01,3198,4458,171693754
제주도,제주시,도심,교통,내국인관광객,60대이상,여,2018-03-01,1452,1690,155443384
제주도,제주시,도심,교통,내국인관광객,60대이상,남,2018-03-01,3138,3721,315775493
제주도,제주시,도심,교통,내국인관광객,50대,여,2018-03-01,4034,4510,385624129
제주도,제주시,도심,교통,내국인관광객,50대,남,2018-03-01,6880,8020,729224433
제주도,제주시,도심,교통,내국인관광객,40대,여,2018-03-01,4992,5530,563187795
제주도,제주시,도심,교통,내국인관광객,40대,남,2018-03-01,8171,9738,912760768
제주도,제주시,도심,교통,내국인관광객,30대,여,2018-03-01,8180,8896,860124206
제주도,제주시,도심,교통,내국인관광객,30대,남,2018-03-01,10594,11954,983167425
제주도,제주시,도심,교통,내국인관광객,20대미만,여,2018-03-01,14,19,1007100
제주도,제주시,도심,교통,내국인관광객,20대미만,남,2018-03-01,12,12,658700
제주도,제주시,도심,교통,내국인관광객,20대,여,2018-03-01,6427,6778,608394903
제주도,제주시,도심,교통,내국인관광객,20대,남,2018-03-01,5452,6012,424695174
제주도,서귀포시,읍면,유흥,제주도민,60대이상,여,2018-03-01,36,46,2962350
제주도,서귀포시,읍면,유흥,제주도민,60대이상,남,2018-03-01,193,362,45477100
제주도,서귀포시,읍면,유흥,제주도민,50대,여,2018-03-01,91,125,13480100
제주도,서귀포시,읍면,유흥,제주도민,50대,남,2018-03-01,403,775,117836470
제주도,서귀포시,읍면,유흥,제주도민,40대,여,2018-03-01,75,108,9674700
제주도,서귀포시,읍면,유흥,제주도민,40대,남,2018-03-01,375,689,118502360
제주도,서귀포시,읍면,유흥,제주도민,30대,여,2018-03-01,50,58,2945350
제주도,서귀포시,읍면,유흥,제주도민,30대,남,2018-03-01,148,249,34960150
제주도,서귀포시,읍면,유흥,제주도민,20대미만,여,2018-03-01,3,3,215800
제주도,서귀포시,읍면,유흥,제주도민,20대미만,남,2018-03-01,6,10,792650
제주도,서귀포시,읍면,유흥,제주도민,20대,여,2018-03-01,31,33,1592050
제주도,서귀포시,읍면,유흥,제주도민,20대,남,2018-03-01,74,114,10552800
제주도,서귀포시,읍면,유흥,내국인관광객,60대이상,여,2018-03-01,17,23,2533010
제주도,서귀포시,읍면,유흥,내국인관광객,60대이상,남,2018-03-01,61,95,11770500
제주도,서귀포시,읍면,유흥,내국인관광객,50대,여,2018-03-01,44,55,6446550
제주도,서귀포시,읍면,유흥,내국인관광객,50대,남,2018-03-01,162,259,38769640
제주도,서귀포시,읍면,유흥,내국인관광객,40대,여,2018-03-01,32,33,2822620
제주도,서귀포시,읍면,유흥,내국인관광객,40대,남,2018-03-01,115,170,28190970
제주도,서귀포시,읍면,유흥,내국인관광객,30대,여,2018-03-01,46,57,2633500
제주도,서귀포시,읍면,유흥,내국인관광객,30대,남,2018-03-01,95,134,14235500
제주도,서귀포시,읍면,유흥,내국인관광객,20대,여,2018-03-01,34,39,1874900
제주도,서귀포시,읍면,유흥,내국인관광객,20대,남,2018-03-01,64,76,4363000
제주도,서귀포시,읍면,식음료,제주도민,60대이상,여,2018-03-01,944,1760,76564574
제주도,서귀포시,읍면,식음료,제주도민,60대이상,남,2018-03-01,2316,4959,224012187
제주도,서귀포시,읍면,식음료,제주도민,50대,여,2018-03-01,2024,4247,147903351
제주도,서귀포시,읍면,식음료,제주도민,50대,남,2018-03-01,3458,8223,334726745
제주도,서귀포시,읍면,식음료,제주도민,40대,여,2018-03-01,2543,6097,172649640
제주도,서귀포시,읍면,식음료,제주도민,40대,남,2018-03-01,3732,8783,308141288
제주도,서귀포시,읍면,식음료,제주도민,30대,여,2018-03-01,2067,4541,109509966
제주도,서귀포시,읍면,식음료,제주도민,30대,남,2018-03-01,2382,5150,147328843
제주도,서귀포시,읍면,식음료,제주도민,20대미만,여,2018-03-01,58,116,1873655
제주도,서귀포시,읍면,식음료,제주도민,20대미만,남,2018-03-01,68,141,2553800
제주도,서귀포시,읍면,식음료,제주도민,20대,여,2018-03-01,1219,2434,53990105
제주도,서귀포시,읍면,식음료,제주도민,20대,남,2018-03-01,1155,2416,63244165
제주도,서귀포시,읍면,식음료,내국인관광객,60대이상,여,2018-03-01,1829,2481,112430382
제주도,서귀포시,읍면,식음료,내국인관광객,60대이상,남,2018-03-01,2826,4226,201927014
제주도,서귀포시,읍면,식음료,내국인관광객,50대,여,2018-03-01,4220,5998,254175926
제주도,서귀포시,읍면,식음료,내국인관광객,50대,남,2018-03-01,5075,8256,372724451
제주도,서귀포시,읍면,식음료,내국인관광객,40대,여,2018-03-01,4421,6754,239141328
제주도,서귀포시,읍면,식음료,내국인관광객,40대,남,2018-03-01,5868,9510,362900831
제주도,서귀포시,읍면,식음료,내국인관광객,30대,여,2018-03-01,8041,12027,375954173
제주도,서귀포시,읍면,식음료,내국인관광객,30대,남,2018-03-01,8478,12840,410126405
제주도,서귀포시,읍면,식음료,내국인관광객,20대미만,여,2018-03-01,288,371,6239970
제주도,서귀포시,읍면,식음료,내국인관광객,20대미만,남,2018-03-01,203,302,4626400
제주도,서귀포시,읍면,식음료,내국인관광객,20대,여,2018-03-01,6675,9779,259994201
제주도,서귀포시,읍면,식음료,내국인관광객,20대,남,2018-03-01,4580,6697,176947242
제주도,서귀포시,읍면,숙박,제주도민,60대이상,여,2018-03-01,37,51,2576840
제주도,서귀포시,읍면,숙박,제주도민,60대이상,남,2018-03-01,72,112,7139800
제주도,서귀포시,읍면,숙박,제주도민,50대,여,2018-03-01,77,113,4696350
제주도,서귀포시,읍면,숙박,제주도민,50대,남,2018-03-01,148,196,9687846
제주도,서귀포시,읍면,숙박,제주도민,40대,여,2018-03-01,280,542,17600540
제주도,서귀포시,읍면,숙박,제주도민,40대,남,2018-03-01,348,566,20479190
제주도,서귀포시,읍면,숙박,제주도민,30대,여,2018-03-01,294,455,16233280
제주도,서귀포시,읍면,숙박,제주도민,30대,남,2018-03-01,256,422,14308080
제주도,서귀포시,읍면,숙박,제주도민,20대미만,여,2018-03-01,3,6,259800
제주도,서귀포시,읍면,숙박,제주도민,20대미만,남,2018-03-01,3,4,88500
제주도,서귀포시,읍면,숙박,제주도민,20대,여,2018-03-01,120,158,6124790
제주도,서귀포시,읍면,숙박,제주도민,20대,남,2018-03-01,104,135,3804573
제주도,서귀포시,읍면,숙박,내국인관광객,60대이상,여,2018-03-01,243,324,17900879
제주도,서귀포시,읍면,숙박,내국인관광객,60대이상,남,2018-03-01,371,497,34869449
제주도,서귀포시,읍면,숙박,내국인관광객,50대,여,2018-03-01,610,751,36319767
제주도,서귀포시,읍면,숙박,내국인관광객,50대,남,2018-03-01,623,783,42896269
제주도,서귀포시,읍면,숙박,내국인관광객,40대,여,2018-03-01,718,972,53958820
제주도,서귀포시,읍면,숙박,내국인관광객,40대,남,2018-03-01,860,1198,69184497
제주도,서귀포시,읍면,숙박,내국인관광객,30대,여,2018-03-01,1283,1688,75516646
제주도,서귀포시,읍면,숙박,내국인관광객,30대,남,2018-03-01,1059,1412,82309835
제주도,서귀포시,읍면,숙박,내국인관광객,20대미만,여,2018-03-01,28,39,285500
제주도,서귀포시,읍면,숙박,내국인관광객,20대미만,남,2018-03-01,26,36,270000
제주도,서귀포시,읍면,숙박,내국인관광객,20대,여,2018-03-01,1037,1275,35406032
제주도,서귀포시,읍면,숙박,내국인관광객,20대,남,2018-03-01,561,681,20288854
제주도,서귀포시,읍면,쇼핑,제주도민,60대이상,여,2018-03-01,970,3334,100995222
제주도,서귀포시,읍면,쇼핑,제주도민,60대이상,남,2018-03-01,1917,6380,173526457
제주도,서귀포시,읍면,쇼핑,제주도민,50대,여,2018-03-01,1918,7573,180661475
제주도,서귀포시,읍면,쇼핑,제주도민,50대,남,2018-03-01,3165,11878,259897134
제주도,서귀포시,읍면,쇼핑,제주도민,40대,여,2018-03-01,2255,8920,183582146
제주도,서귀포시,읍면,쇼핑,제주도민,40대,남,2018-03-01,4060,15850,255969295
제주도,서귀포시,읍면,쇼핑,제주도민,30대,여,2018-03-01,1675,6335,97032940
제주도,서귀포시,읍면,쇼핑,제주도민,30대,남,2018-03-01,3017,10986,138462889
제주도,서귀포시,읍면,쇼핑,제주도민,20대미만,여,2018-03-01,84,449,2187250
제주도,서귀포시,읍면,쇼핑,제주도민,20대미만,남,2018-03-01,109,507,2364965
제주도,서귀포시,읍면,쇼핑,제주도민,20대,여,2018-03-01,1019,4798,40030805
제주도,서귀포시,읍면,쇼핑,제주도민,20대,남,2018-03-01,1720,7827,66771153
제주도,서귀포시,읍면,쇼핑,내국인관광객,60대이상,여,2018-03-01,920,1935,43599490
제주도,서귀포시,읍면,쇼핑,내국인관광객,60대이상,남,2018-03-01,1590,3716,68375860
제주도,서귀포시,읍면,쇼핑,내국인관광객,50대,여,2018-03-01,2099,4315,81031560
제주도,서귀포시,읍면,쇼핑,내국인관광객,50대,남,2018-03-01,3202,7934,129857100
제주도,서귀포시,읍면,쇼핑,내국인관광객,40대,여,2018-03-01,2556,5356,90607596
제주도,서귀포시,읍면,쇼핑,내국인관광객,40대,남,2018-03-01,4538,10740,152741746
제주도,서귀포시,읍면,쇼핑,내국인관광객,30대,여,2018-03-01,4200,7519,96791103
제주도,서귀포시,읍면,쇼핑,내국인관광객,30대,남,2018-03-01,5713,12192,144226790
제주도,서귀포시,읍면,쇼핑,내국인관광객,20대미만,여,2018-03-01,179,331,2185302
제주도,서귀포시,읍면,쇼핑,내국인관광객,20대미만,남,2018-03-01,254,536,3626498
제주도,서귀포시,읍면,쇼핑,내국인관광객,20대,여,2018-03-01,3505,6988,64176119
제주도,서귀포시,읍면,쇼핑,내국인관광객,20대,남,2018-03-01,3556,8669,81094030
제주도,서귀포시,읍면,소매,제주도민,60대이상,여,2018-03-01,373,656,39931670
제주도,서귀포시,읍면,소매,제주도민,60대이상,남,2018-03-01,499,836,44356700
제주도,서귀포시,읍면,소매,제주도민,50대,여,2018-03-01,664,1361,98167190
제주도,서귀포시,읍면,소매,제주도민,50대,남,2018-03-01,799,1515,63989640
제주도,서귀포시,읍면,소매,제주도민,40대,여,2018-03-01,729,1327,57626700
제주도,서귀포시,읍면,소매,제주도민,40대,남,2018-03-01,818,1548,64056255
제주도,서귀포시,읍면,소매,제주도민,30대,여,2018-03-01,577,977,32684380
제주도,서귀포시,읍면,소매,제주도민,30대,남,2018-03-01,544,998,24672950
제주도,서귀포시,읍면,소매,제주도민,20대미만,여,2018-03-01,27,38,533700
제주도,서귀포시,읍면,소매,제주도민,20대미만,남,2018-03-01,15,19,204950
제주도,서귀포시,읍면,소매,제주도민,20대,여,2018-03-01,217,356,8738590
제주도,서귀포시,읍면,소매,제주도민,20대,남,2018-03-01,301,642,10951290
제주도,서귀포시,읍면,소매,내국인관광객,60대이상,여,2018-03-01,1089,1344,138662700
제주도,서귀포시,읍면,소매,내국인관광객,60대이상,남,2018-03-01,1176,1418,132898310
제주도,서귀포시,읍면,소매,내국인관광객,50대,여,2018-03-01,1521,1913,138110910
제주도,서귀포시,읍면,소매,내국인관광객,50대,남,2018-03-01,1556,1923,130968685
제주도,서귀포시,읍면,소매,내국인관광객,40대,여,2018-03-01,1285,1632,76415285
제주도,서귀포시,읍면,소매,내국인관광객,40대,남,2018-03-01,1596,2116,97246480
제주도,서귀포시,읍면,소매,내국인관광객,30대,여,2018-03-01,1869,2333,79902451
제주도,서귀포시,읍면,소매,내국인관광객,30대,남,2018-03-01,1882,2359,80311916
제주도,서귀포시,읍면,소매,내국인관광객,20대미만,여,2018-03-01,47,55,967100
제주도,서귀포시,읍면,소매,내국인관광객,20대미만,남,2018-03-01,34,35,409100
제주도,서귀포시,읍면,소매,내국인관광객,20대,여,2018-03-01,1228,1477,40425120
제주도,서귀포시,읍면,소매,내국인관광객,20대,남,2018-03-01,766,1070,22675300
제주도,서귀포시,읍면,문화/레져,제주도민,60대이상,여,2018-03-01,153,217,15484295
제주도,서귀포시,읍면,문화/레져,제주도민,60대이상,남,2018-03-01,669,1170,83522452
제주도,서귀포시,읍면,문화/레져,제주도민,50대,여,2018-03-01,389,505,35170670
제주도,서귀포시,읍면,문화/레져,제주도민,50대,남,2018-03-01,995,1426,119393878
제주도,서귀포시,읍면,문화/레져,제주도민,40대,여,2018-03-01,600,812,50197416
제주도,서귀포시,읍면,문화/레져,제주도민,40대,남,2018-03-01,1039,1367,97669016
제주도,서귀포시,읍면,문화/레져,제주도민,30대,여,2018-03-01,590,718,22942218
제주도,서귀포시,읍면,문화/레져,제주도민,30대,남,2018-03-01,571,747,29669114
제주도,서귀포시,읍면,문화/레져,제주도민,20대미만,여,2018-03-01,20,30,497700
제주도,서귀포시,읍면,문화/레져,제주도민,20대미만,남,2018-03-01,23,48,589016
제주도,서귀포시,읍면,문화/레져,제주도민,20대,여,2018-03-01,258,292,7233670
제주도,서귀포시,읍면,문화/레져,제주도민,20대,남,2018-03-01,219,255,7571465
제주도,서귀포시,읍면,문화/레져,내국인관광객,60대이상,여,2018-03-01,475,566,34740743
제주도,서귀포시,읍면,문화/레져,내국인관광객,60대이상,남,2018-03-01,930,1292,130025981
제주도,서귀포시,읍면,문화/레져,내국인관광객,50대,여,2018-03-01,1227,1432,73940093
제주도,서귀포시,읍면,문화/레져,내국인관광객,50대,남,2018-03-01,1607,1990,147660990
제주도,서귀포시,읍면,문화/레져,내국인관광객,40대,여,2018-03-01,1420,1778,74268393
제주도,서귀포시,읍면,문화/레져,내국인관광객,40대,남,2018-03-01,1957,2484,133979698
제주도,서귀포시,읍면,문화/레져,내국인관광객,30대,여,2018-03-01,2199,2636,82781592
제주도,서귀포시,읍면,문화/레져,내국인관광객,30대,남,2018-03-01,2341,2972,133139630
제주도,서귀포시,읍면,문화/레져,내국인관광객,20대미만,여,2018-03-01,37,47,670600
제주도,서귀포시,읍면,문화/레져,내국인관광객,20대미만,남,2018-03-01,25,29,275600
제주도,서귀포시,읍면,문화/레져,내국인관광객,20대,여,2018-03-01,1538,1757,43701580
제주도,서귀포시,읍면,문화/레져,내국인관광객,20대,남,2018-03-01,1154,1366,35620964
제주도,서귀포시,읍면,교통,제주도민,60대이상,여,2018-03-01,776,1297,82397239
제주도,서귀포시,읍면,교통,제주도민,60대이상,남,2018-03-01,3725,7948,416091605
제주도,서귀포시,읍면,교통,제주도민,50대,여,2018-03-01,1057,1879,109449172
제주도,서귀포시,읍면,교통,제주도민,50대,남,2018-03-01,2517,5151,309261266
제주도,서귀포시,읍면,교통,제주도민,40대,여,2018-03-01,1007,1797,105768597
제주도,서귀포시,읍면,교통,제주도민,40대,남,2018-03-01,2054,4059,248546254
제주도,서귀포시,읍면,교통,제주도민,30대,여,2018-03-01,641,1056,55971989
제주도,서귀포시,읍면,교통,제주도민,30대,남,2018-03-01,906,1608,82550244
제주도,서귀포시,읍면,교통,제주도민,20대미만,여,2018-03-01,2,3,95000
제주도,서귀포시,읍면,교통,제주도민,20대미만,남,2018-03-01,6,6,239000
제주도,서귀포시,읍면,교통,제주도민,20대,여,2018-03-01,264,390,16769885
제주도,서귀포시,읍면,교통,제주도민,20대,남,2018-03-01,338,534,21213198
제주도,서귀포시,읍면,교통,내국인관광객,60대이상,여,2018-03-01,225,292,15615582
제주도,서귀포시,읍면,교통,내국인관광객,60대이상,남,2018-03-01,557,794,44568312
제주도,서귀포시,읍면,교통,내국인관광객,50대,여,2018-03-01,586,770,33787238
제주도,서귀포시,읍면,교통,내국인관광객,50대,남,2018-03-01,1020,1357,63377247
제주도,서귀포시,읍면,교통,내국인관광객,40대,여,2018-03-01,604,734,30294856
제주도,서귀포시,읍면,교통,내국인관광객,40대,남,2018-03-01,1180,1520,63833382
제주도,서귀포시,읍면,교통,내국인관광객,30대,여,2018-03-01,947,1056,35076563
제주도,서귀포시,읍면,교통,내국인관광객,30대,남,2018-03-01,1469,1728,60604321
제주도,서귀포시,읍면,교통,내국인관광객,20대미만,여,2018-03-01,1,1,30000
제주도,서귀포시,읍면,교통,내국인관광객,20대미만,남,2018-03-01,3,3,55000
제주도,서귀포시,읍면,교통,내국인관광객,20대,여,2018-03-01,639,695,22197561
제주도,서귀포시,읍면,교통,내국인관광객,20대,남,2018-03-01,711,820,28042037
제주도,서귀포시,도심,유흥,제주도민,60대이상,여,2018-03-01,84,95,10260100
제주도,서귀포시,도심,유흥,제주도민,60대이상,남,2018-03-01,322,485,63536100
제주도,서귀포시,도심,유흥,제주도민,50대,여,2018-03-01,182,231,17833600
제주도,서귀포시,도심,유흥,제주도민,50대,남,2018-03-01,894,1291,202607200
제주도,서귀포시,도심,유흥,제주도민,40대,여,2018-03-01,284,347,29188100
제주도,서귀포시,도심,유흥,제주도민,40대,남,2018-03-01,1055,1520,270364600
제주도,서귀포시,도심,유흥,제주도민,30대,여,2018-03-01,206,259,19327100
제주도,서귀포시,도심,유흥,제주도민,30대,남,2018-03-01,587,843,97108000
제주도,서귀포시,도심,유흥,제주도민,20대미만,여,2018-03-01,3,4,290000
제주도,서귀포시,도심,유흥,제주도민,20대미만,남,2018-03-01,6,7,716000
제주도,서귀포시,도심,유흥,제주도민,20대,여,2018-03-01,234,340,14559100
제주도,서귀포시,도심,유흥,제주도민,20대,남,2018-03-01,361,582,37885200
제주도,서귀포시,도심,유흥,내국인관광객,60대이상,여,2018-03-01,36,48,4333900
제주도,서귀포시,도심,유흥,내국인관광객,60대이상,남,2018-03-01,117,158,30032600
제주도,서귀포시,도심,유흥,내국인관광객,50대,여,2018-03-01,59,75,5443100
제주도,서귀포시,도심,유흥,내국인관광객,50대,남,2018-03-01,282,373,63301400
제주도,서귀포시,도심,유흥,내국인관광객,40대,여,2018-03-01,85,112,9060600
제주도,서귀포시,도심,유흥,내국인관광객,40대,남,2018-03-01,296,392,57826700
제주도,서귀포시,도심,유흥,내국인관광객,30대,여,2018-03-01,131,157,8625050
제주도,서귀포시,도심,유흥,내국인관광객,30대,남,2018-03-01,277,391,27253300
제주도,서귀포시,도심,유흥,내국인관광객,20대미만,여,2018-03-01,1,1,20000
제주도,서귀포시,도심,유흥,내국인관광객,20대미만,남,2018-03-01,2,2,165000
제주도,서귀포시,도심,유흥,내국인관광객,20대,여,2018-03-01,167,246,8748760
제주도,서귀포시,도심,유흥,내국인관광객,20대,남,2018-03-01,231,335,16214500
제주도,서귀포시,도심,식음료,제주도민,60대이상,여,2018-03-01,2409,3717,127745039
제주도,서귀포시,도심,식음료,제주도민,60대이상,남,2018-03-01,4551,8094,336339918
제주도,서귀포시,도심,식음료,제주도민,50대,여,2018-03-01,4932,8528,261570490
제주도,서귀포시,도심,식음료,제주도민,50대,남,2018-03-01,7339,13954,556424610
제주도,서귀포시,도심,식음료,제주도민,40대,여,2018-03-01,7128,13530,341792853
제주도,서귀포시,도심,식음료,제주도민,40대,남,2018-03-01,9652,18708,654351522
제주도,서귀포시,도심,식음료,제주도민,30대,여,2018-03-01,6391,11743,246742930
제주도,서귀포시,도심,식음료,제주도민,30대,남,2018-03-01,6887,13149,360431176
제주도,서귀포시,도심,식음료,제주도민,20대미만,여,2018-03-01,297,489,5830740
제주도,서귀포시,도심,식음료,제주도민,20대미만,남,2018-03-01,221,362,6385270
제주도,서귀포시,도심,식음료,제주도민,20대,여,2018-03-01,3642,6681,127190721
제주도,서귀포시,도심,식음료,제주도민,20대,남,2018-03-01,3401,6073,135980073
제주도,서귀포시,도심,식음료,내국인관광객,60대이상,여,2018-03-01,2139,2936,128690775
제주도,서귀포시,도심,식음료,내국인관광객,60대이상,남,2018-03-01,3425,4997,226204148
제주도,서귀포시,도심,식음료,내국인관광객,50대,여,2018-03-01,4289,5550,246086820
제주도,서귀포시,도심,식음료,내국인관광객,50대,남,2018-03-01,6106,8960,397110275
제주도,서귀포시,도심,식음료,내국인관광객,40대,여,2018-03-01,4902,6696,243066330
제주도,서귀포시,도심,식음료,내국인관광객,40대,남,2018-03-01,7640,11389,436000010
제주도,서귀포시,도심,식음료,내국인관광객,30대,여,2018-03-01,9234,12301,390620815
제주도,서귀포시,도심,식음료,내국인관광객,30대,남,2018-03-01,10497,14418,478207483
제주도,서귀포시,도심,식음료,내국인관광객,20대미만,여,2018-03-01,172,225,2290650
제주도,서귀포시,도심,식음료,내국인관광객,20대미만,남,2018-03-01,144,172,1644520
제주도,서귀포시,도심,식음료,내국인관광객,20대,여,2018-03-01,7463,10014,266635240
제주도,서귀포시,도심,식음료,내국인관광객,20대,남,2018-03-01,5704,7970,212694140
제주도,서귀포시,도심,숙박,제주도민,60대이상,여,2018-03-01,55,76,9084715
제주도,서귀포시,도심,숙박,제주도민,60대이상,남,2018-03-01,126,196,41876094
제주도,서귀포시,도심,숙박,제주도민,50대,여,2018-03-01,102,146,12278934
제주도,서귀포시,도심,숙박,제주도민,50대,남,2018-03-01,183,230,26127850
제주도,서귀포시,도심,숙박,제주도민,40대,여,2018-03-01,151,219,24675176
제주도,서귀포시,도심,숙박,제주도민,40대,남,2018-03-01,307,448,37967080
제주도,서귀포시,도심,숙박,제주도민,30대,여,2018-03-01,129,204,20931802
제주도,서귀포시,도심,숙박,제주도민,30대,남,2018-03-01,186,284,21870219
제주도,서귀포시,도심,숙박,제주도민,20대미만,여,2018-03-01,2,2,45000
제주도,서귀포시,도심,숙박,제주도민,20대미만,남,2018-03-01,2,2,95000
제주도,서귀포시,도심,숙박,제주도민,20대,여,2018-03-01,83,152,8666564
제주도,서귀포시,도심,숙박,제주도민,20대,남,2018-03-01,98,132,6972565
제주도,서귀포시,도심,숙박,내국인관광객,60대이상,여,2018-03-01,244,309,55226720
제주도,서귀포시,도심,숙박,내국인관광객,60대이상,남,2018-03-01,456,595,88440255
제주도,서귀포시,도심,숙박,내국인관광객,50대,여,2018-03-01,512,647,74433240
제주도,서귀포시,도심,숙박,내국인관광객,50대,남,2018-03-01,864,1077,122860304
제주도,서귀포시,도심,숙박,내국인관광객,40대,여,2018-03-01,705,905,129660754
제주도,서귀포시,도심,숙박,내국인관광객,40대,남,2018-03-01,1109,1481,211383735
제주도,서귀포시,도심,숙박,내국인관광객,30대,여,2018-03-01,1305,1569,200584609
제주도,서귀포시,도심,숙박,내국인관광객,30대,남,2018-03-01,1502,1882,242072717
제주도,서귀포시,도심,숙박,내국인관광객,20대미만,여,2018-03-01,3,3,194028
제주도,서귀포시,도심,숙박,내국인관광객,20대미만,남,2018-03-01,2,2,8900
제주도,서귀포시,도심,숙박,내국인관광객,20대,여,2018-03-01,866,995,85602885
제주도,서귀포시,도심,숙박,내국인관광객,20대,남,2018-03-01,551,644,57508637
제주도,서귀포시,도심,쇼핑,제주도민,60대이상,여,2018-03-01,2823,7972,304507660
제주도,서귀포시,도심,쇼핑,제주도민,60대이상,남,2018-03-01,3835,10500,335212580
제주도,서귀포시,도심,쇼핑,제주도민,50대,여,2018-03-01,4690,14519,466756760
제주도,서귀포시,도심,쇼핑,제주도민,50대,남,2018-03-01,6170,18894,462930880
제주도,서귀포시,도심,쇼핑,제주도민,40대,여,2018-03-01,6153,19283,547997760
제주도,서귀포시,도심,쇼핑,제주도민,40대,남,2018-03-01,9181,29412,615472950
제주도,서귀포시,도심,쇼핑,제주도민,30대,여,2018-03-01,5371,14701,342899730
제주도,서귀포시,도심,쇼핑,제주도민,30대,남,2018-03-01,6923,21757,348836700
제주도,서귀포시,도심,쇼핑,제주도민,20대미만,여,2018-03-01,299,727,4730670
제주도,서귀포시,도심,쇼핑,제주도민,20대미만,남,2018-03-01,271,757,3957820
제주도,서귀포시,도심,쇼핑,제주도민,20대,여,2018-03-01,3071,8459,117464150
제주도,서귀포시,도심,쇼핑,제주도민,20대,남,2018-03-01,3906,11916,116701010
제주도,서귀포시,도심,쇼핑,내국인관광객,60대이상,여,2018-03-01,1697,3376,111535200
제주도,서귀포시,도심,쇼핑,내국인관광객,60대이상,남,2018-03-01,2517,5391,150589110
제주도,서귀포시,도심,쇼핑,내국인관광객,50대,여,2018-03-01,3145,5565,161914800
제주도,서귀포시,도심,쇼핑,내국인관광객,50대,남,2018-03-01,4990,10339,247655910
제주도,서귀포시,도심,쇼핑,내국인관광객,40대,여,2018-03-01,3878,7053,184528680
제주도,서귀포시,도심,쇼핑,내국인관광객,40대,남,2018-03-01,6995,15116,299174660
제주도,서귀포시,도심,쇼핑,내국인관광객,30대,여,2018-03-01,6466,10634,213571810
제주도,서귀포시,도심,쇼핑,내국인관광객,30대,남,2018-03-01,8661,16483,292463370
제주도,서귀포시,도심,쇼핑,내국인관광객,20대미만,여,2018-03-01,173,334,2214230
제주도,서귀포시,도심,쇼핑,내국인관광객,20대미만,남,2018-03-01,216,333,1969490
제주도,서귀포시,도심,쇼핑,내국인관광객,20대,여,2018-03-01,5432,9247,142806920
제주도,서귀포시,도심,쇼핑,내국인관광객,20대,남,2018-03-01,5595,12203,142009220
제주도,서귀포시,도심,소매,제주도민,60대이상,여,2018-03-01,1237,1864,210474122
제주도,서귀포시,도심,소매,제주도민,60대이상,남,2018-03-01,964,1384,149420778
제주도,서귀포시,도심,소매,제주도민,50대,여,2018-03-01,1905,2889,272523716
제주도,서귀포시,도심,소매,제주도민,50대,남,2018-03-01,1467,2122,184702561
제주도,서귀포시,도심,소매,제주도민,40대,여,2018-03-01,2099,3191,231586855
제주도,서귀포시,도심,소매,제주도민,40대,남,2018-03-01,1750,2556,226266001
제주도,서귀포시,도심,소매,제주도민,30대,여,2018-03-01,1400,2046,128444290
제주도,서귀포시,도심,소매,제주도민,30대,남,2018-03-01,1050,1505,86523971
제주도,서귀포시,도심,소매,제주도민,20대미만,여,2018-03-01,61,76,1400540
제주도,서귀포시,도심,소매,제주도민,20대미만,남,2018-03-01,25,29,774110
제주도,서귀포시,도심,소매,제주도민,20대,여,2018-03-01,700,936,40082476
제주도,서귀포시,도심,소매,제주도민,20대,남,2018-03-01,536,731,34107779
제주도,서귀포시,도심,소매,내국인관광객,60대이상,여,2018-03-01,1012,1257,170115744
제주도,서귀포시,도심,소매,내국인관광객,60대이상,남,2018-03-01,1101,1380,169907613
제주도,서귀포시,도심,소매,내국인관광객,50대,여,2018-03-01,1679,2124,167738792
제주도,서귀포시,도심,소매,내국인관광객,50대,남,2018-03-01,1576,2063,139741770
제주도,서귀포시,도심,소매,내국인관광객,40대,여,2018-03-01,1447,1949,93089951
제주도,서귀포시,도심,소매,내국인관광객,40대,남,2018-03-01,1726,2322,111537367
제주도,서귀포시,도심,소매,내국인관광객,30대,여,2018-03-01,2568,3516,124483140
제주도,서귀포시,도심,소매,내국인관광객,30대,남,2018-03-01,2521,3566,124283639
제주도,서귀포시,도심,소매,내국인관광객,20대미만,여,2018-03-01,86,99,1816300
제주도,서귀포시,도심,소매,내국인관광객,20대미만,남,2018-03-01,63,72,977600
제주도,서귀포시,도심,소매,내국인관광객,20대,여,2018-03-01,2282,3279,78839380
제주도,서귀포시,도심,소매,내국인관광객,20대,남,2018-03-01,1294,1900,43870095
제주도,서귀포시,도심,문화/레져,제주도민,60대이상,여,2018-03-01,181,260,8960685
제주도,서귀포시,도심,문화/레져,제주도민,60대이상,남,2018-03-01,483,755,43225760
제주도,서귀포시,도심,문화/레져,제주도민,50대,여,2018-03-01,635,850,36603108
제주도,서귀포시,도심,문화/레져,제주도민,50대,남,2018-03-01,1089,1598,87158170
제주도,서귀포시,도심,문화/레져,제주도민,40대,여,2018-03-01,1385,2093,63245756
제주도,서귀포시,도심,문화/레져,제주도민,40대,남,2018-03-01,1363,1955,85600415
제주도,서귀포시,도심,문화/레져,제주도민,30대,여,2018-03-01,815,1067,25687541
제주도,서귀포시,도심,문화/레져,제주도민,30대,남,2018-03-01,637,898,25528743
제주도,서귀포시,도심,문화/레져,제주도민,20대미만,여,2018-03-01,134,192,2886550
제주도,서귀포시,도심,문화/레져,제주도민,20대미만,남,2018-03-01,93,133,2026400
제주도,서귀포시,도심,문화/레져,제주도민,20대,여,2018-03-01,476,591,13503836
제주도,서귀포시,도심,문화/레져,제주도민,20대,남,2018-03-01,453,606,11081680
제주도,서귀포시,도심,문화/레져,내국인관광객,60대이상,여,2018-03-01,235,303,12165750
제주도,서귀포시,도심,문화/레져,내국인관광객,60대이상,남,2018-03-01,464,653,62223040
제주도,서귀포시,도심,문화/레져,내국인관광객,50대,여,2018-03-01,463,573,23006670
제주도,서귀포시,도심,문화/레져,내국인관광객,50대,남,2018-03-01,835,1072,65144202
제주도,서귀포시,도심,문화/레져,내국인관광객,40대,여,2018-03-01,536,634,21759003
제주도,서귀포시,도심,문화/레져,내국인관광객,40대,남,2018-03-01,880,1101,56176090
제주도,서귀포시,도심,문화/레져,내국인관광객,30대,여,2018-03-01,626,758,19733801
제주도,서귀포시,도심,문화/레져,내국인관광객,30대,남,2018-03-01,775,932,25228110
제주도,서귀포시,도심,문화/레져,내국인관광객,20대미만,여,2018-03-01,7,8,158000
제주도,서귀포시,도심,문화/레져,내국인관광객,20대미만,남,2018-03-01,8,12,257900
제주도,서귀포시,도심,문화/레져,내국인관광객,20대,여,2018-03-01,467,517,11872800
제주도,서귀포시,도심,문화/레져,내국인관광객,20대,남,2018-03-01,500,581,13161200
제주도,서귀포시,도심,교통,제주도민,60대이상,여,2018-03-01,1072,1603,102944729
제주도,서귀포시,도심,교통,제주도민,60대이상,남,2018-03-01,3566,6562,375032471
제주도,서귀포시,도심,교통,제주도민,50대,여,2018-03-01,1748,2676,168867490
제주도,서귀포시,도심,교통,제주도민,50대,남,2018-03-01,3083,5412,306465204
제주도,서귀포시,도심,교통,제주도민,40대,여,2018-03-01,1862,2829,147955958
제주도,서귀포시,도심,교통,제주도민,40대,남,2018-03-01,3133,5202,284001999
제주도,서귀포시,도심,교통,제주도민,30대,여,2018-03-01,1281,1808,83680546
제주도,서귀포시,도심,교통,제주도민,30대,남,2018-03-01,1854,2941,144177794
제주도,서귀포시,도심,교통,제주도민,20대미만,여,2018-03-01,8,8,241475
제주도,서귀포시,도심,교통,제주도민,20대미만,남,2018-03-01,7,9,255000
제주도,서귀포시,도심,교통,제주도민,20대,여,2018-03-01,415,550,21853712
제주도,서귀포시,도심,교통,제주도민,20대,남,2018-03-01,587,857,32356380
제주도,서귀포시,도심,교통,내국인관광객,60대이상,여,2018-03-01,328,390,19467344
제주도,서귀포시,도심,교통,내국인관광객,60대이상,남,2018-03-01,703,860,45027973
제주도,서귀포시,도심,교통,내국인관광객,50대,여,2018-03-01,680,776,35982517
제주도,서귀포시,도심,교통,내국인관광객,50대,남,2018-03-01,1210,1450,66709522
제주도,서귀포시,도심,교통,내국인관광객,40대,여,2018-03-01,714,818,32046625
제주도,서귀포시,도심,교통,내국인관광객,40대,남,2018-03-01,1466,1839,79769195
제주도,서귀포시,도심,교통,내국인관광객,30대,여,2018-03-01,1178,1310,43987369
제주도,서귀포시,도심,교통,내국인관광객,30대,남,2018-03-01,1747,1983,72709472
제주도,서귀포시,도심,교통,내국인관광객,20대미만,여,2018-03-01,3,5,250000
제주도,서귀포시,도심,교통,내국인관광객,20대미만,남,2018-03-01,1,1,5000
제주도,서귀포시,도심,교통,내국인관광객,20대,여,2018-03-01,743,785,24747207
제주도,서귀포시,도심,교통,내국인관광객,20대,남,2018-03-01,752,806,26269055
제주도,제주시,읍면,유흥,제주도민,60대이상,여,2018-02-01,15,23,3370008
제주도,제주시,읍면,유흥,제주도민,60대이상,남,2018-02-01,100,162,28466900
제주도,제주시,읍면,유흥,제주도민,50대,여,2018-02-01,42,48,5342010
제주도,제주시,읍면,유흥,제주도민,50대,남,2018-02-01,232,429,80582325
제주도,제주시,읍면,유흥,제주도민,40대,여,2018-02-01,61,79,8337575
제주도,제주시,읍면,유흥,제주도민,40대,남,2018-02-01,203,326,56315100
제주도,제주시,읍면,유흥,제주도민,30대,여,2018-02-01,43,49,5499025
제주도,제주시,읍면,유흥,제주도민,30대,남,2018-02-01,96,139,21013250
제주도,제주시,읍면,유흥,제주도민,20대미만,남,2018-02-01,6,10,513500
제주도,제주시,읍면,유흥,제주도민,20대,여,2018-02-01,47,50,3456975
제주도,제주시,읍면,유흥,제주도민,20대,남,2018-02-01,61,87,7243175
제주도,제주시,읍면,유흥,내국인관광객,60대이상,여,2018-02-01,12,24,3517500
제주도,제주시,읍면,유흥,내국인관광객,60대이상,남,2018-02-01,31,46,5896000
제주도,제주시,읍면,유흥,내국인관광객,50대,여,2018-02-01,29,30,1633500
제주도,제주시,읍면,유흥,내국인관광객,50대,남,2018-02-01,92,158,27918800
제주도,제주시,읍면,유흥,내국인관광객,40대,여,2018-02-01,45,54,3319500
제주도,제주시,읍면,유흥,내국인관광객,40대,남,2018-02-01,107,151,20142500
제주도,제주시,읍면,유흥,내국인관광객,30대,여,2018-02-01,66,76,4168900
제주도,제주시,읍면,유흥,내국인관광객,30대,남,2018-02-01,105,125,11448200
제주도,제주시,읍면,유흥,내국인관광객,20대미만,남,2018-02-01,1,3,600000
제주도,제주시,읍면,유흥,내국인관광객,20대,여,2018-02-01,132,142,4680975
제주도,제주시,읍면,유흥,내국인관광객,20대,남,2018-02-01,87,104,6053900
제주도,제주시,읍면,식음료,제주도민,60대이상,여,2018-02-01,998,1599,56478220
제주도,제주시,읍면,식음료,제주도민,60대이상,남,2018-02-01,2276,4348,172650551
제주도,제주시,읍면,식음료,제주도민,50대,여,2018-02-01,2293,3872,126815517
제주도,제주시,읍면,식음료,제주도민,50대,남,2018-02-01,3890,8292,301527870
제주도,제주시,읍면,식음료,제주도민,40대,여,2018-02-01,2840,5603,153187558
제주도,제주시,읍면,식음료,제주도민,40대,남,2018-02-01,4145,8677,278140906
제주도,제주시,읍면,식음료,제주도민,30대,여,2018-02-01,2514,4441,109743947
제주도,제주시,읍면,식음료,제주도민,30대,남,2018-02-01,2945,5891,161542581
제주도,제주시,읍면,식음료,제주도민,20대미만,여,2018-02-01,52,75,1272450
제주도,제주시,읍면,식음료,제주도민,20대미만,남,2018-02-01,48,76,1529700
제주도,제주시,읍면,식음료,제주도민,20대,여,2018-02-01,1919,2948,64215640
제주도,제주시,읍면,식음료,제주도민,20대,남,2018-02-01,1557,2655,66120120
제주도,제주시,읍면,식음료,내국인관광객,60대이상,여,2018-02-01,1074,1609,57040804
제주도,제주시,읍면,식음료,내국인관광객,60대이상,남,2018-02-01,1869,2796,107453610
제주도,제주시,읍면,식음료,내국인관광객,50대,여,2018-02-01,3391,4893,159727450
제주도,제주시,읍면,식음료,내국인관광객,50대,남,2018-02-01,4743,7234,259779020
제주도,제주시,읍면,식음료,내국인관광객,40대,여,2018-02-01,4899,7325,233339566
제주도,제주시,읍면,식음료,내국인관광객,40대,남,2018-02-01,5821,9009,315124853
제주도,제주시,읍면,식음료,내국인관광객,30대,여,2018-02-01,6922,10649,281269239
제주도,제주시,읍면,식음료,내국인관광객,30대,남,2018-02-01,6741,10013,277221760
제주도,제주시,읍면,식음료,내국인관광객,20대미만,여,2018-02-01,114,167,2924770
제주도,제주시,읍면,식음료,내국인관광객,20대미만,남,2018-02-01,85,116,2693100
제주도,제주시,읍면,식음료,내국인관광객,20대,여,2018-02-01,11060,17008,378022185
제주도,제주시,읍면,식음료,내국인관광객,20대,남,2018-02-01,6987,9752,230458830
제주도,제주시,읍면,숙박,제주도민,60대이상,여,2018-02-01,34,41,2435220
제주도,제주시,읍면,숙박,제주도민,60대이상,남,2018-02-01,54,82,4333500
제주도,제주시,읍면,숙박,제주도민,50대,여,2018-02-01,64,93,3018860
제주도,제주시,읍면,숙박,제주도민,50대,남,2018-02-01,102,143,11428020
제주도,제주시,읍면,숙박,제주도민,40대,여,2018-02-01,98,122,8054320
제주도,제주시,읍면,숙박,제주도민,40대,남,2018-02-01,127,179,9837900
제주도,제주시,읍면,숙박,제주도민,30대,여,2018-02-01,60,74,2420929
제주도,제주시,읍면,숙박,제주도민,30대,남,2018-02-01,103,162,7392450
제주도,제주시,읍면,숙박,제주도민,20대미만,여,2018-02-01,1,1,30000
제주도,제주시,읍면,숙박,제주도민,20대미만,남,2018-02-01,3,3,59600
제주도,제주시,읍면,숙박,제주도민,20대,여,2018-02-01,62,70,2344770
제주도,제주시,읍면,숙박,제주도민,20대,남,2018-02-01,73,86,3355660
제주도,제주시,읍면,숙박,내국인관광객,60대이상,여,2018-02-01,88,134,11938165
제주도,제주시,읍면,숙박,내국인관광객,60대이상,남,2018-02-01,180,282,22297558
제주도,제주시,읍면,숙박,내국인관광객,50대,여,2018-02-01,285,377,35681992
제주도,제주시,읍면,숙박,내국인관광객,50대,남,2018-02-01,484,670,63594534
제주도,제주시,읍면,숙박,내국인관광객,40대,여,2018-02-01,441,586,53041339
제주도,제주시,읍면,숙박,내국인관광객,40대,남,2018-02-01,552,788,71682699
제주도,제주시,읍면,숙박,내국인관광객,30대,여,2018-02-01,415,543,47185970
제주도,제주시,읍면,숙박,내국인관광객,30대,남,2018-02-01,417,541,33662879
제주도,제주시,읍면,숙박,내국인관광객,20대미만,여,2018-02-01,10,16,198000
제주도,제주시,읍면,숙박,내국인관광객,20대미만,남,2018-02-01,24,44,613100
제주도,제주시,읍면,숙박,내국인관광객,20대,여,2018-02-01,417,474,24018106
제주도,제주시,읍면,숙박,내국인관광객,20대,남,2018-02-01,318,385,18813624
제주도,제주시,읍면,쇼핑,제주도민,60대이상,여,2018-02-01,1491,4420,185434925
제주도,제주시,읍면,쇼핑,제주도민,60대이상,남,2018-02-01,2660,7999,332123074
제주도,제주시,읍면,쇼핑,제주도민,50대,여,2018-02-01,2609,7989,274029730
제주도,제주시,읍면,쇼핑,제주도민,50대,남,2018-02-01,4396,13835,358085537
제주도,제주시,읍면,쇼핑,제주도민,40대,여,2018-02-01,3364,11065,294622920
제주도,제주시,읍면,쇼핑,제주도민,40대,남,2018-02-01,5730,18815,387798460
제주도,제주시,읍면,쇼핑,제주도민,30대,여,2018-02-01,2465,7344,154970800
제주도,제주시,읍면,쇼핑,제주도민,30대,남,2018-02-01,4120,13754,216199359
제주도,제주시,읍면,쇼핑,제주도민,20대미만,여,2018-02-01,72,201,1378400
제주도,제주시,읍면,쇼핑,제주도민,20대미만,남,2018-02-01,116,320,1814820
제주도,제주시,읍면,쇼핑,제주도민,20대,여,2018-02-01,1395,3616,43392430
제주도,제주시,읍면,쇼핑,제주도민,20대,남,2018-02-01,2316,7187,73359120
제주도,제주시,읍면,쇼핑,내국인관광객,60대이상,여,2018-02-01,709,1661,48586850
제주도,제주시,읍면,쇼핑,내국인관광객,60대이상,남,2018-02-01,1184,2714,60132750
제주도,제주시,읍면,쇼핑,내국인관광객,50대,여,2018-02-01,1610,3149,76063150
제주도,제주시,읍면,쇼핑,내국인관광객,50대,남,2018-02-01,2987,6803,126686390
제주도,제주시,읍면,쇼핑,내국인관광객,40대,여,2018-02-01,2361,4504,96167790
제주도,제주시,읍면,쇼핑,내국인관광객,40대,남,2018-02-01,4065,9309,172118060
제주도,제주시,읍면,쇼핑,내국인관광객,30대,여,2018-02-01,2894,5061,82998430
제주도,제주시,읍면,쇼핑,내국인관광객,30대,남,2018-02-01,4066,8577,122672470
제주도,제주시,읍면,쇼핑,내국인관광객,20대미만,여,2018-02-01,49,120,1340510
제주도,제주시,읍면,쇼핑,내국인관광객,20대미만,남,2018-02-01,89,143,1530880
제주도,제주시,읍면,쇼핑,내국인관광객,20대,여,2018-02-01,4277,6630,77036546
제주도,제주시,읍면,쇼핑,내국인관광객,20대,남,2018-02-01,4450,7681,85396380
제주도,제주시,읍면,소매,제주도민,60대이상,여,2018-02-01,317,432,48843329
제주도,제주시,읍면,소매,제주도민,60대이상,남,2018-02-01,445,627,55325561
제주도,제주시,읍면,소매,제주도민,50대,여,2018-02-01,497,707,57488548
제주도,제주시,읍면,소매,제주도민,50대,남,2018-02-01,677,933,53049870
제주도,제주시,읍면,소매,제주도민,40대,여,2018-02-01,555,765,53032744
제주도,제주시,읍면,소매,제주도민,40대,남,2018-02-01,824,1304,62314704
제주도,제주시,읍면,소매,제주도민,30대,여,2018-02-01,427,575,23077220
제주도,제주시,읍면,소매,제주도민,30대,남,2018-02-01,464,651,22926802
제주도,제주시,읍면,소매,제주도민,20대미만,여,2018-02-01,16,25,302860
제주도,제주시,읍면,소매,제주도민,20대미만,남,2018-02-01,7,9,257500
제주도,제주시,읍면,소매,제주도민,20대,여,2018-02-01,210,291,7799090
제주도,제주시,읍면,소매,제주도민,20대,남,2018-02-01,257,354,8617940
제주도,제주시,읍면,소매,내국인관광객,60대이상,여,2018-02-01,248,309,22386980
제주도,제주시,읍면,소매,내국인관광객,60대이상,남,2018-02-01,341,408,25930760
제주도,제주시,읍면,소매,내국인관광객,50대,여,2018-02-01,637,767,32095878
제주도,제주시,읍면,소매,내국인관광객,50대,남,2018-02-01,816,1014,45386993
제주도,제주시,읍면,소매,내국인관광객,40대,여,2018-02-01,871,1097,37604590
제주도,제주시,읍면,소매,내국인관광객,40대,남,2018-02-01,949,1190,50456408
제주도,제주시,읍면,소매,내국인관광객,30대,여,2018-02-01,993,1196,32904335
제주도,제주시,읍면,소매,내국인관광객,30대,남,2018-02-01,871,1041,34696900
제주도,제주시,읍면,소매,내국인관광객,20대미만,여,2018-02-01,30,37,754150
제주도,제주시,읍면,소매,내국인관광객,20대미만,남,2018-02-01,22,33,529900
제주도,제주시,읍면,소매,내국인관광객,20대,여,2018-02-01,2053,2336,55702820
제주도,제주시,읍면,소매,내국인관광객,20대,남,2018-02-01,1102,1267,37664590
제주도,제주시,읍면,문화/레져,제주도민,60대이상,여,2018-02-01,86,108,6199630
제주도,제주시,읍면,문화/레져,제주도민,60대이상,남,2018-02-01,337,460,39552054
제주도,제주시,읍면,문화/레져,제주도민,50대,여,2018-02-01,221,295,15960420
제주도,제주시,읍면,문화/레져,제주도민,50대,남,2018-02-01,713,889,86345245
제주도,제주시,읍면,문화/레져,제주도민,40대,여,2018-02-01,348,443,28167405
제주도,제주시,읍면,문화/레져,제주도민,40대,남,2018-02-01,703,866,76420715
제주도,제주시,읍면,문화/레져,제주도민,30대,여,2018-02-01,255,349,8570230
제주도,제주시,읍면,문화/레져,제주도민,30대,남,2018-02-01,278,495,13766855
제주도,제주시,읍면,문화/레져,제주도민,20대미만,여,2018-02-01,17,34,397250
제주도,제주시,읍면,문화/레져,제주도민,20대미만,남,2018-02-01,17,82,370070
제주도,제주시,읍면,문화/레져,제주도민,20대,여,2018-02-01,140,221,2630170
제주도,제주시,읍면,문화/레져,제주도민,20대,남,2018-02-01,208,673,5902240
제주도,제주시,읍면,문화/레져,내국인관광객,60대이상,여,2018-02-01,217,287,17440140
제주도,제주시,읍면,문화/레져,내국인관광객,60대이상,남,2018-02-01,503,677,80930915
제주도,제주시,읍면,문화/레져,내국인관광객,50대,여,2018-02-01,688,862,49024390
제주도,제주시,읍면,문화/레져,내국인관광객,50대,남,2018-02-01,1051,1306,106044615
제주도,제주시,읍면,문화/레져,내국인관광객,40대,여,2018-02-01,1145,1420,44911815
제주도,제주시,읍면,문화/레져,내국인관광객,40대,남,2018-02-01,1362,1694,92394165
제주도,제주시,읍면,문화/레져,내국인관광객,30대,여,2018-02-01,907,1096,24338820
제주도,제주시,읍면,문화/레져,내국인관광객,30대,남,2018-02-01,792,974,36964920
제주도,제주시,읍면,문화/레져,내국인관광객,20대미만,여,2018-02-01,13,17,903500
제주도,제주시,읍면,문화/레져,내국인관광객,20대미만,남,2018-02-01,15,15,226500
제주도,제주시,읍면,문화/레져,내국인관광객,20대,여,2018-02-01,964,1101,18132170
제주도,제주시,읍면,문화/레져,내국인관광객,20대,남,2018-02-01,759,994,16119300
제주도,제주시,읍면,교통,제주도민,60대이상,여,2018-02-01,1019,1574,153760855
제주도,제주시,읍면,교통,제주도민,60대이상,남,2018-02-01,3584,6705,654871071
제주도,제주시,읍면,교통,제주도민,50대,여,2018-02-01,1300,2061,181764418
제주도,제주시,읍면,교통,제주도민,50대,남,2018-02-01,2751,4953,394568037
제주도,제주시,읍면,교통,제주도민,40대,여,2018-02-01,1227,1854,137530914
제주도,제주시,읍면,교통,제주도민,40대,남,2018-02-01,2333,3923,336741309
제주도,제주시,읍면,교통,제주도민,30대,여,2018-02-01,816,1191,71342595
제주도,제주시,읍면,교통,제주도민,30대,남,2018-02-01,1243,1964,116238390
제주도,제주시,읍면,교통,제주도민,20대미만,여,2018-02-01,4,5,330500
제주도,제주시,읍면,교통,제주도민,20대미만,남,2018-02-01,5,5,174000
제주도,제주시,읍면,교통,제주도민,20대,여,2018-02-01,279,381,16264703
제주도,제주시,읍면,교통,제주도민,20대,남,2018-02-01,426,622,24066662
제주도,제주시,읍면,교통,내국인관광객,60대이상,여,2018-02-01,489,608,37291347
제주도,제주시,읍면,교통,내국인관광객,60대이상,남,2018-02-01,1168,1433,91796720
제주도,제주시,읍면,교통,내국인관광객,50대,여,2018-02-01,1272,1514,80278441
제주도,제주시,읍면,교통,내국인관광객,50대,남,2018-02-01,2726,3346,216972648
제주도,제주시,읍면,교통,내국인관광객,40대,여,2018-02-01,1447,1718,80017281
제주도,제주시,읍면,교통,내국인관광객,40대,남,2018-02-01,3195,3860,223363009
제주도,제주시,읍면,교통,내국인관광객,30대,여,2018-02-01,1473,1698,68098461
제주도,제주시,읍면,교통,내국인관광객,30대,남,2018-02-01,2830,3320,159208043
제주도,제주시,읍면,교통,내국인관광객,20대미만,여,2018-02-01,6,7,136100
제주도,제주시,읍면,교통,내국인관광객,20대미만,남,2018-02-01,10,10,301500
제주도,제주시,읍면,교통,내국인관광객,20대,여,2018-02-01,1793,2034,52511027
제주도,제주시,읍면,교통,내국인관광객,20대,남,2018-02-01,1928,2142,75215617
제주도,제주시,도심,유흥,제주도민,60대이상,여,2018-02-01,232,307,36773100
제주도,제주시,도심,유흥,제주도민,60대이상,남,2018-02-01,1022,1434,179279824
제주도,제주시,도심,유흥,제주도민,50대,여,2018-02-01,741,923,76792260
제주도,제주시,도심,유흥,제주도민,50대,남,2018-02-01,3279,4859,685352755
제주도,제주시,도심,유흥,제주도민,40대,여,2018-02-01,1076,1361,98155226
제주도,제주시,도심,유흥,제주도민,40대,남,2018-02-01,3932,5642,872849790
제주도,제주시,도심,유흥,제주도민,30대,여,2018-02-01,1002,1221,78445605
제주도,제주시,도심,유흥,제주도민,30대,남,2018-02-01,2865,3844,463524650
제주도,제주시,도심,유흥,제주도민,20대미만,여,2018-02-01,21,26,673700
제주도,제주시,도심,유흥,제주도민,20대미만,남,2018-02-01,35,46,2601515
제주도,제주시,도심,유흥,제주도민,20대,여,2018-02-01,1722,2452,105692835
제주도,제주시,도심,유흥,제주도민,20대,남,2018-02-01,2498,3792,212725820
제주도,제주시,도심,유흥,내국인관광객,60대이상,여,2018-02-01,55,71,9651600
제주도,제주시,도심,유흥,내국인관광객,60대이상,남,2018-02-01,158,203,35380100
제주도,제주시,도심,유흥,내국인관광객,50대,여,2018-02-01,126,162,20153500
제주도,제주시,도심,유흥,내국인관광객,50대,남,2018-02-01,631,817,140507300
제주도,제주시,도심,유흥,내국인관광객,40대,여,2018-02-01,178,223,23805200
제주도,제주시,도심,유흥,내국인관광객,40대,남,2018-02-01,772,1026,161615980
제주도,제주시,도심,유흥,내국인관광객,30대,여,2018-02-01,202,247,17209400
제주도,제주시,도심,유흥,내국인관광객,30대,남,2018-02-01,645,845,92848650
제주도,제주시,도심,유흥,내국인관광객,20대미만,여,2018-02-01,4,5,121800
제주도,제주시,도심,유흥,내국인관광객,20대미만,남,2018-02-01,2,2,127500
제주도,제주시,도심,유흥,내국인관광객,20대,여,2018-02-01,358,464,19856000
제주도,제주시,도심,유흥,내국인관광객,20대,남,2018-02-01,585,808,47149800
제주도,제주시,도심,식음료,제주도민,60대이상,여,2018-02-01,7920,13163,423398886
제주도,제주시,도심,식음료,제주도민,60대이상,남,2018-02-01,14821,27300,1034144293
제주도,제주시,도심,식음료,제주도민,50대,여,2018-02-01,19402,38101,1056888268
제주도,제주시,도심,식음료,제주도민,50대,남,2018-02-01,28459,60491,2203973911
제주도,제주시,도심,식음료,제주도민,40대,여,2018-02-01,27418,61505,1533145126
제주도,제주시,도심,식음료,제주도민,40대,남,2018-02-01,33659,72850,2426249826
제주도,제주시,도심,식음료,제주도민,30대,여,2018-02-01,23522,49927,1107227853
제주도,제주시,도심,식음료,제주도민,30대,남,2018-02-01,27258,59982,1665813487
제주도,제주시,도심,식음료,제주도민,20대미만,여,2018-02-01,1094,2418,29988756
제주도,제주시,도심,식음료,제주도민,20대미만,남,2018-02-01,1117,2551,37392162
제주도,제주시,도심,식음료,제주도민,20대,여,2018-02-01,21149,50173,949649497
제주도,제주시,도심,식음료,제주도민,20대,남,2018-02-01,18460,42725,987201824
제주도,제주시,도심,식음료,내국인관광객,60대이상,여,2018-02-01,2810,3851,137327187
제주도,제주시,도심,식음료,내국인관광객,60대이상,남,2018-02-01,5131,7557,290222115
제주도,제주시,도심,식음료,내국인관광객,50대,여,2018-02-01,7755,10599,355169053
제주도,제주시,도심,식음료,내국인관광객,50대,남,2018-02-01,13896,20962,791402802
제주도,제주시,도심,식음료,내국인관광객,40대,여,2018-02-01,11265,16067,482115735
제주도,제주시,도심,식음료,내국인관광객,40대,남,2018-02-01,16838,25692,858823310
제주도,제주시,도심,식음료,내국인관광객,30대,여,2018-02-01,13359,18919,462594270
제주도,제주시,도심,식음료,내국인관광객,30대,남,2018-02-01,15707,23385,633721208
제주도,제주시,도심,식음료,내국인관광객,20대미만,여,2018-02-01,255,353,5814783
제주도,제주시,도심,식음료,내국인관광객,20대미만,남,2018-02-01,263,331,5409330
제주도,제주시,도심,식음료,내국인관광객,20대,여,2018-02-01,18174,25401,496956170
제주도,제주시,도심,식음료,내국인관광객,20대,남,2018-02-01,14834,21287,469746795
제주도,제주시,도심,숙박,제주도민,60대이상,여,2018-02-01,206,272,33492174
제주도,제주시,도심,숙박,제주도민,60대이상,남,2018-02-01,383,566,98216024
제주도,제주시,도심,숙박,제주도민,50대,여,2018-02-01,343,480,61741652
제주도,제주시,도심,숙박,제주도민,50대,남,2018-02-01,779,1089,128026831
제주도,제주시,도심,숙박,제주도민,40대,여,2018-02-01,425,554,79392989
제주도,제주시,도심,숙박,제주도민,40대,남,2018-02-01,936,1234,104367882
제주도,제주시,도심,숙박,제주도민,30대,여,2018-02-01,318,414,42616031
제주도,제주시,도심,숙박,제주도민,30대,남,2018-02-01,716,992,59890878
제주도,제주시,도심,숙박,제주도민,20대미만,여,2018-02-01,7,9,221250
제주도,제주시,도심,숙박,제주도민,20대미만,남,2018-02-01,20,35,1582400
제주도,제주시,도심,숙박,제주도민,20대,여,2018-02-01,412,581,22877160
제주도,제주시,도심,숙박,제주도민,20대,남,2018-02-01,698,922,41544779
제주도,제주시,도심,숙박,내국인관광객,60대이상,여,2018-02-01,171,242,38236504
제주도,제주시,도심,숙박,내국인관광객,60대이상,남,2018-02-01,448,601,104507250
제주도,제주시,도심,숙박,내국인관광객,50대,여,2018-02-01,561,670,69452075
제주도,제주시,도심,숙박,내국인관광객,50대,남,2018-02-01,1231,1592,189160948
제주도,제주시,도심,숙박,내국인관광객,40대,여,2018-02-01,715,908,107420839
제주도,제주시,도심,숙박,내국인관광객,40대,남,2018-02-01,1353,1776,170817028
제주도,제주시,도심,숙박,내국인관광객,30대,여,2018-02-01,690,875,102592519
제주도,제주시,도심,숙박,내국인관광객,30대,남,2018-02-01,966,1223,102978624
제주도,제주시,도심,숙박,내국인관광객,20대미만,여,2018-02-01,8,8,436520
제주도,제주시,도심,숙박,내국인관광객,20대미만,남,2018-02-01,10,11,348000
제주도,제주시,도심,숙박,내국인관광객,20대,여,2018-02-01,749,863,63149814
제주도,제주시,도심,숙박,내국인관광객,20대,남,2018-02-01,839,977,60923705
제주도,제주시,도심,쇼핑,제주도민,60대이상,여,2018-02-01,11010,30829,1211037351
제주도,제주시,도심,쇼핑,제주도민,60대이상,남,2018-02-01,14410,40769,1342979928
제주도,제주시,도심,쇼핑,제주도민,50대,여,2018-02-01,20424,62781,1978220186
제주도,제주시,도심,쇼핑,제주도민,50대,남,2018-02-01,26673,83466,2157863579
제주도,제주시,도심,쇼핑,제주도민,40대,여,2018-02-01,26913,83114,2333386739
제주도,제주시,도심,쇼핑,제주도민,40대,남,2018-02-01,34986,114320,2537986134
제주도,제주시,도심,쇼핑,제주도민,30대,여,2018-02-01,22524,64884,1457141240
제주도,제주시,도심,쇼핑,제주도민,30대,남,2018-02-01,29351,98344,1581724909
제주도,제주시,도심,쇼핑,제주도민,20대미만,여,2018-02-01,1099,2951,21411842
제주도,제주시,도심,쇼핑,제주도민,20대미만,남,2018-02-01,1316,4283,23655090
제주도,제주시,도심,쇼핑,제주도민,20대,여,2018-02-01,19047,56114,759575301
제주도,제주시,도심,쇼핑,제주도민,20대,남,2018-02-01,20812,71162,699493579
제주도,제주시,도심,쇼핑,내국인관광객,60대이상,여,2018-02-01,3487,7089,324956781
제주도,제주시,도심,쇼핑,내국인관광객,60대이상,남,2018-02-01,5685,10998,463523220
제주도,제주시,도심,쇼핑,내국인관광객,50대,여,2018-02-01,8652,16078,724019502
제주도,제주시,도심,쇼핑,내국인관광객,50대,남,2018-02-01,15537,32105,1153038867
제주도,제주시,도심,쇼핑,내국인관광객,40대,여,2018-02-01,12104,23122,963097385
제주도,제주시,도심,쇼핑,내국인관광객,40대,남,2018-02-01,19708,41726,1289033756
제주도,제주시,도심,쇼핑,내국인관광객,30대,여,2018-02-01,13609,25745,906420897
제주도,제주시,도심,쇼핑,내국인관광객,30대,남,2018-02-01,18357,37922,1031697373
제주도,제주시,도심,쇼핑,내국인관광객,20대미만,여,2018-02-01,343,558,13483109
제주도,제주시,도심,쇼핑,내국인관광객,20대미만,남,2018-02-01,357,564,6797250
제주도,제주시,도심,쇼핑,내국인관광객,20대,여,2018-02-01,18127,31836,855017304
제주도,제주시,도심,쇼핑,내국인관광객,20대,남,2018-02-01,17565,34060,693847884
제주도,제주시,도심,소매,제주도민,60대이상,여,2018-02-01,5355,7779,800876803
제주도,제주시,도심,소매,제주도민,60대이상,남,2018-02-01,4928,6891,711525186
제주도,제주시,도심,소매,제주도민,50대,여,2018-02-01,7690,11520,1158296706
제주도,제주시,도심,소매,제주도민,50대,남,2018-02-01,7270,10643,1089411695
제주도,제주시,도심,소매,제주도민,40대,여,2018-02-01,8954,13694,1136828101
제주도,제주시,도심,소매,제주도민,40대,남,2018-02-01,7590,11223,1008392643
제주도,제주시,도심,소매,제주도민,30대,여,2018-02-01,6052,9058,621888290
제주도,제주시,도심,소매,제주도민,30대,남,2018-02-01,4757,6675,509435543
제주도,제주시,도심,소매,제주도민,20대미만,여,2018-02-01,306,446,14884620
제주도,제주시,도심,소매,제주도민,20대미만,남,2018-02-01,247,298,16336100
제주도,제주시,도심,소매,제주도민,20대,여,2018-02-01,4710,6775,355604680
제주도,제주시,도심,소매,제주도민,20대,남,2018-02-01,3234,4417,264174197
제주도,제주시,도심,소매,내국인관광객,60대이상,여,2018-02-01,1502,1793,119263832
제주도,제주시,도심,소매,내국인관광객,60대이상,남,2018-02-01,1920,2308,214040113
제주도,제주시,도심,소매,내국인관광객,50대,여,2018-02-01,3318,3989,218865149
제주도,제주시,도심,소매,내국인관광객,50대,남,2018-02-01,4251,5066,312964072
제주도,제주시,도심,소매,내국인관광객,40대,여,2018-02-01,4049,4891,246493814
제주도,제주시,도심,소매,내국인관광객,40대,남,2018-02-01,4711,5713,305963481
제주도,제주시,도심,소매,내국인관광객,30대,여,2018-02-01,4266,5162,213932140
제주도,제주시,도심,소매,내국인관광객,30대,남,2018-02-01,3991,4673,218786747
제주도,제주시,도심,소매,내국인관광객,20대미만,여,2018-02-01,125,153,4483036
제주도,제주시,도심,소매,내국인관광객,20대미만,남,2018-02-01,131,149,3523100
제주도,제주시,도심,소매,내국인관광객,20대,여,2018-02-01,6219,7401,201934794
제주도,제주시,도심,소매,내국인관광객,20대,남,2018-02-01,4201,4889,158614051
제주도,제주시,도심,문화/레져,제주도민,60대이상,여,2018-02-01,447,601,23944808
제주도,제주시,도심,문화/레져,제주도민,60대이상,남,2018-02-01,1057,1393,66745693
제주도,제주시,도심,문화/레져,제주도민,50대,여,2018-02-01,1688,2346,88581521
제주도,제주시,도심,문화/레져,제주도민,50대,남,2018-02-01,2647,3620,158179266
제주도,제주시,도심,문화/레져,제주도민,40대,여,2018-02-01,4204,5872,174778619
제주도,제주시,도심,문화/레져,제주도민,40대,남,2018-02-01,3998,5773,205882634
제주도,제주시,도심,문화/레져,제주도민,30대,여,2018-02-01,3127,4441,119972080
제주도,제주시,도심,문화/레져,제주도민,30대,남,2018-02-01,2904,4770,115154521
제주도,제주시,도심,문화/레져,제주도민,20대미만,여,2018-02-01,347,600,6329311
제주도,제주시,도심,문화/레져,제주도민,20대미만,남,2018-02-01,432,1175,11408950
제주도,제주시,도심,문화/레져,제주도민,20대,여,2018-02-01,3565,5494,88461951
제주도,제주시,도심,문화/레져,제주도민,20대,남,2018-02-01,4083,10621,119389930
제주도,제주시,도심,문화/레져,내국인관광객,60대이상,여,2018-02-01,108,204,4543740
제주도,제주시,도심,문화/레져,내국인관광객,60대이상,남,2018-02-01,214,291,20279920
제주도,제주시,도심,문화/레져,내국인관광객,50대,여,2018-02-01,308,362,11239840
제주도,제주시,도심,문화/레져,내국인관광객,50대,남,2018-02-01,674,925,41358427
제주도,제주시,도심,문화/레져,내국인관광객,40대,여,2018-02-01,656,883,21541295
제주도,제주시,도심,문화/레져,내국인관광객,40대,남,2018-02-01,1072,1453,48057963
제주도,제주시,도심,문화/레져,내국인관광객,30대,여,2018-02-01,672,867,17887772
제주도,제주시,도심,문화/레져,내국인관광객,30대,남,2018-02-01,1012,1526,32377040
제주도,제주시,도심,문화/레져,내국인관광객,20대미만,여,2018-02-01,32,42,536920
제주도,제주시,도심,문화/레져,내국인관광객,20대미만,남,2018-02-01,40,79,915433
제주도,제주시,도심,문화/레져,내국인관광객,20대,여,2018-02-01,1146,1567,24313820
제주도,제주시,도심,문화/레져,내국인관광객,20대,남,2018-02-01,1637,3142,33445475
제주도,제주시,도심,교통,제주도민,60대이상,여,2018-02-01,3046,4014,319301070
제주도,제주시,도심,교통,제주도민,60대이상,남,2018-02-01,6530,9443,747039287
제주도,제주시,도심,교통,제주도민,50대,여,2018-02-01,5816,7765,546725924
제주도,제주시,도심,교통,제주도민,50대,남,2018-02-01,9875,14253,924096920
제주도,제주시,도심,교통,제주도민,40대,여,2018-02-01,6546,8651,483261896
제주도,제주시,도심,교통,제주도민,40대,남,2018-02-01,10413,14998,883012707
제주도,제주시,도심,교통,제주도민,30대,여,2018-02-01,4576,5805,298583332
제주도,제주시,도심,교통,제주도민,30대,남,2018-02-01,7054,9592,472815635
제주도,제주시,도심,교통,제주도민,20대미만,여,2018-02-01,24,24,842231
제주도,제주시,도심,교통,제주도민,20대미만,남,2018-02-01,31,32,1902680
제주도,제주시,도심,교통,제주도민,20대,여,2018-02-01,2149,2548,108801600
제주도,제주시,도심,교통,제주도민,20대,남,2018-02-01,2897,3701,148432092
제주도,제주시,도심,교통,내국인관광객,60대이상,여,2018-02-01,1091,1212,117957588
제주도,제주시,도심,교통,내국인관광객,60대이상,남,2018-02-01,2271,2598,228987031
제주도,제주시,도심,교통,내국인관광객,50대,여,2018-02-01,3346,3637,330560478
제주도,제주시,도심,교통,내국인관광객,50대,남,2018-02-01,6390,7184,603964803
제주도,제주시,도심,교통,내국인관광객,40대,여,2018-02-01,4816,5222,496851182
제주도,제주시,도심,교통,내국인관광객,40대,남,2018-02-01,7849,8953,762122523
제주도,제주시,도심,교통,내국인관광객,30대,여,2018-02-01,5991,6249,623957256
제주도,제주시,도심,교통,내국인관광객,30대,남,2018-02-01,7516,8216,701501250
제주도,제주시,도심,교통,내국인관광객,20대미만,여,2018-02-01,48,54,3916900
제주도,제주시,도심,교통,내국인관광객,20대미만,남,2018-02-01,21,22,1993677
제주도,제주시,도심,교통,내국인관광객,20대,여,2018-02-01,5709,5750,491900247
제주도,제주시,도심,교통,내국인관광객,20대,남,2018-02-01,5711,6119,434559657
제주도,서귀포시,읍면,유흥,제주도민,60대이상,여,2018-02-01,25,29,3878650
제주도,서귀포시,읍면,유흥,제주도민,60대이상,남,2018-02-01,145,287,38860400
제주도,서귀포시,읍면,유흥,제주도민,50대,여,2018-02-01,79,105,12377200
제주도,서귀포시,읍면,유흥,제주도민,50대,남,2018-02-01,352,646,102389850
제주도,서귀포시,읍면,유흥,제주도민,40대,여,2018-02-01,87,114,10013500
제주도,서귀포시,읍면,유흥,제주도민,40대,남,2018-02-01,332,576,107026640
제주도,서귀포시,읍면,유흥,제주도민,30대,여,2018-02-01,41,58,3584600
제주도,서귀포시,읍면,유흥,제주도민,30대,남,2018-02-01,163,240,29502400
제주도,서귀포시,읍면,유흥,제주도민,20대미만,여,2018-02-01,4,5,264000
제주도,서귀포시,읍면,유흥,제주도민,20대미만,남,2018-02-01,7,17,2172100
제주도,서귀포시,읍면,유흥,제주도민,20대,여,2018-02-01,45,56,2298100
제주도,서귀포시,읍면,유흥,제주도민,20대,남,2018-02-01,101,151,12161010
제주도,서귀포시,읍면,유흥,내국인관광객,60대이상,여,2018-02-01,13,15,1772900
제주도,서귀포시,읍면,유흥,내국인관광객,60대이상,남,2018-02-01,46,80,7626850
제주도,서귀포시,읍면,유흥,내국인관광객,50대,여,2018-02-01,36,50,6159850
제주도,서귀포시,읍면,유흥,내국인관광객,50대,남,2018-02-01,118,199,30848000
제주도,서귀포시,읍면,유흥,내국인관광객,40대,여,2018-02-01,34,44,3324800
제주도,서귀포시,읍면,유흥,내국인관광객,40대,남,2018-02-01,99,134,19727350
제주도,서귀포시,읍면,유흥,내국인관광객,30대,여,2018-02-01,41,49,3299000
제주도,서귀포시,읍면,유흥,내국인관광객,30대,남,2018-02-01,88,117,14839650
제주도,서귀포시,읍면,유흥,내국인관광객,20대미만,여,2018-02-01,2,2,21000
제주도,서귀포시,읍면,유흥,내국인관광객,20대미만,남,2018-02-01,3,3,114700
제주도,서귀포시,읍면,유흥,내국인관광객,20대,여,2018-02-01,42,46,2920500
제주도,서귀포시,읍면,유흥,내국인관광객,20대,남,2018-02-01,58,72,3259720
제주도,서귀포시,읍면,식음료,제주도민,60대이상,여,2018-02-01,777,1277,54655730
제주도,서귀포시,읍면,식음료,제주도민,60대이상,남,2018-02-01,1951,3766,188979560
제주도,서귀포시,읍면,식음료,제주도민,50대,여,2018-02-01,1716,3386,123498973
제주도,서귀포시,읍면,식음료,제주도민,50대,남,2018-02-01,2965,6341,275363175
제주도,서귀포시,읍면,식음료,제주도민,40대,여,2018-02-01,2262,4918,143290207
제주도,서귀포시,읍면,식음료,제주도민,40대,남,2018-02-01,3230,7249,267513048
제주도,서귀포시,읍면,식음료,제주도민,30대,여,2018-02-01,1750,3524,84091316
제주도,서귀포시,읍면,식음료,제주도민,30대,남,2018-02-01,2130,4330,126067224
제주도,서귀포시,읍면,식음료,제주도민,20대미만,여,2018-02-01,59,124,2410970
제주도,서귀포시,읍면,식음료,제주도민,20대미만,남,2018-02-01,53,102,2354760
제주도,서귀포시,읍면,식음료,제주도민,20대,여,2018-02-01,1015,1909,42897410
제주도,서귀포시,읍면,식음료,제주도민,20대,남,2018-02-01,1044,2142,57003505
제주도,서귀포시,읍면,식음료,내국인관광객,60대이상,여,2018-02-01,1116,1624,70783770
제주도,서귀포시,읍면,식음료,내국인관광객,60대이상,남,2018-02-01,1850,2889,135029850
제주도,서귀포시,읍면,식음료,내국인관광객,50대,여,2018-02-01,3040,4351,166953478
제주도,서귀포시,읍면,식음료,내국인관광객,50대,남,2018-02-01,4464,7057,305156302
제주도,서귀포시,읍면,식음료,내국인관광객,40대,여,2018-02-01,4655,7000,249915898
제주도,서귀포시,읍면,식음료,내국인관광객,40대,남,2018-02-01,5608,8755,334536575
제주도,서귀포시,읍면,식음료,내국인관광객,30대,여,2018-02-01,5084,7599,228960642
제주도,서귀포시,읍면,식음료,내국인관광객,30대,남,2018-02-01,5390,8249,265789022
제주도,서귀포시,읍면,식음료,내국인관광객,20대미만,여,2018-02-01,86,143,2424450
제주도,서귀포시,읍면,식음료,내국인관광객,20대미만,남,2018-02-01,114,209,3942970
제주도,서귀포시,읍면,식음료,내국인관광객,20대,여,2018-02-01,6892,9775,246697691
제주도,서귀포시,읍면,식음료,내국인관광객,20대,남,2018-02-01,5185,7551,203981559
제주도,서귀포시,읍면,숙박,제주도민,60대이상,여,2018-02-01,39,60,1872070
제주도,서귀포시,읍면,숙박,제주도민,60대이상,남,2018-02-01,60,83,4084200
제주도,서귀포시,읍면,숙박,제주도민,50대,여,2018-02-01,97,149,5027344
제주도,서귀포시,읍면,숙박,제주도민,50대,남,2018-02-01,170,253,14943154
제주도,서귀포시,읍면,숙박,제주도민,40대,여,2018-02-01,344,573,22383570
제주도,서귀포시,읍면,숙박,제주도민,40대,남,2018-02-01,376,637,27572872
제주도,서귀포시,읍면,숙박,제주도민,30대,여,2018-02-01,229,367,12037710
제주도,서귀포시,읍면,숙박,제주도민,30대,남,2018-02-01,206,344,12746370
제주도,서귀포시,읍면,숙박,제주도민,20대미만,여,2018-02-01,9,17,259350
제주도,서귀포시,읍면,숙박,제주도민,20대미만,남,2018-02-01,6,7,80500
제주도,서귀포시,읍면,숙박,제주도민,20대,여,2018-02-01,110,171,5109440
제주도,서귀포시,읍면,숙박,제주도민,20대,남,2018-02-01,107,140,3678620
제주도,서귀포시,읍면,숙박,내국인관광객,60대이상,여,2018-02-01,169,223,13745800
제주도,서귀포시,읍면,숙박,내국인관광객,60대이상,남,2018-02-01,243,351,27644880
제주도,서귀포시,읍면,숙박,내국인관광객,50대,여,2018-02-01,554,709,33439206
제주도,서귀포시,읍면,숙박,내국인관광객,50대,남,2018-02-01,645,838,50141544
제주도,서귀포시,읍면,숙박,내국인관광객,40대,여,2018-02-01,894,1326,72599361
제주도,서귀포시,읍면,숙박,내국인관광객,40대,남,2018-02-01,949,1368,79775284
제주도,서귀포시,읍면,숙박,내국인관광객,30대,여,2018-02-01,871,1152,53118292
제주도,서귀포시,읍면,숙박,내국인관광객,30대,남,2018-02-01,727,995,47654342
제주도,서귀포시,읍면,숙박,내국인관광객,20대미만,여,2018-02-01,20,26,458060
제주도,서귀포시,읍면,숙박,내국인관광객,20대미만,남,2018-02-01,13,17,235670
제주도,서귀포시,읍면,숙박,내국인관광객,20대,여,2018-02-01,1315,1620,35981792
제주도,서귀포시,읍면,숙박,내국인관광객,20대,남,2018-02-01,761,909,25123687
제주도,서귀포시,읍면,쇼핑,제주도민,60대이상,여,2018-02-01,954,3011,101807240
제주도,서귀포시,읍면,쇼핑,제주도민,60대이상,남,2018-02-01,1770,5708,176300350
제주도,서귀포시,읍면,쇼핑,제주도민,50대,여,2018-02-01,1848,6710,195931155
제주도,서귀포시,읍면,쇼핑,제주도민,50대,남,2018-02-01,2985,10267,256881192
제주도,서귀포시,읍면,쇼핑,제주도민,40대,여,2018-02-01,2274,7950,185917800
제주도,서귀포시,읍면,쇼핑,제주도민,40대,남,2018-02-01,3877,13880,261084850
제주도,서귀포시,읍면,쇼핑,제주도민,30대,여,2018-02-01,1627,5395,94853270
제주도,서귀포시,읍면,쇼핑,제주도민,30대,남,2018-02-01,2895,9550,129555565
제주도,서귀포시,읍면,쇼핑,제주도민,20대미만,여,2018-02-01,84,271,1609490
제주도,서귀포시,읍면,쇼핑,제주도민,20대미만,남,2018-02-01,89,337,1994920
제주도,서귀포시,읍면,쇼핑,제주도민,20대,여,2018-02-01,1079,3842,37194618
제주도,서귀포시,읍면,쇼핑,제주도민,20대,남,2018-02-01,1710,7209,64961918
제주도,서귀포시,읍면,쇼핑,내국인관광객,60대이상,여,2018-02-01,664,1439,33118870
제주도,서귀포시,읍면,쇼핑,내국인관광객,60대이상,남,2018-02-01,1127,2694,54562425
제주도,서귀포시,읍면,쇼핑,내국인관광객,50대,여,2018-02-01,1538,3364,64396316
제주도,서귀포시,읍면,쇼핑,내국인관광객,50대,남,2018-02-01,2776,6708,113705065
제주도,서귀포시,읍면,쇼핑,내국인관광객,40대,여,2018-02-01,2543,5106,90922872
제주도,서귀포시,읍면,쇼핑,내국인관광객,40대,남,2018-02-01,4245,9555,147831240
제주도,서귀포시,읍면,쇼핑,내국인관광객,30대,여,2018-02-01,2759,5238,71179870
제주도,서귀포시,읍면,쇼핑,내국인관광객,30대,남,2018-02-01,3951,8548,104449820
제주도,서귀포시,읍면,쇼핑,내국인관광객,20대미만,여,2018-02-01,69,175,1586770
제주도,서귀포시,읍면,쇼핑,내국인관광객,20대미만,남,2018-02-01,101,305,2325230
제주도,서귀포시,읍면,쇼핑,내국인관광객,20대,여,2018-02-01,3463,6795,63430090
제주도,서귀포시,읍면,쇼핑,내국인관광객,20대,남,2018-02-01,4363,9095,89502970
제주도,서귀포시,읍면,소매,제주도민,60대이상,여,2018-02-01,363,593,37352430
제주도,서귀포시,읍면,소매,제주도민,60대이상,남,2018-02-01,517,879,56186840
제주도,서귀포시,읍면,소매,제주도민,50대,여,2018-02-01,644,1263,87422332
제주도,서귀포시,읍면,소매,제주도민,50대,남,2018-02-01,731,1270,112715060
제주도,서귀포시,읍면,소매,제주도민,40대,여,2018-02-01,662,1200,60847400
제주도,서귀포시,읍면,소매,제주도민,40대,남,2018-02-01,796,1450,72769375
제주도,서귀포시,읍면,소매,제주도민,30대,여,2018-02-01,503,832,27212340
제주도,서귀포시,읍면,소매,제주도민,30대,남,2018-02-01,530,861,31564050
제주도,서귀포시,읍면,소매,제주도민,20대미만,여,2018-02-01,22,27,232760
제주도,서귀포시,읍면,소매,제주도민,20대미만,남,2018-02-01,9,15,301550
제주도,서귀포시,읍면,소매,제주도민,20대,여,2018-02-01,198,344,9678340
제주도,서귀포시,읍면,소매,제주도민,20대,남,2018-02-01,255,442,10374270
제주도,서귀포시,읍면,소매,내국인관광객,60대이상,여,2018-02-01,503,648,48563260
제주도,서귀포시,읍면,소매,내국인관광객,60대이상,남,2018-02-01,652,821,66228570
제주도,서귀포시,읍면,소매,내국인관광객,50대,여,2018-02-01,932,1169,68111630
제주도,서귀포시,읍면,소매,내국인관광객,50대,남,2018-02-01,1160,1463,88550950
제주도,서귀포시,읍면,소매,내국인관광객,40대,여,2018-02-01,1370,1712,73327590
제주도,서귀포시,읍면,소매,내국인관광객,40대,남,2018-02-01,1580,2039,93197250
제주도,서귀포시,읍면,소매,내국인관광객,30대,여,2018-02-01,1243,1521,52209046
제주도,서귀포시,읍면,소매,내국인관광객,30대,남,2018-02-01,1267,1598,58188580
제주도,서귀포시,읍면,소매,내국인관광객,20대미만,여,2018-02-01,15,16,263100
제주도,서귀포시,읍면,소매,내국인관광객,20대미만,남,2018-02-01,22,25,526300
제주도,서귀포시,읍면,소매,내국인관광객,20대,여,2018-02-01,1143,1357,35904410
제주도,서귀포시,읍면,소매,내국인관광객,20대,남,2018-02-01,874,1117,25731359
제주도,서귀포시,읍면,문화/레져,제주도민,60대이상,여,2018-02-01,105,134,8683950
제주도,서귀포시,읍면,문화/레져,제주도민,60대이상,남,2018-02-01,413,630,44987630
제주도,서귀포시,읍면,문화/레져,제주도민,50대,여,2018-02-01,273,321,20291170
제주도,서귀포시,읍면,문화/레져,제주도민,50대,남,2018-02-01,584,767,54544017
제주도,서귀포시,읍면,문화/레져,제주도민,40대,여,2018-02-01,430,533,27867945
제주도,서귀포시,읍면,문화/레져,제주도민,40대,남,2018-02-01,701,867,51705660
제주도,서귀포시,읍면,문화/레져,제주도민,30대,여,2018-02-01,413,506,20265835
제주도,서귀포시,읍면,문화/레져,제주도민,30대,남,2018-02-01,405,498,18286060
제주도,서귀포시,읍면,문화/레져,제주도민,20대미만,여,2018-02-01,10,11,324035
제주도,서귀포시,읍면,문화/레져,제주도민,20대미만,남,2018-02-01,9,13,160700
제주도,서귀포시,읍면,문화/레져,제주도민,20대,여,2018-02-01,209,218,6244668
제주도,서귀포시,읍면,문화/레져,제주도민,20대,남,2018-02-01,171,183,5174795
제주도,서귀포시,읍면,문화/레져,내국인관광객,60대이상,여,2018-02-01,289,356,22417555
제주도,서귀포시,읍면,문화/레져,내국인관광객,60대이상,남,2018-02-01,548,763,76730808
제주도,서귀포시,읍면,문화/레져,내국인관광객,50대,여,2018-02-01,801,927,41729110
제주도,서귀포시,읍면,문화/레져,내국인관광객,50대,남,2018-02-01,1213,1485,94324333
제주도,서귀포시,읍면,문화/레져,내국인관광객,40대,여,2018-02-01,1540,1902,71094255
제주도,서귀포시,읍면,문화/레져,내국인관광객,40대,남,2018-02-01,1899,2479,114256016
제주도,서귀포시,읍면,문화/레져,내국인관광객,30대,여,2018-02-01,1424,1830,60782106
제주도,서귀포시,읍면,문화/레져,내국인관광객,30대,남,2018-02-01,1491,1967,95854705
제주도,서귀포시,읍면,문화/레져,내국인관광객,20대미만,여,2018-02-01,30,35,551100
제주도,서귀포시,읍면,문화/레져,내국인관광객,20대미만,남,2018-02-01,21,21,447600
제주도,서귀포시,읍면,문화/레져,내국인관광객,20대,여,2018-02-01,1333,1526,34153190
제주도,서귀포시,읍면,문화/레져,내국인관광객,20대,남,2018-02-01,1114,1310,35538391
제주도,서귀포시,읍면,교통,제주도민,60대이상,여,2018-02-01,688,1065,83876882
제주도,서귀포시,읍면,교통,제주도민,60대이상,남,2018-02-01,3309,6068,472578872
제주도,서귀포시,읍면,교통,제주도민,50대,여,2018-02-01,1003,1693,126409526
제주도,서귀포시,읍면,교통,제주도민,50대,남,2018-02-01,2263,4265,304814793
제주도,서귀포시,읍면,교통,제주도민,40대,여,2018-02-01,944,1499,98385590
제주도,서귀포시,읍면,교통,제주도민,40대,남,2018-02-01,1853,3253,230414850
제주도,서귀포시,읍면,교통,제주도민,30대,여,2018-02-01,579,881,44074662
제주도,서귀포시,읍면,교통,제주도민,30대,남,2018-02-01,857,1439,80083796
제주도,서귀포시,읍면,교통,제주도민,20대미만,여,2018-02-01,5,8,300000
제주도,서귀포시,읍면,교통,제주도민,20대미만,남,2018-02-01,5,7,282558
제주도,서귀포시,읍면,교통,제주도민,20대,여,2018-02-01,164,228,10551454
제주도,서귀포시,읍면,교통,제주도민,20대,남,2018-02-01,288,420,16921652
제주도,서귀포시,읍면,교통,내국인관광객,60대이상,여,2018-02-01,163,210,15741570
제주도,서귀포시,읍면,교통,내국인관광객,60대이상,남,2018-02-01,441,621,35092098
제주도,서귀포시,읍면,교통,내국인관광객,50대,여,2018-02-01,423,530,24881505
제주도,서귀포시,읍면,교통,내국인관광객,50대,남,2018-02-01,912,1140,55937288
제주도,서귀포시,읍면,교통,내국인관광객,40대,여,2018-02-01,583,674,27255979
제주도,서귀포시,읍면,교통,내국인관광객,40대,남,2018-02-01,1152,1456,63860737
제주도,서귀포시,읍면,교통,내국인관광객,30대,여,2018-02-01,624,714,25733377
제주도,서귀포시,읍면,교통,내국인관광객,30대,남,2018-02-01,983,1166,43613346
제주도,서귀포시,읍면,교통,내국인관광객,20대미만,여,2018-02-01,2,2,60000
제주도,서귀포시,읍면,교통,내국인관광객,20대미만,남,2018-02-01,3,3,80000
제주도,서귀포시,읍면,교통,내국인관광객,20대,여,2018-02-01,557,603,18377015
제주도,서귀포시,읍면,교통,내국인관광객,20대,남,2018-02-01,728,807,25639624
제주도,서귀포시,도심,유흥,제주도민,60대이상,여,2018-02-01,65,77,8782700
제주도,서귀포시,도심,유흥,제주도민,60대이상,남,2018-02-01,307,423,63821440
제주도,서귀포시,도심,유흥,제주도민,50대,여,2018-02-01,149,191,18515500
제주도,서귀포시,도심,유흥,제주도민,50대,남,2018-02-01,858,1270,200194380
제주도,서귀포시,도심,유흥,제주도민,40대,여,2018-02-01,263,313,22523800
제주도,서귀포시,도심,유흥,제주도민,40대,남,2018-02-01,1011,1398,254642500
제주도,서귀포시,도심,유흥,제주도민,30대,여,2018-02-01,186,231,16886860
제주도,서귀포시,도심,유흥,제주도민,30대,남,2018-02-01,555,776,103264635
제주도,서귀포시,도심,유흥,제주도민,20대미만,여,2018-02-01,3,7,336500
제주도,서귀포시,도심,유흥,제주도민,20대미만,남,2018-02-01,6,6,268400
제주도,서귀포시,도심,유흥,제주도민,20대,여,2018-02-01,308,472,19537100
제주도,서귀포시,도심,유흥,제주도민,20대,남,2018-02-01,454,776,46753900
제주도,서귀포시,도심,유흥,내국인관광객,60대이상,여,2018-02-01,29,35,3233900
제주도,서귀포시,도심,유흥,내국인관광객,60대이상,남,2018-02-01,90,146,24118900
제주도,서귀포시,도심,유흥,내국인관광객,50대,여,2018-02-01,50,63,8551820
제주도,서귀포시,도심,유흥,내국인관광객,50대,남,2018-02-01,244,370,76661700
제주도,서귀포시,도심,유흥,내국인관광객,40대,여,2018-02-01,68,79,8963900
제주도,서귀포시,도심,유흥,내국인관광객,40대,남,2018-02-01,266,350,60728100
제주도,서귀포시,도심,유흥,내국인관광객,30대,여,2018-02-01,97,124,5962300
제주도,서귀포시,도심,유흥,내국인관광객,30대,남,2018-02-01,218,289,26262900
제주도,서귀포시,도심,유흥,내국인관광객,20대미만,여,2018-02-01,1,1,29000
제주도,서귀포시,도심,유흥,내국인관광객,20대미만,남,2018-02-01,1,1,3000
제주도,서귀포시,도심,유흥,내국인관광객,20대,여,2018-02-01,185,241,7671600
제주도,서귀포시,도심,유흥,내국인관광객,20대,남,2018-02-01,284,385,21181100
제주도,서귀포시,도심,식음료,제주도민,60대이상,여,2018-02-01,2054,3122,115423815
제주도,서귀포시,도심,식음료,제주도민,60대이상,남,2018-02-01,4084,6755,304206113
제주도,서귀포시,도심,식음료,제주도민,50대,여,2018-02-01,4598,7692,241895755
제주도,서귀포시,도심,식음료,제주도민,50대,남,2018-02-01,6782,11904,485960711
제주도,서귀포시,도심,식음료,제주도민,40대,여,2018-02-01,6356,11338,301561877
제주도,서귀포시,도심,식음료,제주도민,40대,남,2018-02-01,8797,15897,575931488
제주도,서귀포시,도심,식음료,제주도민,30대,여,2018-02-01,5484,9423,211018625
제주도,서귀포시,도심,식음료,제주도민,30대,남,2018-02-01,6234,11133,307727692
제주도,서귀포시,도심,식음료,제주도민,20대미만,여,2018-02-01,262,398,5437480
제주도,서귀포시,도심,식음료,제주도민,20대미만,남,2018-02-01,179,312,5200700
제주도,서귀포시,도심,식음료,제주도민,20대,여,2018-02-01,3479,5973,116593898
제주도,서귀포시,도심,식음료,제주도민,20대,남,2018-02-01,3449,5825,141087095
제주도,서귀포시,도심,식음료,내국인관광객,60대이상,여,2018-02-01,1425,1903,82218558
제주도,서귀포시,도심,식음료,내국인관광객,60대이상,남,2018-02-01,2445,3482,156801275
제주도,서귀포시,도심,식음료,내국인관광객,50대,여,2018-02-01,3313,4378,177665330
제주도,서귀포시,도심,식음료,내국인관광객,50대,남,2018-02-01,5774,8274,377674784
제주도,서귀포시,도심,식음료,내국인관광객,40대,여,2018-02-01,5288,7167,267112765
제주도,서귀포시,도심,식음료,내국인관광객,40대,남,2018-02-01,7679,11344,456166012
제주도,서귀포시,도심,식음료,내국인관광객,30대,여,2018-02-01,6136,8218,256646090
제주도,서귀포시,도심,식음료,내국인관광객,30대,남,2018-02-01,7115,9809,316100155
제주도,서귀포시,도심,식음료,내국인관광객,20대미만,여,2018-02-01,91,139,2253900
제주도,서귀포시,도심,식음료,내국인관광객,20대미만,남,2018-02-01,104,139,3551300
제주도,서귀포시,도심,식음료,내국인관광객,20대,여,2018-02-01,7300,9526,240820438
제주도,서귀포시,도심,식음료,내국인관광객,20대,남,2018-02-01,6630,8809,240782989
제주도,서귀포시,도심,숙박,제주도민,60대이상,여,2018-02-01,59,104,13762786
제주도,서귀포시,도심,숙박,제주도민,60대이상,남,2018-02-01,109,187,30190978
제주도,서귀포시,도심,숙박,제주도민,50대,여,2018-02-01,108,164,25044694
제주도,서귀포시,도심,숙박,제주도민,50대,남,2018-02-01,193,260,26264837
제주도,서귀포시,도심,숙박,제주도민,40대,여,2018-02-01,140,198,16178855
제주도,서귀포시,도심,숙박,제주도민,40대,남,2018-02-01,300,438,42830967
제주도,서귀포시,도심,숙박,제주도민,30대,여,2018-02-01,119,181,15750100
제주도,서귀포시,도심,숙박,제주도민,30대,남,2018-02-01,194,268,25442274
제주도,서귀포시,도심,숙박,제주도민,20대미만,여,2018-02-01,1,2,60000
제주도,서귀포시,도심,숙박,제주도민,20대미만,남,2018-02-01,1,1,10000
제주도,서귀포시,도심,숙박,제주도민,20대,여,2018-02-01,91,138,7492612
제주도,서귀포시,도심,숙박,제주도민,20대,남,2018-02-01,116,155,8826909
제주도,서귀포시,도심,숙박,내국인관광객,60대이상,여,2018-02-01,151,194,31530674
제주도,서귀포시,도심,숙박,내국인관광객,60대이상,남,2018-02-01,351,478,78657570
제주도,서귀포시,도심,숙박,내국인관광객,50대,여,2018-02-01,436,559,66870962
제주도,서귀포시,도심,숙박,내국인관광객,50대,남,2018-02-01,775,1014,150771493
제주도,서귀포시,도심,숙박,내국인관광객,40대,여,2018-02-01,814,1051,137557639
제주도,서귀포시,도심,숙박,내국인관광객,40대,남,2018-02-01,1101,1433,228137260
제주도,서귀포시,도심,숙박,내국인관광객,30대,여,2018-02-01,980,1209,188753595
제주도,서귀포시,도심,숙박,내국인관광객,30대,남,2018-02-01,935,1215,170656186
제주도,서귀포시,도심,숙박,내국인관광객,20대미만,여,2018-02-01,5,6,259200
제주도,서귀포시,도심,숙박,내국인관광객,20대미만,남,2018-02-01,10,11,719280
제주도,서귀포시,도심,숙박,내국인관광객,20대,여,2018-02-01,776,886,78895784
제주도,서귀포시,도심,숙박,내국인관광객,20대,남,2018-02-01,598,672,55301549
제주도,서귀포시,도심,쇼핑,제주도민,60대이상,여,2018-02-01,2761,7467,320943220
제주도,서귀포시,도심,쇼핑,제주도민,60대이상,남,2018-02-01,3812,10040,376895010
제주도,서귀포시,도심,쇼핑,제주도민,50대,여,2018-02-01,4772,13937,512194050
제주도,서귀포시,도심,쇼핑,제주도민,50대,남,2018-02-01,6017,17247,470959960
제주도,서귀포시,도심,쇼핑,제주도민,40대,여,2018-02-01,5919,17270,536379360
제주도,서귀포시,도심,쇼핑,제주도민,40대,남,2018-02-01,8621,25755,605054220
제주도,서귀포시,도심,쇼핑,제주도민,30대,여,2018-02-01,4955,12598,333716810
제주도,서귀포시,도심,쇼핑,제주도민,30대,남,2018-02-01,6672,19291,336616560
제주도,서귀포시,도심,쇼핑,제주도민,20대미만,여,2018-02-01,230,544,3813750
제주도,서귀포시,도심,쇼핑,제주도민,20대미만,남,2018-02-01,241,546,3663060
제주도,서귀포시,도심,쇼핑,제주도민,20대,여,2018-02-01,3239,8010,114776090
제주도,서귀포시,도심,쇼핑,제주도민,20대,남,2018-02-01,3993,11313,119117610
제주도,서귀포시,도심,쇼핑,내국인관광객,60대이상,여,2018-02-01,1122,2328,77395640
제주도,서귀포시,도심,쇼핑,내국인관광객,60대이상,남,2018-02-01,1849,3938,103051540
제주도,서귀포시,도심,쇼핑,내국인관광객,50대,여,2018-02-01,2560,4467,138635860
제주도,서귀포시,도심,쇼핑,내국인관광객,50대,남,2018-02-01,4369,9095,216118770
제주도,서귀포시,도심,쇼핑,내국인관광객,40대,여,2018-02-01,4098,7100,183469280
제주도,서귀포시,도심,쇼핑,내국인관광객,40대,남,2018-02-01,6707,13807,278762200
제주도,서귀포시,도심,쇼핑,내국인관광객,30대,여,2018-02-01,4557,7519,160126500
제주도,서귀포시,도심,쇼핑,내국인관광객,30대,남,2018-02-01,6296,12666,232619870
제주도,서귀포시,도심,쇼핑,내국인관광객,20대미만,여,2018-02-01,97,214,1945220
제주도,서귀포시,도심,쇼핑,내국인관광객,20대미만,남,2018-02-01,155,292,2264260
제주도,서귀포시,도심,쇼핑,내국인관광객,20대,여,2018-02-01,5580,9305,129024610
제주도,서귀포시,도심,쇼핑,내국인관광객,20대,남,2018-02-01,6459,13104,153441110
제주도,서귀포시,도심,소매,제주도민,60대이상,여,2018-02-01,1207,1784,207575738
제주도,서귀포시,도심,소매,제주도민,60대이상,남,2018-02-01,1152,1616,189868923
제주도,서귀포시,도심,소매,제주도민,50대,여,2018-02-01,1926,2792,318053337
제주도,서귀포시,도심,소매,제주도민,50대,남,2018-02-01,1492,2083,245241629
제주도,서귀포시,도심,소매,제주도민,40대,여,2018-02-01,1947,2758,211893919
제주도,서귀포시,도심,소매,제주도민,40대,남,2018-02-01,1768,2470,205296336
제주도,서귀포시,도심,소매,제주도민,30대,여,2018-02-01,1305,1784,114573538
제주도,서귀포시,도심,소매,제주도민,30대,남,2018-02-01,1033,1398,89510265
제주도,서귀포시,도심,소매,제주도민,20대미만,여,2018-02-01,53,69,1593440
제주도,서귀포시,도심,소매,제주도민,20대미만,남,2018-02-01,35,37,1552100
제주도,서귀포시,도심,소매,제주도민,20대,여,2018-02-01,676,892,43163157
제주도,서귀포시,도심,소매,제주도민,20대,남,2018-02-01,543,672,36839384
제주도,서귀포시,도심,소매,내국인관광객,60대이상,여,2018-02-01,513,678,79288940
제주도,서귀포시,도심,소매,내국인관광객,60대이상,남,2018-02-01,645,817,81087265
제주도,서귀포시,도심,소매,내국인관광객,50대,여,2018-02-01,1128,1433,100547989
제주도,서귀포시,도심,소매,내국인관광객,50대,남,2018-02-01,1379,1817,123574646
제주도,서귀포시,도심,소매,내국인관광객,40대,여,2018-02-01,1534,1962,84994737
제주도,서귀포시,도심,소매,내국인관광객,40대,남,2018-02-01,1678,2147,118213270
제주도,서귀포시,도심,소매,내국인관광객,30대,여,2018-02-01,1725,2306,87891390
제주도,서귀포시,도심,소매,내국인관광객,30대,남,2018-02-01,1634,2256,88214232
제주도,서귀포시,도심,소매,내국인관광객,20대미만,여,2018-02-01,41,51,979400
제주도,서귀포시,도심,소매,내국인관광객,20대미만,남,2018-02-01,37,43,1685200
제주도,서귀포시,도심,소매,내국인관광객,20대,여,2018-02-01,2410,3206,72755370
제주도,서귀포시,도심,소매,내국인관광객,20대,남,2018-02-01,1632,2157,54043720
제주도,서귀포시,도심,문화/레져,제주도민,60대이상,여,2018-02-01,149,196,8319560
제주도,서귀포시,도심,문화/레져,제주도민,60대이상,남,2018-02-01,436,669,40235220
제주도,서귀포시,도심,문화/레져,제주도민,50대,여,2018-02-01,446,592,27619686
제주도,서귀포시,도심,문화/레져,제주도민,50대,남,2018-02-01,840,1140,72746531
제주도,서귀포시,도심,문화/레져,제주도민,40대,여,2018-02-01,843,1074,38666996
제주도,서귀포시,도심,문화/레져,제주도민,40대,남,2018-02-01,919,1199,56461921
제주도,서귀포시,도심,문화/레져,제주도민,30대,여,2018-02-01,548,724,15046983
제주도,서귀포시,도심,문화/레져,제주도민,30대,남,2018-02-01,535,699,17949536
제주도,서귀포시,도심,문화/레져,제주도민,20대미만,여,2018-02-01,60,71,949600
제주도,서귀포시,도심,문화/레져,제주도민,20대미만,남,2018-02-01,61,100,1243400
제주도,서귀포시,도심,문화/레져,제주도민,20대,여,2018-02-01,430,519,10208814
제주도,서귀포시,도심,문화/레져,제주도민,20대,남,2018-02-01,434,571,10958346
제주도,서귀포시,도심,문화/레져,내국인관광객,60대이상,여,2018-02-01,115,134,6813810
제주도,서귀포시,도심,문화/레져,내국인관광객,60대이상,남,2018-02-01,295,426,31056430
제주도,서귀포시,도심,문화/레져,내국인관광객,50대,여,2018-02-01,333,393,16054470
제주도,서귀포시,도심,문화/레져,내국인관광객,50대,남,2018-02-01,663,834,45617120
제주도,서귀포시,도심,문화/레져,내국인관광객,40대,여,2018-02-01,546,644,21345880
제주도,서귀포시,도심,문화/레져,내국인관광객,40대,남,2018-02-01,779,953,43305680
제주도,서귀포시,도심,문화/레져,내국인관광객,30대,여,2018-02-01,440,511,14617320
제주도,서귀포시,도심,문화/레져,내국인관광객,30대,남,2018-02-01,534,674,17993460
제주도,서귀포시,도심,문화/레져,내국인관광객,20대미만,여,2018-02-01,7,7,69500
제주도,서귀포시,도심,문화/레져,내국인관광객,20대미만,남,2018-02-01,22,36,400000
제주도,서귀포시,도심,문화/레져,내국인관광객,20대,여,2018-02-01,515,562,11664300
제주도,서귀포시,도심,문화/레져,내국인관광객,20대,남,2018-02-01,634,739,15977820
제주도,서귀포시,도심,교통,제주도민,60대이상,여,2018-02-01,994,1409,110820102
제주도,서귀포시,도심,교통,제주도민,60대이상,남,2018-02-01,3284,5382,432756799
제주도,서귀포시,도심,교통,제주도민,50대,여,2018-02-01,1725,2519,165565187
제주도,서귀포시,도심,교통,제주도민,50대,남,2018-02-01,2889,4527,320122215
제주도,서귀포시,도심,교통,제주도민,40대,여,2018-02-01,1541,2174,120236876
제주도,서귀포시,도심,교통,제주도민,40대,남,2018-02-01,2881,4489,290562595
제주도,서귀포시,도심,교통,제주도민,30대,여,2018-02-01,1101,1480,73759574
제주도,서귀포시,도심,교통,제주도민,30대,남,2018-02-01,1713,2482,125327002
제주도,서귀포시,도심,교통,제주도민,20대미만,여,2018-02-01,4,4,185000
제주도,서귀포시,도심,교통,제주도민,20대미만,남,2018-02-01,1,1,5300
제주도,서귀포시,도심,교통,제주도민,20대,여,2018-02-01,332,418,16060920
제주도,서귀포시,도심,교통,제주도민,20대,남,2018-02-01,548,749,29266275
제주도,서귀포시,도심,교통,내국인관광객,60대이상,여,2018-02-01,214,257,13162664
제주도,서귀포시,도심,교통,내국인관광객,60대이상,남,2018-02-01,574,698,39974651
제주도,서귀포시,도심,교통,내국인관광객,50대,여,2018-02-01,503,579,27549910
제주도,서귀포시,도심,교통,내국인관광객,50대,남,2018-02-01,1070,1297,65851052
제주도,서귀포시,도심,교통,내국인관광객,40대,여,2018-02-01,755,859,36265250
제주도,서귀포시,도심,교통,내국인관광객,40대,남,2018-02-01,1412,1667,76066900
제주도,서귀포시,도심,교통,내국인관광객,30대,여,2018-02-01,722,801,29242826
제주도,서귀포시,도심,교통,내국인관광객,30대,남,2018-02-01,1146,1348,58098599
제주도,서귀포시,도심,교통,내국인관광객,20대미만,여,2018-02-01,6,12,570000
제주도,서귀포시,도심,교통,내국인관광객,20대미만,남,2018-02-01,3,3,55000
제주도,서귀포시,도심,교통,내국인관광객,20대,여,2018-02-01,565,599,19107054
제주도,서귀포시,도심,교통,내국인관광객,20대,남,2018-02-01,722,758,25676338
제주도,제주시,읍면,유흥,제주도민,60대이상,여,2018-01-01,20,41,5530700
제주도,제주시,읍면,유흥,제주도민,60대이상,남,2018-01-01,119,219,33737800
제주도,제주시,읍면,유흥,제주도민,50대,여,2018-01-01,47,57,6033500
제주도,제주시,읍면,유흥,제주도민,50대,남,2018-01-01,255,497,91238983
제주도,제주시,읍면,유흥,제주도민,40대,여,2018-01-01,78,95,7744450
제주도,제주시,읍면,유흥,제주도민,40대,남,2018-01-01,251,412,70580225
제주도,제주시,읍면,유흥,제주도민,30대,여,2018-01-01,48,67,7603625
제주도,제주시,읍면,유흥,제주도민,30대,남,2018-01-01,130,202,28829950
제주도,제주시,읍면,유흥,제주도민,20대미만,남,2018-01-01,2,2,219000
제주도,제주시,읍면,유흥,제주도민,20대,여,2018-01-01,42,42,2539075
제주도,제주시,읍면,유흥,제주도민,20대,남,2018-01-01,55,81,5846500
제주도,제주시,읍면,유흥,내국인관광객,60대이상,여,2018-01-01,23,49,5487000
제주도,제주시,읍면,유흥,내국인관광객,60대이상,남,2018-01-01,43,60,7575000
제주도,제주시,읍면,유흥,내국인관광객,50대,여,2018-01-01,39,46,3388900
제주도,제주시,읍면,유흥,내국인관광객,50대,남,2018-01-01,129,207,34239700
제주도,제주시,읍면,유흥,내국인관광객,40대,여,2018-01-01,61,69,3454000
제주도,제주시,읍면,유흥,내국인관광객,40대,남,2018-01-01,152,231,33279400
제주도,제주시,읍면,유흥,내국인관광객,30대,여,2018-01-01,108,118,4140500
제주도,제주시,읍면,유흥,내국인관광객,30대,남,2018-01-01,122,141,11141200
제주도,제주시,읍면,유흥,내국인관광객,20대미만,남,2018-01-01,1,1,100000
제주도,제주시,읍면,유흥,내국인관광객,20대,여,2018-01-01,160,169,5027900
제주도,제주시,읍면,유흥,내국인관광객,20대,남,2018-01-01,85,92,3897475
제주도,제주시,읍면,식음료,제주도민,60대이상,여,2018-01-01,1177,2029,71786540
제주도,제주시,읍면,식음료,제주도민,60대이상,남,2018-01-01,2524,5108,206456973
제주도,제주시,읍면,식음료,제주도민,50대,여,2018-01-01,2442,4499,148031891
제주도,제주시,읍면,식음료,제주도민,50대,남,2018-01-01,4277,9512,350406333
제주도,제주시,읍면,식음료,제주도민,40대,여,2018-01-01,3132,6480,187378935
제주도,제주시,읍면,식음료,제주도민,40대,남,2018-01-01,4607,10235,338491367
제주도,제주시,읍면,식음료,제주도민,30대,여,2018-01-01,2715,5253,125200496
제주도,제주시,읍면,식음료,제주도민,30대,남,2018-01-01,3235,6746,181815950
제주도,제주시,읍면,식음료,제주도민,20대미만,여,2018-01-01,54,94,1509300
제주도,제주시,읍면,식음료,제주도민,20대미만,남,2018-01-01,48,86,1840790
제주도,제주시,읍면,식음료,제주도민,20대,여,2018-01-01,1760,2917,63203806
제주도,제주시,읍면,식음료,제주도민,20대,남,2018-01-01,1481,2665,65246260
제주도,제주시,읍면,식음료,내국인관광객,60대이상,여,2018-01-01,1575,2376,89255170
제주도,제주시,읍면,식음료,내국인관광객,60대이상,남,2018-01-01,2338,3660,141088421
제주도,제주시,읍면,식음료,내국인관광객,50대,여,2018-01-01,4489,6514,222612189
제주도,제주시,읍면,식음료,내국인관광객,50대,남,2018-01-01,6157,9667,369823442
제주도,제주시,읍면,식음료,내국인관광객,40대,여,2018-01-01,6820,10215,326829431
제주도,제주시,읍면,식음료,내국인관광객,40대,남,2018-01-01,7807,12229,446266970
제주도,제주시,읍면,식음료,내국인관광객,30대,여,2018-01-01,9154,14113,368220370
제주도,제주시,읍면,식음료,내국인관광객,30대,남,2018-01-01,8393,12818,362910985
제주도,제주시,읍면,식음료,내국인관광객,20대미만,여,2018-01-01,111,168,3221900
제주도,제주시,읍면,식음료,내국인관광객,20대미만,남,2018-01-01,82,110,2242900
제주도,제주시,읍면,식음료,내국인관광객,20대,여,2018-01-01,10789,16658,374791760
제주도,제주시,읍면,식음료,내국인관광객,20대,남,2018-01-01,6185,8871,215506034
제주도,제주시,읍면,숙박,제주도민,60대이상,여,2018-01-01,36,56,4365370
제주도,제주시,읍면,숙박,제주도민,60대이상,남,2018-01-01,70,98,7479500
제주도,제주시,읍면,숙박,제주도민,50대,여,2018-01-01,56,83,8463510
제주도,제주시,읍면,숙박,제주도민,50대,남,2018-01-01,129,180,12169579
제주도,제주시,읍면,숙박,제주도민,40대,여,2018-01-01,114,166,9980876
제주도,제주시,읍면,숙박,제주도민,40대,남,2018-01-01,160,241,16514050
제주도,제주시,읍면,숙박,제주도민,30대,여,2018-01-01,71,84,3031690
제주도,제주시,읍면,숙박,제주도민,30대,남,2018-01-01,134,210,12439510
제주도,제주시,읍면,숙박,제주도민,20대미만,남,2018-01-01,1,6,21200
제주도,제주시,읍면,숙박,제주도민,20대,여,2018-01-01,64,78,2944600
제주도,제주시,읍면,숙박,제주도민,20대,남,2018-01-01,94,127,5556250
제주도,제주시,읍면,숙박,내국인관광객,60대이상,여,2018-01-01,132,185,26749187
제주도,제주시,읍면,숙박,내국인관광객,60대이상,남,2018-01-01,254,337,34321500
제주도,제주시,읍면,숙박,내국인관광객,50대,여,2018-01-01,406,545,53283135
제주도,제주시,읍면,숙박,내국인관광객,50대,남,2018-01-01,694,966,111609974
제주도,제주시,읍면,숙박,내국인관광객,40대,여,2018-01-01,664,890,77983328
제주도,제주시,읍면,숙박,내국인관광객,40대,남,2018-01-01,932,1357,125689527
제주도,제주시,읍면,숙박,내국인관광객,30대,여,2018-01-01,568,714,54639950
제주도,제주시,읍면,숙박,내국인관광객,30대,남,2018-01-01,555,738,54721613
제주도,제주시,읍면,숙박,내국인관광객,20대미만,여,2018-01-01,19,48,258400
제주도,제주시,읍면,숙박,내국인관광객,20대미만,남,2018-01-01,42,150,1013900
제주도,제주시,읍면,숙박,내국인관광객,20대,여,2018-01-01,421,506,33541432
제주도,제주시,읍면,숙박,내국인관광객,20대,남,2018-01-01,316,414,20418502
제주도,제주시,읍면,쇼핑,제주도민,60대이상,여,2018-01-01,1488,4663,160733770
제주도,제주시,읍면,쇼핑,제주도민,60대이상,남,2018-01-01,2635,8309,261394045
제주도,제주시,읍면,쇼핑,제주도민,50대,여,2018-01-01,2658,8881,266926713
제주도,제주시,읍면,쇼핑,제주도민,50대,남,2018-01-01,4506,15112,343618266
제주도,제주시,읍면,쇼핑,제주도민,40대,여,2018-01-01,3442,12054,298978480
제주도,제주시,읍면,쇼핑,제주도민,40대,남,2018-01-01,5833,20753,386421812
제주도,제주시,읍면,쇼핑,제주도민,30대,여,2018-01-01,2580,8566,170460950
제주도,제주시,읍면,쇼핑,제주도민,30대,남,2018-01-01,4315,15337,231243800
제주도,제주시,읍면,쇼핑,제주도민,20대미만,여,2018-01-01,79,226,1564850
제주도,제주시,읍면,쇼핑,제주도민,20대미만,남,2018-01-01,110,330,1696270
제주도,제주시,읍면,쇼핑,제주도민,20대,여,2018-01-01,1399,3885,41398240
제주도,제주시,읍면,쇼핑,제주도민,20대,남,2018-01-01,2164,7462,69466344
제주도,제주시,읍면,쇼핑,내국인관광객,60대이상,여,2018-01-01,886,2130,58507070
제주도,제주시,읍면,쇼핑,내국인관광객,60대이상,남,2018-01-01,1502,3591,75472840
제주도,제주시,읍면,쇼핑,내국인관광객,50대,여,2018-01-01,2095,4171,103170470
제주도,제주시,읍면,쇼핑,내국인관광객,50대,남,2018-01-01,3706,8732,166393140
제주도,제주시,읍면,쇼핑,내국인관광객,40대,여,2018-01-01,3354,6321,134997690
제주도,제주시,읍면,쇼핑,내국인관광객,40대,남,2018-01-01,5237,12445,221019470
제주도,제주시,읍면,쇼핑,내국인관광객,30대,여,2018-01-01,3958,6919,110141420
제주도,제주시,읍면,쇼핑,내국인관광객,30대,남,2018-01-01,4936,10275,153555490
제주도,제주시,읍면,쇼핑,내국인관광객,20대미만,여,2018-01-01,74,118,1160180
제주도,제주시,읍면,쇼핑,내국인관광객,20대미만,남,2018-01-01,100,270,1818970
제주도,제주시,읍면,쇼핑,내국인관광객,20대,여,2018-01-01,4471,7045,74964250
제주도,제주시,읍면,쇼핑,내국인관광객,20대,남,2018-01-01,4074,7563,81765440
제주도,제주시,읍면,소매,제주도민,60대이상,여,2018-01-01,321,469,34057160
제주도,제주시,읍면,소매,제주도민,60대이상,남,2018-01-01,445,626,54599542
제주도,제주시,읍면,소매,제주도민,50대,여,2018-01-01,499,739,54468525
제주도,제주시,읍면,소매,제주도민,50대,남,2018-01-01,721,1024,61638347
제주도,제주시,읍면,소매,제주도민,40대,여,2018-01-01,602,839,37280540
제주도,제주시,읍면,소매,제주도민,40대,남,2018-01-01,855,1364,67087518
제주도,제주시,읍면,소매,제주도민,30대,여,2018-01-01,455,628,22075544
제주도,제주시,읍면,소매,제주도민,30대,남,2018-01-01,577,890,32069700
제주도,제주시,읍면,소매,제주도민,20대미만,여,2018-01-01,12,17,167040
제주도,제주시,읍면,소매,제주도민,20대미만,남,2018-01-01,6,8,55100
제주도,제주시,읍면,소매,제주도민,20대,여,2018-01-01,224,310,6734340
제주도,제주시,읍면,소매,제주도민,20대,남,2018-01-01,236,343,6863070
제주도,제주시,읍면,소매,내국인관광객,60대이상,여,2018-01-01,377,448,26199484
제주도,제주시,읍면,소매,내국인관광객,60대이상,남,2018-01-01,427,501,33737190
제주도,제주시,읍면,소매,내국인관광객,50대,여,2018-01-01,926,1130,51262704
제주도,제주시,읍면,소매,내국인관광객,50대,남,2018-01-01,971,1186,59745087
제주도,제주시,읍면,소매,내국인관광객,40대,여,2018-01-01,1178,1514,47678060
제주도,제주시,읍면,소매,내국인관광객,40대,남,2018-01-01,1096,1404,57596600
제주도,제주시,읍면,소매,내국인관광객,30대,여,2018-01-01,1277,1541,44623658
제주도,제주시,읍면,소매,내국인관광객,30대,남,2018-01-01,1016,1272,40000665
제주도,제주시,읍면,소매,내국인관광객,20대미만,여,2018-01-01,38,51,689400
제주도,제주시,읍면,소매,내국인관광객,20대미만,남,2018-01-01,18,45,250050
제주도,제주시,읍면,소매,내국인관광객,20대,여,2018-01-01,1867,2111,49858417
제주도,제주시,읍면,소매,내국인관광객,20대,남,2018-01-01,909,1112,32562055
제주도,제주시,읍면,문화/레져,제주도민,60대이상,여,2018-01-01,86,105,5517099
제주도,제주시,읍면,문화/레져,제주도민,60대이상,남,2018-01-01,306,431,35215681
제주도,제주시,읍면,문화/레져,제주도민,50대,여,2018-01-01,193,272,21707505
제주도,제주시,읍면,문화/레져,제주도민,50대,남,2018-01-01,633,782,81353845
제주도,제주시,읍면,문화/레져,제주도민,40대,여,2018-01-01,379,524,34923305
제주도,제주시,읍면,문화/레져,제주도민,40대,남,2018-01-01,685,845,74498835
제주도,제주시,읍면,문화/레져,제주도민,30대,여,2018-01-01,303,382,11915555
제주도,제주시,읍면,문화/레져,제주도민,30대,남,2018-01-01,353,655,18081405
제주도,제주시,읍면,문화/레져,제주도민,20대미만,여,2018-01-01,10,27,124100
제주도,제주시,읍면,문화/레져,제주도민,20대미만,남,2018-01-01,14,80,286100
제주도,제주시,읍면,문화/레져,제주도민,20대,여,2018-01-01,139,266,4548940
제주도,제주시,읍면,문화/레져,제주도민,20대,남,2018-01-01,173,647,5596890
제주도,제주시,읍면,문화/레져,내국인관광객,60대이상,여,2018-01-01,292,376,25238220
제주도,제주시,읍면,문화/레져,내국인관광객,60대이상,남,2018-01-01,578,793,86907480
제주도,제주시,읍면,문화/레져,내국인관광객,50대,여,2018-01-01,952,1160,51716820
제주도,제주시,읍면,문화/레져,내국인관광객,50대,남,2018-01-01,1499,1804,111902190
제주도,제주시,읍면,문화/레져,내국인관광객,40대,여,2018-01-01,1510,1877,54713790
제주도,제주시,읍면,문화/레져,내국인관광객,40대,남,2018-01-01,1751,2160,92395835
제주도,제주시,읍면,문화/레져,내국인관광객,30대,여,2018-01-01,1108,1294,28519650
제주도,제주시,읍면,문화/레져,내국인관광객,30대,남,2018-01-01,971,1163,29179700
제주도,제주시,읍면,문화/레져,내국인관광객,20대미만,여,2018-01-01,22,27,258400
제주도,제주시,읍면,문화/레져,내국인관광객,20대미만,남,2018-01-01,21,23,293200
제주도,제주시,읍면,문화/레져,내국인관광객,20대,여,2018-01-01,1040,1175,20186515
제주도,제주시,읍면,문화/레져,내국인관광객,20대,남,2018-01-01,682,873,14303390
제주도,제주시,읍면,교통,제주도민,60대이상,여,2018-01-01,1073,1674,156238507
제주도,제주시,읍면,교통,제주도민,60대이상,남,2018-01-01,3414,6156,615080987
제주도,제주시,읍면,교통,제주도민,50대,여,2018-01-01,1381,2170,176082446
제주도,제주시,읍면,교통,제주도민,50대,남,2018-01-01,2734,5014,405208943
제주도,제주시,읍면,교통,제주도민,40대,여,2018-01-01,1391,2152,147184224
제주도,제주시,읍면,교통,제주도민,40대,남,2018-01-01,2427,4181,346163090
제주도,제주시,읍면,교통,제주도민,30대,여,2018-01-01,878,1373,84801282
제주도,제주시,읍면,교통,제주도민,30대,남,2018-01-01,1354,2205,126004975
제주도,제주시,읍면,교통,제주도민,20대미만,여,2018-01-01,4,9,293000
제주도,제주시,읍면,교통,제주도민,20대미만,남,2018-01-01,6,7,263680
제주도,제주시,읍면,교통,제주도민,20대,여,2018-01-01,321,448,23000792
제주도,제주시,읍면,교통,제주도민,20대,남,2018-01-01,416,635,26383201
제주도,제주시,읍면,교통,내국인관광객,60대이상,여,2018-01-01,545,679,44367692
제주도,제주시,읍면,교통,내국인관광객,60대이상,남,2018-01-01,1366,1723,117841885
제주도,제주시,읍면,교통,내국인관광객,50대,여,2018-01-01,1443,1785,97506998
제주도,제주시,읍면,교통,내국인관광객,50대,남,2018-01-01,3186,4003,253367590
제주도,제주시,읍면,교통,내국인관광객,40대,여,2018-01-01,1794,2164,102480311
제주도,제주시,읍면,교통,내국인관광객,40대,남,2018-01-01,3671,4624,279416122
제주도,제주시,읍면,교통,내국인관광객,30대,여,2018-01-01,1848,2137,79818965
제주도,제주시,읍면,교통,내국인관광객,30대,남,2018-01-01,3187,3771,176643840
제주도,제주시,읍면,교통,내국인관광객,20대미만,여,2018-01-01,12,15,437000
제주도,제주시,읍면,교통,내국인관광객,20대미만,남,2018-01-01,10,10,321112
제주도,제주시,읍면,교통,내국인관광객,20대,여,2018-01-01,1764,2001,53026327
제주도,제주시,읍면,교통,내국인관광객,20대,남,2018-01-01,1693,1904,72523848
제주도,제주시,도심,유흥,제주도민,60대이상,여,2018-01-01,279,416,45229900
제주도,제주시,도심,유흥,제주도민,60대이상,남,2018-01-01,1203,1687,192468008
제주도,제주시,도심,유흥,제주도민,50대,여,2018-01-01,916,1138,88864650
제주도,제주시,도심,유흥,제주도민,50대,남,2018-01-01,3868,5880,820948722
제주도,제주시,도심,유흥,제주도민,40대,여,2018-01-01,1173,1445,106218120
제주도,제주시,도심,유흥,제주도민,40대,남,2018-01-01,4396,6457,1012490570
제주도,제주시,도심,유흥,제주도민,30대,여,2018-01-01,1091,1339,83426110
제주도,제주시,도심,유흥,제주도민,30대,남,2018-01-01,3082,4273,479089280
제주도,제주시,도심,유흥,제주도민,20대미만,여,2018-01-01,24,39,1215810
제주도,제주시,도심,유흥,제주도민,20대미만,남,2018-01-01,46,63,2877310
제주도,제주시,도심,유흥,제주도민,20대,여,2018-01-01,1859,2702,112813675
제주도,제주시,도심,유흥,제주도민,20대,남,2018-01-01,2608,4170,231085393
제주도,제주시,도심,유흥,내국인관광객,60대이상,여,2018-01-01,74,81,11858000
제주도,제주시,도심,유흥,내국인관광객,60대이상,남,2018-01-01,225,318,52579100
제주도,제주시,도심,유흥,내국인관광객,50대,여,2018-01-01,191,216,24783000
제주도,제주시,도심,유흥,내국인관광객,50대,남,2018-01-01,854,1126,210129230
제주도,제주시,도심,유흥,내국인관광객,40대,여,2018-01-01,255,311,36564550
제주도,제주시,도심,유흥,내국인관광객,40대,남,2018-01-01,946,1269,212378500
제주도,제주시,도심,유흥,내국인관광객,30대,여,2018-01-01,236,283,16870020
제주도,제주시,도심,유흥,내국인관광객,30대,남,2018-01-01,759,1072,124882250
제주도,제주시,도심,유흥,내국인관광객,20대미만,여,2018-01-01,1,1,23500
제주도,제주시,도심,유흥,내국인관광객,20대미만,남,2018-01-01,2,2,100000
제주도,제주시,도심,유흥,내국인관광객,20대,여,2018-01-01,366,480,22392700
제주도,제주시,도심,유흥,내국인관광객,20대,남,2018-01-01,517,707,39319450
제주도,제주시,도심,식음료,제주도민,60대이상,여,2018-01-01,9052,15312,485584794
제주도,제주시,도심,식음료,제주도민,60대이상,남,2018-01-01,16604,32544,1205291804
제주도,제주시,도심,식음료,제주도민,50대,여,2018-01-01,21623,44435,1255103548
제주도,제주시,도심,식음료,제주도민,50대,남,2018-01-01,31095,70793,2558660046
제주도,제주시,도심,식음료,제주도민,40대,여,2018-01-01,30417,71653,1766335041
제주도,제주시,도심,식음료,제주도민,40대,남,2018-01-01,36571,84716,2820310501
제주도,제주시,도심,식음료,제주도민,30대,여,2018-01-01,25576,56915,1257474940
제주도,제주시,도심,식음료,제주도민,30대,남,2018-01-01,29710,68782,1888458725
제주도,제주시,도심,식음료,제주도민,20대미만,여,2018-01-01,1004,2189,26704979
제주도,제주시,도심,식음료,제주도민,20대미만,남,2018-01-01,969,2230,33705843
제주도,제주시,도심,식음료,제주도민,20대,여,2018-01-01,21192,52853,972851763
제주도,제주시,도심,식음료,제주도민,20대,남,2018-01-01,18424,45320,1005433262
제주도,제주시,도심,식음료,내국인관광객,60대이상,여,2018-01-01,3674,5136,186721095
제주도,제주시,도심,식음료,내국인관광객,60대이상,남,2018-01-01,6781,9937,402515859
제주도,제주시,도심,식음료,내국인관광객,50대,여,2018-01-01,10150,13955,509104175
제주도,제주시,도심,식음료,내국인관광객,50대,남,2018-01-01,17423,26774,1051145018
제주도,제주시,도심,식음료,내국인관광객,40대,여,2018-01-01,14471,20688,657463132
제주도,제주시,도심,식음료,내국인관광객,40대,남,2018-01-01,20759,32421,1147868303
제주도,제주시,도심,식음료,내국인관광객,30대,여,2018-01-01,16309,23326,568579848
제주도,제주시,도심,식음료,내국인관광객,30대,남,2018-01-01,18428,27896,789773223
제주도,제주시,도심,식음료,내국인관광객,20대미만,여,2018-01-01,297,437,6909015
제주도,제주시,도심,식음료,내국인관광객,20대미만,남,2018-01-01,375,483,7723520
제주도,제주시,도심,식음료,내국인관광객,20대,여,2018-01-01,17812,25097,505037044
제주도,제주시,도심,식음료,내국인관광객,20대,남,2018-01-01,13544,20234,456464927
제주도,제주시,도심,숙박,제주도민,60대이상,여,2018-01-01,263,369,92541889
제주도,제주시,도심,숙박,제주도민,60대이상,남,2018-01-01,501,716,184438630
제주도,제주시,도심,숙박,제주도민,50대,여,2018-01-01,423,583,129956000
제주도,제주시,도심,숙박,제주도민,50대,남,2018-01-01,931,1301,169521588
제주도,제주시,도심,숙박,제주도민,40대,여,2018-01-01,485,602,85021397
제주도,제주시,도심,숙박,제주도민,40대,남,2018-01-01,1060,1476,130779120
제주도,제주시,도심,숙박,제주도민,30대,여,2018-01-01,423,533,40089275
제주도,제주시,도심,숙박,제주도민,30대,남,2018-01-01,831,1105,82857010
제주도,제주시,도심,숙박,제주도민,20대미만,여,2018-01-01,5,5,96000
제주도,제주시,도심,숙박,제주도민,20대미만,남,2018-01-01,16,25,1167200
제주도,제주시,도심,숙박,제주도민,20대,여,2018-01-01,456,612,29502772
제주도,제주시,도심,숙박,제주도민,20대,남,2018-01-01,710,950,43996580
제주도,제주시,도심,숙박,내국인관광객,60대이상,여,2018-01-01,237,315,46212965
제주도,제주시,도심,숙박,내국인관광객,60대이상,남,2018-01-01,566,721,84476180
제주도,제주시,도심,숙박,내국인관광객,50대,여,2018-01-01,739,927,98377396
제주도,제주시,도심,숙박,내국인관광객,50대,남,2018-01-01,1614,2129,268637985
제주도,제주시,도심,숙박,내국인관광객,40대,여,2018-01-01,994,1293,139175321
제주도,제주시,도심,숙박,내국인관광객,40대,남,2018-01-01,1755,2318,233310970
제주도,제주시,도심,숙박,내국인관광객,30대,여,2018-01-01,881,1072,95059505
제주도,제주시,도심,숙박,내국인관광객,30대,남,2018-01-01,1242,1534,133924686
제주도,제주시,도심,숙박,내국인관광객,20대미만,여,2018-01-01,8,8,784100
제주도,제주시,도심,숙박,내국인관광객,20대미만,남,2018-01-01,9,9,687000
제주도,제주시,도심,숙박,내국인관광객,20대,여,2018-01-01,793,909,65098359
제주도,제주시,도심,숙박,내국인관광객,20대,남,2018-01-01,765,893,54536720
제주도,제주시,도심,쇼핑,제주도민,60대이상,여,2018-01-01,11002,32319,1051522979
제주도,제주시,도심,쇼핑,제주도민,60대이상,남,2018-01-01,14569,44043,1243062318
제주도,제주시,도심,쇼핑,제주도민,50대,여,2018-01-01,21032,69545,2036405703
제주도,제주시,도심,쇼핑,제주도민,50대,남,2018-01-01,27223,92282,2118576452
제주도,제주시,도심,쇼핑,제주도민,40대,여,2018-01-01,28011,94152,2469270611
제주도,제주시,도심,쇼핑,제주도민,40대,남,2018-01-01,35535,125536,2569885415
제주도,제주시,도심,쇼핑,제주도민,30대,여,2018-01-01,23052,71281,1527633757
제주도,제주시,도심,쇼핑,제주도민,30대,남,2018-01-01,30628,109389,1646145183
제주도,제주시,도심,쇼핑,제주도민,20대미만,여,2018-01-01,978,2765,19767386
제주도,제주시,도심,쇼핑,제주도민,20대미만,남,2018-01-01,1241,4227,21602729
제주도,제주시,도심,쇼핑,제주도민,20대,여,2018-01-01,18972,61316,738744379
제주도,제주시,도심,쇼핑,제주도민,20대,남,2018-01-01,20599,76878,693751433
제주도,제주시,도심,쇼핑,내국인관광객,60대이상,여,2018-01-01,4554,9088,403459654
제주도,제주시,도심,쇼핑,내국인관광객,60대이상,남,2018-01-01,7363,14244,599300482
제주도,제주시,도심,쇼핑,내국인관광객,50대,여,2018-01-01,11693,21426,999053109
제주도,제주시,도심,쇼핑,내국인관광객,50대,남,2018-01-01,19460,40980,1471672204
제주도,제주시,도심,쇼핑,내국인관광객,40대,여,2018-01-01,15325,29282,1172010612
제주도,제주시,도심,쇼핑,내국인관광객,40대,남,2018-01-01,23715,51673,1592471128
제주도,제주시,도심,쇼핑,내국인관광객,30대,여,2018-01-01,16189,31232,1056333041
제주도,제주시,도심,쇼핑,내국인관광객,30대,남,2018-01-01,20219,43301,1161319040
제주도,제주시,도심,쇼핑,내국인관광객,20대미만,여,2018-01-01,408,700,12711920
제주도,제주시,도심,쇼핑,내국인관광객,20대미만,남,2018-01-01,549,1246,12395020
제주도,제주시,도심,쇼핑,내국인관광객,20대,여,2018-01-01,17851,31991,824313667
제주도,제주시,도심,쇼핑,내국인관광객,20대,남,2018-01-01,16222,34174,611704405
제주도,제주시,도심,소매,제주도민,60대이상,여,2018-01-01,4941,7290,715576232
제주도,제주시,도심,소매,제주도민,60대이상,남,2018-01-01,4615,6539,708669496
제주도,제주시,도심,소매,제주도민,50대,여,2018-01-01,7851,11944,1165637923
제주도,제주시,도심,소매,제주도민,50대,남,2018-01-01,7240,10818,955288417
제주도,제주시,도심,소매,제주도민,40대,여,2018-01-01,8895,13895,1078060138
제주도,제주시,도심,소매,제주도민,40대,남,2018-01-01,7650,11459,988683272
제주도,제주시,도심,소매,제주도민,30대,여,2018-01-01,6034,8925,591340564
제주도,제주시,도심,소매,제주도민,30대,남,2018-01-01,4773,6760,486443660
제주도,제주시,도심,소매,제주도민,20대미만,여,2018-01-01,237,332,10086000
제주도,제주시,도심,소매,제주도민,20대미만,남,2018-01-01,155,212,11019700
제주도,제주시,도심,소매,제주도민,20대,여,2018-01-01,4242,6132,321475214
제주도,제주시,도심,소매,제주도민,20대,남,2018-01-01,2774,3869,230197647
제주도,제주시,도심,소매,내국인관광객,60대이상,여,2018-01-01,2065,2521,166649373
제주도,제주시,도심,소매,내국인관광객,60대이상,남,2018-01-01,2673,3177,188777640
제주도,제주시,도심,소매,내국인관광객,50대,여,2018-01-01,4872,5794,304055575
제주도,제주시,도심,소매,내국인관광객,50대,남,2018-01-01,6054,7183,398365924
제주도,제주시,도심,소매,내국인관광객,40대,여,2018-01-01,5686,6841,317773911
제주도,제주시,도심,소매,내국인관광객,40대,남,2018-01-01,6250,7547,374318935
제주도,제주시,도심,소매,내국인관광객,30대,여,2018-01-01,5287,6298,255471345
제주도,제주시,도심,소매,내국인관광객,30대,남,2018-01-01,4874,5704,262629756
제주도,제주시,도심,소매,내국인관광객,20대미만,여,2018-01-01,176,220,6021775
제주도,제주시,도심,소매,내국인관광객,20대미만,남,2018-01-01,148,172,4148500
제주도,제주시,도심,소매,내국인관광객,20대,여,2018-01-01,6140,7337,206110963
제주도,제주시,도심,소매,내국인관광객,20대,남,2018-01-01,3858,4532,139590450
제주도,제주시,도심,문화/레져,제주도민,60대이상,여,2018-01-01,625,816,28240980
제주도,제주시,도심,문화/레져,제주도민,60대이상,남,2018-01-01,1267,1682,84135597
제주도,제주시,도심,문화/레져,제주도민,50대,여,2018-01-01,2355,3410,111754089
제주도,제주시,도심,문화/레져,제주도민,50대,남,2018-01-01,3463,4941,219784736
제주도,제주시,도심,문화/레져,제주도민,40대,여,2018-01-01,5279,7854,237105474
제주도,제주시,도심,문화/레져,제주도민,40대,남,2018-01-01,4886,7259,258740039
제주도,제주시,도심,문화/레져,제주도민,30대,여,2018-01-01,3434,4902,126835945
제주도,제주시,도심,문화/레져,제주도민,30대,남,2018-01-01,3353,5418,153808197
제주도,제주시,도심,문화/레져,제주도민,20대미만,여,2018-01-01,384,663,7407955
제주도,제주시,도심,문화/레져,제주도민,20대미만,남,2018-01-01,472,1029,11122425
제주도,제주시,도심,문화/레져,제주도민,20대,여,2018-01-01,3847,5942,102242666
제주도,제주시,도심,문화/레져,제주도민,20대,남,2018-01-01,4173,10671,128292055
제주도,제주시,도심,문화/레져,내국인관광객,60대이상,여,2018-01-01,183,273,8429525
제주도,제주시,도심,문화/레져,내국인관광객,60대이상,남,2018-01-01,330,429,23102991
제주도,제주시,도심,문화/레져,내국인관광객,50대,여,2018-01-01,498,589,20327323
제주도,제주시,도심,문화/레져,내국인관광객,50대,남,2018-01-01,911,1221,51418801
제주도,제주시,도심,문화/레져,내국인관광객,40대,여,2018-01-01,917,1212,32168235
제주도,제주시,도심,문화/레져,내국인관광객,40대,남,2018-01-01,1359,1875,63853477
제주도,제주시,도심,문화/레져,내국인관광객,30대,여,2018-01-01,859,1091,27649975
제주도,제주시,도심,문화/레져,내국인관광객,30대,남,2018-01-01,1153,1644,36735395
제주도,제주시,도심,문화/레져,내국인관광객,20대미만,여,2018-01-01,60,89,812480
제주도,제주시,도심,문화/레져,내국인관광객,20대미만,남,2018-01-01,69,96,730800
제주도,제주시,도심,문화/레져,내국인관광객,20대,여,2018-01-01,1188,1685,25601975
제주도,제주시,도심,문화/레져,내국인관광객,20대,남,2018-01-01,1558,3348,37177658
제주도,제주시,도심,교통,제주도민,60대이상,여,2018-01-01,3225,4398,322508714
제주도,제주시,도심,교통,제주도민,60대이상,남,2018-01-01,6883,10149,748440048
제주도,제주시,도심,교통,제주도민,50대,여,2018-01-01,6354,8974,558007562
제주도,제주시,도심,교통,제주도민,50대,남,2018-01-01,10376,15709,1002103988
제주도,제주시,도심,교통,제주도민,40대,여,2018-01-01,7198,10018,562143906
제주도,제주시,도심,교통,제주도민,40대,남,2018-01-01,10937,16520,964764938
제주도,제주시,도심,교통,제주도민,30대,여,2018-01-01,5018,6657,326069352
제주도,제주시,도심,교통,제주도민,30대,남,2018-01-01,7549,10749,533861883
제주도,제주시,도심,교통,제주도민,20대미만,여,2018-01-01,19,21,941766
제주도,제주시,도심,교통,제주도민,20대미만,남,2018-01-01,21,23,1156266
제주도,제주시,도심,교통,제주도민,20대,여,2018-01-01,2295,2797,119245090
제주도,제주시,도심,교통,제주도민,20대,남,2018-01-01,3068,4128,166625393
제주도,제주시,도심,교통,내국인관광객,60대이상,여,2018-01-01,1292,1491,142044139
제주도,제주시,도심,교통,내국인관광객,60대이상,남,2018-01-01,2949,3472,321734802
제주도,제주시,도심,교통,내국인관광객,50대,여,2018-01-01,4264,4789,510192330
제주도,제주시,도심,교통,내국인관광객,50대,남,2018-01-01,7967,9301,869688261
제주도,제주시,도심,교통,내국인관광객,40대,여,2018-01-01,6256,6978,657672187
제주도,제주시,도심,교통,내국인관광객,40대,남,2018-01-01,10091,11616,1027328700
제주도,제주시,도심,교통,내국인관광객,30대,여,2018-01-01,7446,8188,846665988
제주도,제주시,도심,교통,내국인관광객,30대,남,2018-01-01,9185,10400,906661168
제주도,제주시,도심,교통,내국인관광객,20대미만,여,2018-01-01,36,38,2125160
제주도,제주시,도심,교통,내국인관광객,20대미만,남,2018-01-01,36,42,5036900
제주도,제주시,도심,교통,내국인관광객,20대,여,2018-01-01,6418,6803,682164850
제주도,제주시,도심,교통,내국인관광객,20대,남,2018-01-01,5447,5951,513438106
제주도,서귀포시,읍면,유흥,제주도민,60대이상,여,2018-01-01,37,55,5219900
제주도,서귀포시,읍면,유흥,제주도민,60대이상,남,2018-01-01,200,385,48116850
제주도,서귀포시,읍면,유흥,제주도민,50대,여,2018-01-01,103,138,14783640
제주도,서귀포시,읍면,유흥,제주도민,50대,남,2018-01-01,418,820,120354010
제주도,서귀포시,읍면,유흥,제주도민,40대,여,2018-01-01,75,89,7968230
제주도,서귀포시,읍면,유흥,제주도민,40대,남,2018-01-01,362,656,110988130
제주도,서귀포시,읍면,유흥,제주도민,30대,여,2018-01-01,61,70,4846690
제주도,서귀포시,읍면,유흥,제주도민,30대,남,2018-01-01,169,252,33562010
제주도,서귀포시,읍면,유흥,제주도민,20대미만,여,2018-01-01,3,5,615000
제주도,서귀포시,읍면,유흥,제주도민,20대미만,남,2018-01-01,3,24,3298800
제주도,서귀포시,읍면,유흥,제주도민,20대,여,2018-01-01,42,64,3275890
제주도,서귀포시,읍면,유흥,제주도민,20대,남,2018-01-01,96,155,12844700
제주도,서귀포시,읍면,유흥,내국인관광객,60대이상,여,2018-01-01,12,15,2159000
제주도,서귀포시,읍면,유흥,내국인관광객,60대이상,남,2018-01-01,63,99,13061980
제주도,서귀포시,읍면,유흥,내국인관광객,50대,여,2018-01-01,45,56,5709200
제주도,서귀포시,읍면,유흥,내국인관광객,50대,남,2018-01-01,143,251,37674900
제주도,서귀포시,읍면,유흥,내국인관광객,40대,여,2018-01-01,47,52,3263700
제주도,서귀포시,읍면,유흥,내국인관광객,40대,남,2018-01-01,121,187,25983800
제주도,서귀포시,읍면,유흥,내국인관광객,30대,여,2018-01-01,46,56,4069400
제주도,서귀포시,읍면,유흥,내국인관광객,30대,남,2018-01-01,85,107,12321750
제주도,서귀포시,읍면,유흥,내국인관광객,20대미만,남,2018-01-01,2,4,566000
제주도,서귀포시,읍면,유흥,내국인관광객,20대,여,2018-01-01,50,63,3438200
제주도,서귀포시,읍면,유흥,내국인관광객,20대,남,2018-01-01,56,68,3884400
제주도,서귀포시,읍면,식음료,제주도민,60대이상,여,2018-01-01,897,1566,64833261
제주도,서귀포시,읍면,식음료,제주도민,60대이상,남,2018-01-01,2221,4708,220952727
제주도,서귀포시,읍면,식음료,제주도민,50대,여,2018-01-01,1986,4015,144559583
제주도,서귀포시,읍면,식음료,제주도민,50대,남,2018-01-01,3206,7516,319568859
제주도,서귀포시,읍면,식음료,제주도민,40대,여,2018-01-01,2464,5663,168104865
제주도,서귀포시,읍면,식음료,제주도민,40대,남,2018-01-01,3389,8040,292794852
제주도,서귀포시,읍면,식음료,제주도민,30대,여,2018-01-01,1872,3786,92622900
제주도,서귀포시,읍면,식음료,제주도민,30대,남,2018-01-01,2221,4679,143195197
제주도,서귀포시,읍면,식음료,제주도민,20대미만,여,2018-01-01,53,124,2350270
제주도,서귀포시,읍면,식음료,제주도민,20대미만,남,2018-01-01,51,107,2339425
제주도,서귀포시,읍면,식음료,제주도민,20대,여,2018-01-01,1083,2150,45229090
제주도,서귀포시,읍면,식음료,제주도민,20대,남,2018-01-01,1073,2403,68160395
제주도,서귀포시,읍면,식음료,내국인관광객,60대이상,여,2018-01-01,1482,2124,89545955
제주도,서귀포시,읍면,식음료,내국인관광객,60대이상,남,2018-01-01,2501,3944,185939833
제주도,서귀포시,읍면,식음료,내국인관광객,50대,여,2018-01-01,4249,6029,246562966
제주도,서귀포시,읍면,식음료,내국인관광객,50대,남,2018-01-01,5896,9356,425137582
제주도,서귀포시,읍면,식음료,내국인관광객,40대,여,2018-01-01,6349,9620,349041338
제주도,서귀포시,읍면,식음료,내국인관광객,40대,남,2018-01-01,7687,12024,474594002
제주도,서귀포시,읍면,식음료,내국인관광객,30대,여,2018-01-01,7015,10212,300553368
제주도,서귀포시,읍면,식음료,내국인관광객,30대,남,2018-01-01,6706,10288,327714495
제주도,서귀포시,읍면,식음료,내국인관광객,20대미만,여,2018-01-01,116,176,3508390
제주도,서귀포시,읍면,식음료,내국인관광객,20대미만,남,2018-01-01,83,166,3894140
제주도,서귀포시,읍면,식음료,내국인관광객,20대,여,2018-01-01,7058,10102,252065548
제주도,서귀포시,읍면,식음료,내국인관광객,20대,남,2018-01-01,4734,6905,186842624
제주도,서귀포시,읍면,숙박,제주도민,60대이상,여,2018-01-01,41,61,2141260
제주도,서귀포시,읍면,숙박,제주도민,60대이상,남,2018-01-01,74,89,4067225
제주도,서귀포시,읍면,숙박,제주도민,50대,여,2018-01-01,108,148,6207130
제주도,서귀포시,읍면,숙박,제주도민,50대,남,2018-01-01,173,292,11365769
제주도,서귀포시,읍면,숙박,제주도민,40대,여,2018-01-01,358,552,15599080
제주도,서귀포시,읍면,숙박,제주도민,40대,남,2018-01-01,409,691,30421840
제주도,서귀포시,읍면,숙박,제주도민,30대,여,2018-01-01,266,408,12421440
제주도,서귀포시,읍면,숙박,제주도민,30대,남,2018-01-01,245,357,13623466
제주도,서귀포시,읍면,숙박,제주도민,20대미만,여,2018-01-01,8,10,147340
제주도,서귀포시,읍면,숙박,제주도민,20대미만,남,2018-01-01,3,4,149500
제주도,서귀포시,읍면,숙박,제주도민,20대,여,2018-01-01,136,205,4408645
제주도,서귀포시,읍면,숙박,제주도민,20대,남,2018-01-01,114,162,5025015
제주도,서귀포시,읍면,숙박,내국인관광객,60대이상,여,2018-01-01,234,311,13835588
제주도,서귀포시,읍면,숙박,내국인관광객,60대이상,남,2018-01-01,328,421,32732413
제주도,서귀포시,읍면,숙박,내국인관광객,50대,여,2018-01-01,783,1011,47801764
제주도,서귀포시,읍면,숙박,내국인관광객,50대,남,2018-01-01,919,1183,91777053
제주도,서귀포시,읍면,숙박,내국인관광객,40대,여,2018-01-01,1192,1641,79623173
제주도,서귀포시,읍면,숙박,내국인관광객,40대,남,2018-01-01,1263,1849,115599626
제주도,서귀포시,읍면,숙박,내국인관광객,30대,여,2018-01-01,1096,1423,71637539
제주도,서귀포시,읍면,숙박,내국인관광객,30대,남,2018-01-01,979,1244,61220396
제주도,서귀포시,읍면,숙박,내국인관광객,20대미만,여,2018-01-01,31,37,478980
제주도,서귀포시,읍면,숙박,내국인관광객,20대미만,남,2018-01-01,13,15,164200
제주도,서귀포시,읍면,숙박,내국인관광객,20대,여,2018-01-01,1374,1727,37619038
제주도,서귀포시,읍면,숙박,내국인관광객,20대,남,2018-01-01,665,797,20306110
제주도,서귀포시,읍면,쇼핑,제주도민,60대이상,여,2018-01-01,950,3169,98860900
제주도,서귀포시,읍면,쇼핑,제주도민,60대이상,남,2018-01-01,1724,6155,154947400
제주도,서귀포시,읍면,쇼핑,제주도민,50대,여,2018-01-01,1826,7384,200040720
제주도,서귀포시,읍면,쇼핑,제주도민,50대,남,2018-01-01,2968,11446,259895690
제주도,서귀포시,읍면,쇼핑,제주도민,40대,여,2018-01-01,2294,9023,201103145
제주도,서귀포시,읍면,쇼핑,제주도민,40대,남,2018-01-01,3874,14656,257237615
제주도,서귀포시,읍면,쇼핑,제주도민,30대,여,2018-01-01,1685,5710,95187530
제주도,서귀포시,읍면,쇼핑,제주도민,30대,남,2018-01-01,2945,10590,137448330
제주도,서귀포시,읍면,쇼핑,제주도민,20대미만,여,2018-01-01,68,309,1993330
제주도,서귀포시,읍면,쇼핑,제주도민,20대미만,남,2018-01-01,94,431,2494420
제주도,서귀포시,읍면,쇼핑,제주도민,20대,여,2018-01-01,1014,4291,38752098
제주도,서귀포시,읍면,쇼핑,제주도민,20대,남,2018-01-01,1598,7593,65840745
제주도,서귀포시,읍면,쇼핑,내국인관광객,60대이상,여,2018-01-01,793,1735,36017510
제주도,서귀포시,읍면,쇼핑,내국인관광객,60대이상,남,2018-01-01,1410,3424,63754750
제주도,서귀포시,읍면,쇼핑,내국인관광객,50대,여,2018-01-01,2141,4490,86254890
제주도,서귀포시,읍면,쇼핑,내국인관광객,50대,남,2018-01-01,3540,8470,142586025
제주도,서귀포시,읍면,쇼핑,내국인관광객,40대,여,2018-01-01,3432,6606,117978076
제주도,서귀포시,읍면,쇼핑,내국인관광객,40대,남,2018-01-01,5172,11530,179553256
제주도,서귀포시,읍면,쇼핑,내국인관광객,30대,여,2018-01-01,3462,6485,87795998
제주도,서귀포시,읍면,쇼핑,내국인관광객,30대,남,2018-01-01,4678,10300,127896353
제주도,서귀포시,읍면,쇼핑,내국인관광객,20대미만,여,2018-01-01,84,192,1655550
제주도,서귀포시,읍면,쇼핑,내국인관광객,20대미만,남,2018-01-01,128,355,2884740
제주도,서귀포시,읍면,쇼핑,내국인관광객,20대,여,2018-01-01,3648,7197,65156825
제주도,서귀포시,읍면,쇼핑,내국인관광객,20대,남,2018-01-01,3852,8742,89820290
제주도,서귀포시,읍면,소매,제주도민,60대이상,여,2018-01-01,320,508,36984970
제주도,서귀포시,읍면,소매,제주도민,60대이상,남,2018-01-01,475,783,49202260
제주도,서귀포시,읍면,소매,제주도민,50대,여,2018-01-01,611,1210,68394210
제주도,서귀포시,읍면,소매,제주도민,50대,남,2018-01-01,746,1412,130660870
제주도,서귀포시,읍면,소매,제주도민,40대,여,2018-01-01,598,1086,49179180
제주도,서귀포시,읍면,소매,제주도민,40대,남,2018-01-01,763,1498,81955235
제주도,서귀포시,읍면,소매,제주도민,30대,여,2018-01-01,430,744,30928910
제주도,서귀포시,읍면,소매,제주도민,30대,남,2018-01-01,462,779,28951400
제주도,서귀포시,읍면,소매,제주도민,20대미만,여,2018-01-01,10,9,144500
제주도,서귀포시,읍면,소매,제주도민,20대미만,남,2018-01-01,7,11,304620
제주도,서귀포시,읍면,소매,제주도민,20대,여,2018-01-01,155,254,8556850
제주도,서귀포시,읍면,소매,제주도민,20대,남,2018-01-01,221,452,9042340
제주도,서귀포시,읍면,소매,내국인관광객,60대이상,여,2018-01-01,610,786,67872930
제주도,서귀포시,읍면,소매,내국인관광객,60대이상,남,2018-01-01,814,1007,89433953
제주도,서귀포시,읍면,소매,내국인관광객,50대,여,2018-01-01,1294,1584,104821425
제주도,서귀포시,읍면,소매,내국인관광객,50대,남,2018-01-01,1587,1985,124905840
제주도,서귀포시,읍면,소매,내국인관광객,40대,여,2018-01-01,1827,2218,102360855
제주도,서귀포시,읍면,소매,내국인관광객,40대,남,2018-01-01,2105,2657,116546154
제주도,서귀포시,읍면,소매,내국인관광객,30대,여,2018-01-01,1599,2000,66620930
제주도,서귀포시,읍면,소매,내국인관광객,30대,남,2018-01-01,1532,1962,70886360
제주도,서귀포시,읍면,소매,내국인관광객,20대미만,여,2018-01-01,20,20,335000
제주도,서귀포시,읍면,소매,내국인관광객,20대미만,남,2018-01-01,18,19,364200
제주도,서귀포시,읍면,소매,내국인관광객,20대,여,2018-01-01,1163,1326,39376420
제주도,서귀포시,읍면,소매,내국인관광객,20대,남,2018-01-01,817,1058,26010814
제주도,서귀포시,읍면,문화/레져,제주도민,60대이상,여,2018-01-01,103,138,5823190
제주도,서귀포시,읍면,문화/레져,제주도민,60대이상,남,2018-01-01,382,715,58806850
제주도,서귀포시,읍면,문화/레져,제주도민,50대,여,2018-01-01,277,331,16096070
제주도,서귀포시,읍면,문화/레져,제주도민,50대,남,2018-01-01,620,778,62850034
제주도,서귀포시,읍면,문화/레져,제주도민,40대,여,2018-01-01,482,600,32806603
제주도,서귀포시,읍면,문화/레져,제주도민,40대,남,2018-01-01,758,951,71236245
제주도,서귀포시,읍면,문화/레져,제주도민,30대,여,2018-01-01,490,645,22113625
제주도,서귀포시,읍면,문화/레져,제주도민,30대,남,2018-01-01,418,559,19307610
제주도,서귀포시,읍면,문화/레져,제주도민,20대미만,여,2018-01-01,8,11,139950
제주도,서귀포시,읍면,문화/레져,제주도민,20대미만,남,2018-01-01,9,39,262310
제주도,서귀포시,읍면,문화/레져,제주도민,20대,여,2018-01-01,191,215,5233825
제주도,서귀포시,읍면,문화/레져,제주도민,20대,남,2018-01-01,188,215,5887935
제주도,서귀포시,읍면,문화/레져,내국인관광객,60대이상,여,2018-01-01,401,545,45317800
제주도,서귀포시,읍면,문화/레져,내국인관광객,60대이상,남,2018-01-01,678,901,75083773
제주도,서귀포시,읍면,문화/레져,내국인관광객,50대,여,2018-01-01,1176,1375,65683211
제주도,서귀포시,읍면,문화/레져,내국인관광객,50대,남,2018-01-01,1731,2054,112972714
제주도,서귀포시,읍면,문화/레져,내국인관광객,40대,여,2018-01-01,2292,2828,108290179
제주도,서귀포시,읍면,문화/레져,내국인관광객,40대,남,2018-01-01,2612,3289,151322591
제주도,서귀포시,읍면,문화/레져,내국인관광객,30대,여,2018-01-01,1974,2500,82604915
제주도,서귀포시,읍면,문화/레져,내국인관광객,30대,남,2018-01-01,1811,2307,93229810
제주도,서귀포시,읍면,문화/레져,내국인관광객,20대미만,여,2018-01-01,42,48,1152040
제주도,서귀포시,읍면,문화/레져,내국인관광객,20대미만,남,2018-01-01,29,33,510050
제주도,서귀포시,읍면,문화/레져,내국인관광객,20대,여,2018-01-01,1405,1586,38835340
제주도,서귀포시,읍면,문화/레져,내국인관광객,20대,남,2018-01-01,1068,1266,31481320
제주도,서귀포시,읍면,교통,제주도민,60대이상,여,2018-01-01,697,1166,86180782
제주도,서귀포시,읍면,교통,제주도민,60대이상,남,2018-01-01,3118,5553,415113570
제주도,서귀포시,읍면,교통,제주도민,50대,여,2018-01-01,1041,1813,127147621
제주도,서귀포시,읍면,교통,제주도민,50대,남,2018-01-01,2322,4305,315815223
제주도,서귀포시,읍면,교통,제주도민,40대,여,2018-01-01,995,1660,97942964
제주도,서귀포시,읍면,교통,제주도민,40대,남,2018-01-01,1856,3435,245455411
제주도,서귀포시,읍면,교통,제주도민,30대,여,2018-01-01,593,960,47116582
제주도,서귀포시,읍면,교통,제주도민,30대,남,2018-01-01,961,1628,92556235
제주도,서귀포시,읍면,교통,제주도민,20대미만,여,2018-01-01,4,11,523000
제주도,서귀포시,읍면,교통,제주도민,20대미만,남,2018-01-01,7,10,317154
제주도,서귀포시,읍면,교통,제주도민,20대,여,2018-01-01,193,264,12546229
제주도,서귀포시,읍면,교통,제주도민,20대,남,2018-01-01,295,480,18994445
제주도,서귀포시,읍면,교통,내국인관광객,60대이상,여,2018-01-01,237,327,16833253
제주도,서귀포시,읍면,교통,내국인관광객,60대이상,남,2018-01-01,539,754,40917911
제주도,서귀포시,읍면,교통,내국인관광객,50대,여,2018-01-01,590,743,33964927
제주도,서귀포시,읍면,교통,내국인관광객,50대,남,2018-01-01,1162,1482,67114829
제주도,서귀포시,읍면,교통,내국인관광객,40대,여,2018-01-01,808,931,37249793
제주도,서귀포시,읍면,교통,내국인관광객,40대,남,2018-01-01,1454,1791,77525949
제주도,서귀포시,읍면,교통,내국인관광객,30대,여,2018-01-01,873,992,34653789
제주도,서귀포시,읍면,교통,내국인관광객,30대,남,2018-01-01,1135,1361,50902132
제주도,서귀포시,읍면,교통,내국인관광객,20대미만,여,2018-01-01,2,2,70000
제주도,서귀포시,읍면,교통,내국인관광객,20대미만,남,2018-01-01,2,2,12000
제주도,서귀포시,읍면,교통,내국인관광객,20대,여,2018-01-01,642,705,23170990
제주도,서귀포시,읍면,교통,내국인관광객,20대,남,2018-01-01,689,766,25473127
제주도,서귀포시,도심,유흥,제주도민,60대이상,여,2018-01-01,66,75,9072900
제주도,서귀포시,도심,유흥,제주도민,60대이상,남,2018-01-01,322,481,65883842
제주도,서귀포시,도심,유흥,제주도민,50대,여,2018-01-01,200,266,20796500
제주도,서귀포시,도심,유흥,제주도민,50대,남,2018-01-01,896,1342,208397500
제주도,서귀포시,도심,유흥,제주도민,40대,여,2018-01-01,328,377,28711800
제주도,서귀포시,도심,유흥,제주도민,40대,남,2018-01-01,1045,1505,262037062
제주도,서귀포시,도심,유흥,제주도민,30대,여,2018-01-01,217,262,15638400
제주도,서귀포시,도심,유흥,제주도민,30대,남,2018-01-01,595,876,114134600
제주도,서귀포시,도심,유흥,제주도민,20대미만,여,2018-01-01,8,14,541200
제주도,서귀포시,도심,유흥,제주도민,20대미만,남,2018-01-01,4,4,654900
제주도,서귀포시,도심,유흥,제주도민,20대,여,2018-01-01,317,468,19451200
제주도,서귀포시,도심,유흥,제주도민,20대,남,2018-01-01,471,769,47236200
제주도,서귀포시,도심,유흥,내국인관광객,60대이상,여,2018-01-01,40,44,3893200
제주도,서귀포시,도심,유흥,내국인관광객,60대이상,남,2018-01-01,127,203,31726600
제주도,서귀포시,도심,유흥,내국인관광객,50대,여,2018-01-01,58,72,6269300
제주도,서귀포시,도심,유흥,내국인관광객,50대,남,2018-01-01,347,480,82248500
제주도,서귀포시,도심,유흥,내국인관광객,40대,여,2018-01-01,84,100,6410100
제주도,서귀포시,도심,유흥,내국인관광객,40대,남,2018-01-01,330,462,82798800
제주도,서귀포시,도심,유흥,내국인관광객,30대,여,2018-01-01,124,147,8499540
제주도,서귀포시,도심,유흥,내국인관광객,30대,남,2018-01-01,296,441,32548200
제주도,서귀포시,도심,유흥,내국인관광객,20대미만,여,2018-01-01,1,1,10000
제주도,서귀포시,도심,유흥,내국인관광객,20대미만,남,2018-01-01,2,2,149000
제주도,서귀포시,도심,유흥,내국인관광객,20대,여,2018-01-01,186,244,10120100
제주도,서귀포시,도심,유흥,내국인관광객,20대,남,2018-01-01,264,370,19437900
제주도,서귀포시,도심,식음료,제주도민,60대이상,여,2018-01-01,2317,3585,125245655
제주도,서귀포시,도심,식음료,제주도민,60대이상,남,2018-01-01,4554,7961,344985943
제주도,서귀포시,도심,식음료,제주도민,50대,여,2018-01-01,5190,8890,281794523
제주도,서귀포시,도심,식음료,제주도민,50대,남,2018-01-01,7688,14470,571880475
제주도,서귀포시,도심,식음료,제주도민,40대,여,2018-01-01,7201,13335,362344814
제주도,서귀포시,도심,식음료,제주도민,40대,남,2018-01-01,9465,18150,636275556
제주도,서귀포시,도심,식음료,제주도민,30대,여,2018-01-01,6186,11243,243407950
제주도,서귀포시,도심,식음료,제주도민,30대,남,2018-01-01,6702,12325,342338750
제주도,서귀포시,도심,식음료,제주도민,20대미만,여,2018-01-01,198,299,4151060
제주도,서귀포시,도심,식음료,제주도민,20대미만,남,2018-01-01,181,288,4348875
제주도,서귀포시,도심,식음료,제주도민,20대,여,2018-01-01,3653,6529,123630609
제주도,서귀포시,도심,식음료,제주도민,20대,남,2018-01-01,3414,6043,137483033
제주도,서귀포시,도심,식음료,내국인관광객,60대이상,여,2018-01-01,1854,2545,110055835
제주도,서귀포시,도심,식음료,내국인관광객,60대이상,남,2018-01-01,3239,4765,210637440
제주도,서귀포시,도심,식음료,내국인관광객,50대,여,2018-01-01,4584,6124,258161445
제주도,서귀포시,도심,식음료,내국인관광객,50대,남,2018-01-01,7682,11269,508568521
제주도,서귀포시,도심,식음료,내국인관광객,40대,여,2018-01-01,7438,10250,386246214
제주도,서귀포시,도심,식음료,내국인관광객,40대,남,2018-01-01,10207,15036,617212580
제주도,서귀포시,도심,식음료,내국인관광객,30대,여,2018-01-01,8225,11009,329392902
제주도,서귀포시,도심,식음료,내국인관광객,30대,남,2018-01-01,8826,12402,413105890
제주도,서귀포시,도심,식음료,내국인관광객,20대미만,여,2018-01-01,105,156,2983910
제주도,서귀포시,도심,식음료,내국인관광객,20대미만,남,2018-01-01,179,232,3742150
제주도,서귀포시,도심,식음료,내국인관광객,20대,여,2018-01-01,7716,10163,257573298
제주도,서귀포시,도심,식음료,내국인관광객,20대,남,2018-01-01,6462,8839,236609861
제주도,서귀포시,도심,숙박,제주도민,60대이상,여,2018-01-01,64,89,16938743
제주도,서귀포시,도심,숙박,제주도민,60대이상,남,2018-01-01,132,201,45173240
제주도,서귀포시,도심,숙박,제주도민,50대,여,2018-01-01,116,180,16001021
제주도,서귀포시,도심,숙박,제주도민,50대,남,2018-01-01,231,280,29248451
제주도,서귀포시,도심,숙박,제주도민,40대,여,2018-01-01,157,234,22470151
제주도,서귀포시,도심,숙박,제주도민,40대,남,2018-01-01,341,479,50177555
제주도,서귀포시,도심,숙박,제주도민,30대,여,2018-01-01,162,246,23266330
제주도,서귀포시,도심,숙박,제주도민,30대,남,2018-01-01,208,270,24915484
제주도,서귀포시,도심,숙박,제주도민,20대미만,여,2018-01-01,3,3,150500
제주도,서귀포시,도심,숙박,제주도민,20대미만,남,2018-01-01,3,6,138900
제주도,서귀포시,도심,숙박,제주도민,20대,여,2018-01-01,94,120,7759751
제주도,서귀포시,도심,숙박,제주도민,20대,남,2018-01-01,123,153,8430088
제주도,서귀포시,도심,숙박,내국인관광객,60대이상,여,2018-01-01,200,281,43447090
제주도,서귀포시,도심,숙박,내국인관광객,60대이상,남,2018-01-01,413,580,104607795
제주도,서귀포시,도심,숙박,내국인관광객,50대,여,2018-01-01,617,768,138602584
제주도,서귀포시,도심,숙박,내국인관광객,50대,남,2018-01-01,1100,1478,195467408
제주도,서귀포시,도심,숙박,내국인관광객,40대,여,2018-01-01,1071,1365,211741680
제주도,서귀포시,도심,숙박,내국인관광객,40대,남,2018-01-01,1490,1996,311125474
제주도,서귀포시,도심,숙박,내국인관광객,30대,여,2018-01-01,1217,1510,214361584
제주도,서귀포시,도심,숙박,내국인관광객,30대,남,2018-01-01,1177,1461,207450998
제주도,서귀포시,도심,숙박,내국인관광객,20대미만,여,2018-01-01,5,5,572400
제주도,서귀포시,도심,숙박,내국인관광객,20대미만,남,2018-01-01,10,17,266050
제주도,서귀포시,도심,숙박,내국인관광객,20대,여,2018-01-01,809,963,85685013
제주도,서귀포시,도심,숙박,내국인관광객,20대,남,2018-01-01,567,682,59967348
제주도,서귀포시,도심,쇼핑,제주도민,60대이상,여,2018-01-01,2839,7959,328176770
제주도,서귀포시,도심,쇼핑,제주도민,60대이상,남,2018-01-01,3847,10428,332297000
제주도,서귀포시,도심,쇼핑,제주도민,50대,여,2018-01-01,4803,14863,502465379
제주도,서귀포시,도심,쇼핑,제주도민,50대,남,2018-01-01,6215,19503,485965442
제주도,서귀포시,도심,쇼핑,제주도민,40대,여,2018-01-01,6304,19717,568825510
제주도,서귀포시,도심,쇼핑,제주도민,40대,남,2018-01-01,9034,29246,642117970
제주도,서귀포시,도심,쇼핑,제주도민,30대,여,2018-01-01,5250,14375,350907360
제주도,서귀포시,도심,쇼핑,제주도민,30대,남,2018-01-01,6819,21646,361090569
제주도,서귀포시,도심,쇼핑,제주도민,20대미만,여,2018-01-01,215,547,3932220
제주도,서귀포시,도심,쇼핑,제주도민,20대미만,남,2018-01-01,235,555,3799630
제주도,서귀포시,도심,쇼핑,제주도민,20대,여,2018-01-01,3208,8840,114322440
제주도,서귀포시,도심,쇼핑,제주도민,20대,남,2018-01-01,4009,12216,117540229
제주도,서귀포시,도심,쇼핑,내국인관광객,60대이상,여,2018-01-01,1457,3109,96857270
제주도,서귀포시,도심,쇼핑,내국인관광객,60대이상,남,2018-01-01,2305,5175,141844010
제주도,서귀포시,도심,쇼핑,내국인관광객,50대,여,2018-01-01,3394,6063,181973110
제주도,서귀포시,도심,쇼핑,내국인관광객,50대,남,2018-01-01,6038,12786,303274188
제주도,서귀포시,도심,쇼핑,내국인관광객,40대,여,2018-01-01,5575,10259,263357920
제주도,서귀포시,도심,쇼핑,내국인관광객,40대,남,2018-01-01,8637,17982,369568210
제주도,서귀포시,도심,쇼핑,내국인관광객,30대,여,2018-01-01,5838,9585,209042290
제주도,서귀포시,도심,쇼핑,내국인관광객,30대,남,2018-01-01,7703,15510,274336531
제주도,서귀포시,도심,쇼핑,내국인관광객,20대미만,여,2018-01-01,114,246,2296780
제주도,서귀포시,도심,쇼핑,내국인관광객,20대미만,남,2018-01-01,314,1022,6429220
제주도,서귀포시,도심,쇼핑,내국인관광객,20대,여,2018-01-01,5619,9591,131219780
제주도,서귀포시,도심,쇼핑,내국인관광객,20대,남,2018-01-01,6369,14465,163514920
제주도,서귀포시,도심,소매,제주도민,60대이상,여,2018-01-01,1182,1826,210921456
제주도,서귀포시,도심,소매,제주도민,60대이상,남,2018-01-01,1183,1660,161359742
제주도,서귀포시,도심,소매,제주도민,50대,여,2018-01-01,1878,2740,280318682
제주도,서귀포시,도심,소매,제주도민,50대,남,2018-01-01,1627,2295,235063890
제주도,서귀포시,도심,소매,제주도민,40대,여,2018-01-01,2092,3008,199845604
제주도,서귀포시,도심,소매,제주도민,40대,남,2018-01-01,1892,2760,220205444
제주도,서귀포시,도심,소매,제주도민,30대,여,2018-01-01,1345,1899,101986913
제주도,서귀포시,도심,소매,제주도민,30대,남,2018-01-01,1064,1495,84771554
제주도,서귀포시,도심,소매,제주도민,20대미만,여,2018-01-01,39,53,729940
제주도,서귀포시,도심,소매,제주도민,20대미만,남,2018-01-01,31,37,728300
제주도,서귀포시,도심,소매,제주도민,20대,여,2018-01-01,613,828,34702379
제주도,서귀포시,도심,소매,제주도민,20대,남,2018-01-01,477,612,28383591
제주도,서귀포시,도심,소매,내국인관광객,60대이상,여,2018-01-01,718,915,105745501
제주도,서귀포시,도심,소매,내국인관광객,60대이상,남,2018-01-01,874,1158,105795750
제주도,서귀포시,도심,소매,내국인관광객,50대,여,2018-01-01,1617,2101,145322780
제주도,서귀포시,도심,소매,내국인관광객,50대,남,2018-01-01,2004,2542,164670740
제주도,서귀포시,도심,소매,내국인관광객,40대,여,2018-01-01,2276,2902,124947257
제주도,서귀포시,도심,소매,내국인관광객,40대,남,2018-01-01,2460,3173,139937642
제주도,서귀포시,도심,소매,내국인관광객,30대,여,2018-01-01,2337,3065,106491070
제주도,서귀포시,도심,소매,내국인관광객,30대,남,2018-01-01,2067,2740,97933772
제주도,서귀포시,도심,소매,내국인관광객,20대미만,여,2018-01-01,58,72,1460620
제주도,서귀포시,도심,소매,내국인관광객,20대미만,남,2018-01-01,45,50,1184600
제주도,서귀포시,도심,소매,내국인관광객,20대,여,2018-01-01,2477,3262,76630342
제주도,서귀포시,도심,소매,내국인관광객,20대,남,2018-01-01,1517,1931,51805640
제주도,서귀포시,도심,문화/레져,제주도민,60대이상,여,2018-01-01,200,244,10257706
제주도,서귀포시,도심,문화/레져,제주도민,60대이상,남,2018-01-01,489,730,39257760
제주도,서귀포시,도심,문화/레져,제주도민,50대,여,2018-01-01,555,745,31605926
제주도,서귀포시,도심,문화/레져,제주도민,50대,남,2018-01-01,1041,1458,79159650
제주도,서귀포시,도심,문화/레져,제주도민,40대,여,2018-01-01,1157,1532,47959247
제주도,서귀포시,도심,문화/레져,제주도민,40대,남,2018-01-01,1131,1494,60027585
제주도,서귀포시,도심,문화/레져,제주도민,30대,여,2018-01-01,730,930,23766622
제주도,서귀포시,도심,문화/레져,제주도민,30대,남,2018-01-01,569,784,21768910
제주도,서귀포시,도심,문화/레져,제주도민,20대미만,여,2018-01-01,69,77,1079900
제주도,서귀포시,도심,문화/레져,제주도민,20대미만,남,2018-01-01,67,102,1193700
제주도,서귀포시,도심,문화/레져,제주도민,20대,여,2018-01-01,527,654,13550920
제주도,서귀포시,도심,문화/레져,제주도민,20대,남,2018-01-01,492,675,12479650
제주도,서귀포시,도심,문화/레져,내국인관광객,60대이상,여,2018-01-01,167,198,7670170
제주도,서귀포시,도심,문화/레져,내국인관광객,60대이상,남,2018-01-01,385,544,36872820
제주도,서귀포시,도심,문화/레져,내국인관광객,50대,여,2018-01-01,439,532,23239216
제주도,서귀포시,도심,문화/레져,내국인관광객,50대,남,2018-01-01,890,1101,63021890
제주도,서귀포시,도심,문화/레져,내국인관광객,40대,여,2018-01-01,773,925,32627145
제주도,서귀포시,도심,문화/레져,내국인관광객,40대,남,2018-01-01,982,1196,51023567
제주도,서귀포시,도심,문화/레져,내국인관광객,30대,여,2018-01-01,552,629,15420475
제주도,서귀포시,도심,문화/레져,내국인관광객,30대,남,2018-01-01,578,704,22374170
제주도,서귀포시,도심,문화/레져,내국인관광객,20대미만,여,2018-01-01,19,21,432600
제주도,서귀포시,도심,문화/레져,내국인관광객,20대미만,남,2018-01-01,36,56,659000
제주도,서귀포시,도심,문화/레져,내국인관광객,20대,여,2018-01-01,486,568,10478630
제주도,서귀포시,도심,문화/레져,내국인관광객,20대,남,2018-01-01,648,767,16466020
제주도,서귀포시,도심,교통,제주도민,60대이상,여,2018-01-01,1017,1511,106846916
제주도,서귀포시,도심,교통,제주도민,60대이상,남,2018-01-01,3249,5313,365114821
제주도,서귀포시,도심,교통,제주도민,50대,여,2018-01-01,1700,2603,160099468
제주도,서귀포시,도심,교통,제주도민,50대,남,2018-01-01,2956,4955,324180499
제주도,서귀포시,도심,교통,제주도민,40대,여,2018-01-01,1724,2558,135840830
제주도,서귀포시,도심,교통,제주도민,40대,남,2018-01-01,2965,4932,291784379
제주도,서귀포시,도심,교통,제주도민,30대,여,2018-01-01,1189,1682,74799176
제주도,서귀포시,도심,교통,제주도민,30대,남,2018-01-01,1750,2658,129029517
제주도,서귀포시,도심,교통,제주도민,20대미만,여,2018-01-01,4,4,163000
제주도,서귀포시,도심,교통,제주도민,20대미만,남,2018-01-01,4,4,130000
제주도,서귀포시,도심,교통,제주도민,20대,여,2018-01-01,317,419,17081729
제주도,서귀포시,도심,교통,제주도민,20대,남,2018-01-01,540,779,29162955
제주도,서귀포시,도심,교통,내국인관광객,60대이상,여,2018-01-01,245,286,15048310
제주도,서귀포시,도심,교통,내국인관광객,60대이상,남,2018-01-01,648,814,44488865
제주도,서귀포시,도심,교통,내국인관광객,50대,여,2018-01-01,742,841,41380803
제주도,서귀포시,도심,교통,내국인관광객,50대,남,2018-01-01,1414,1702,87551991
제주도,서귀포시,도심,교통,내국인관광객,40대,여,2018-01-01,1018,1145,48778900
제주도,서귀포시,도심,교통,내국인관광객,40대,남,2018-01-01,1838,2185,97005797
제주도,서귀포시,도심,교통,내국인관광객,30대,여,2018-01-01,960,1058,36417569
제주도,서귀포시,도심,교통,내국인관광객,30대,남,2018-01-01,1442,1691,70364681
제주도,서귀포시,도심,교통,내국인관광객,20대미만,여,2018-01-01,6,6,177975
제주도,서귀포시,도심,교통,내국인관광객,20대미만,남,2018-01-01,1,1,20000
제주도,서귀포시,도심,교통,내국인관광객,20대,여,2018-01-01,602,634,19857600
제주도,서귀포시,도심,교통,내국인관광객,20대,남,2018-01-01,692,756,29157095
